Row	control_banana1	control_banana10	control_banana2	control_banana3	control_banana4	control_banana5	control_banana6	control_banana7	control_banana8	control_banana9	control_bird1	control_bird10	control_bird2	control_bird3	control_bird4	control_bird5	control_bird6	control_bird7	control_bird8	control_bird9	control_building1	control_building10	control_building2	control_building3	control_building4	control_building5	control_building6	control_building7	control_building8	control_building9	control_bus1	control_bus10	control_bus2	control_bus3	control_bus4	control_bus5	control_bus6	control_bus7	control_bus8	control_bus9	control_cat1	control_cat10	control_cat2	control_cat3	control_cat4	control_cat5	control_cat6	control_cat7	control_cat8	control_cat9	control_firehydrant1	control_firehydrant10	control_firehydrant2	control_firehydrant3	control_firehydrant4	control_firehydrant5	control_firehydrant6	control_firehydrant7	control_firehydrant8	control_firehydrant9	control_person1	control_person10	control_person2	control_person3	control_person4	control_person5	control_person6	control_person7	control_person8	control_person9	control_tree1	control_tree10	control_tree2	control_tree3	control_tree4	control_tree5	control_tree6	control_tree7	control_tree8	control_tree9
control_banana1	1.11022302462516e-16	0.470918880969602	0.291808162970811	0.297183131506895	0.313489263802114	0.0639857725606866	0.184209347840172	0.379131031465297	0.548718631705342	0.241447133452793	0.404618546433638	0.347679348609353	0.209457207473441	0.339298767177695	0.598716082526615	0.287103046418593	0.567773190660469	0.390581544164394	0.475634572462365	0.386485755147352	0.431728733046447	0.46558269883073	0.420941688752404	0.409450960105658	0.277743320525168	0.286429299216364	0.345005135364872	0.397944582736725	0.385237784585621	0.409993916528595	0.298913661544794	0.38334614325648	0.194761292629431	0.278466758763864	0.259958535886891	0.174818691214122	0.221845074847383	0.221030848002536	0.330417095254482	0.240102737622579	0.229447807253125	0.348366148610949	0.227279012317804	0.302248222023835	0.270248598876865	0.229166241717056	0.245429274425232	0.265482770082437	0.183113944201045	0.303481425099968	0.361746012932067	0.29064458869917	0.400001885742195	0.266681676231453	0.420694899339312	0.423829472310188	0.273262955725133	0.410818789938809	0.405120969172178	0.268362445024187	0.33876152932176	0.449807285699279	0.6393705818376	0.372563285704296	0.450642887982303	0.411761869170408	0.476627725857738	0.307167820171757	0.333761851933441	0.406583063367784	0.589142018801753	0.74063572723337	0.337042901995947	0.299018946866812	0.326853724827966	0.532351863977256	0.371969626015026	0.525147556090661	0.35555477794766	0.259566991405314
control_banana10	0.470918880969602	0	0.0641131814319598	0.204120237503573	0.264486986315271	0.315789695366799	0.417843675348626	0.0624558372714126	0.274066819195865	0.690096744016756	0.184316729551661	0.588746244257282	0.502284011632303	0.245746410520305	0.376147761898479	0.645189975998964	0.527040211650662	0.542854647951741	0.385153463752408	0.211814812959164	0.50232851827134	0.331200406555778	0.363790645143838	0.392575216472154	0.406261132228022	0.334303948120958	0.301965437407227	0.380038257777258	0.40560016847403	0.368293553098657	0.362386773866078	0.29422554507324	0.364994959188303	0.325681504352673	0.349718425031876	0.442069850068803	0.404684994999076	0.376714611341618	0.338971986147208	0.235865492347935	0.245348159346609	0.30918473254109	0.447360368017855	0.3780974459966	0.388999313248295	0.377197673897668	0.303011381839818	0.311774617807015	0.48245239445036	0.194459156481933	0.288570667370486	0.364080776943563	0.357356017767805	0.287677480829864	0.30783169448213	0.27541654096342	0.285036081575341	0.23630806326945	0.287795756195929	0.305722351909725	0.365835653205062	0.325004205157664	0.300956962929314	0.509817077404254	0.41419378000338	0.417832273383749	0.443389208700128	0.321884591432648	0.380553224914114	0.450114891541522	0.553647819887882	0.667517753839233	0.298873612060616	0.293305418926049	0.38259028868345	0.353207329866172	0.43140004666021	0.461344273698855	0.476397106419339	0.323451031780239
control_banana2	0.291808162970811	0.0641131814319598	6.66133814775094e-16	0.153520539803647	0.196517474796187	0.176932372973699	0.272806744022432	0.0885275646648042	0.368011600055702	0.56825021847007	0.178430148145628	0.474630204852599	0.369108383749691	0.230564673117112	0.35535363359452	0.516979327830951	0.557340380973489	0.439409502929487	0.403085361489921	0.221984935827524	0.427532789374494	0.336968638507211	0.302776727010527	0.325067873473201	0.284362702465812	0.225469586537288	0.245443690219801	0.327591757778534	0.351008279624267	0.321603620467244	0.269040617686934	0.244023664239716	0.197493539375672	0.221683978380924	0.228324594017117	0.274872315436149	0.302960411283605	0.261710040598548	0.255725731119521	0.138647763300497	0.177736215204761	0.304398480106653	0.335298542408497	0.332374484457035	0.30891168307971	0.273928081905847	0.232563710372919	0.234757387172486	0.388519293104946	0.159904167890784	0.270078878543793	0.271543206968014	0.329199350231079	0.219619857332864	0.280825723940134	0.237535869197007	0.223363166888866	0.222606729208293	0.242855164100967	0.231888787734659	0.310295571239495	0.304280749803744	0.288684793904182	0.480894156522094	0.383605778538991	0.446800231594934	0.424358729594967	0.270189191274628	0.310602758053045	0.432655559129762	0.548389974857812	0.69802968971304	0.242375092885567	0.204104143382061	0.342489682080363	0.344594241308083	0.381732060128958	0.455873584386202	0.439293102461932	0.229837244641389
control_banana3	0.297183131506895	0.204120237503573	0.153520539803647	0	0.33088163059366	0.203947817189325	0.171408039420165	0.158414100262797	0.371136309353643	0.540028904263161	0.261837572588484	0.513163997095951	0.3034322517822	0.133593433736804	0.470492386091227	0.523759715728405	0.353252472944095	0.478469914706846	0.230917597407584	0.231672415108741	0.466247916001118	0.390503132054155	0.338886900078699	0.315828498950152	0.383014574206478	0.217368256090447	0.2937745799641	0.384675490184272	0.362634891371332	0.34360903062871	0.268779237063938	0.235888213169421	0.185427788307401	0.269747628592144	0.205223171723516	0.27017556296827	0.200424159922977	0.261423198217562	0.279682394732814	0.173830701581856	0.220307229461301	0.230676366117709	0.376123791885443	0.340804137526766	0.328568635872636	0.32193117127057	0.266866535850146	0.27293405397683	0.295890785960281	0.176482266899886	0.230816878909573	0.290005226674325	0.312468539063254	0.21829927071473	0.288295636335322	0.295269651484077	0.224687836201506	0.293843353051228	0.286246960523871	0.218861178692961	0.303900761147462	0.33177664550312	0.435662795312082	0.403673489381153	0.435675725011301	0.274191909544867	0.359314906787484	0.21218813659677	0.305244550112707	0.288106723908775	0.438023144653427	0.590409660112282	0.253903045245327	0.289416063920393	0.295876223099516	0.377851907267874	0.31888122610523	0.376112915431422	0.335638035031144	0.218148779344932
control_banana4	0.313489263802114	0.264486986315271	0.196517474796187	0.33088163059366	0	0.256490661264469	0.416018125883222	0.201432217108073	0.430882304279266	0.391348644071633	0.22903969559942	0.343859408048067	0.440700813899499	0.271471605220022	0.432245238081308	0.385576767193489	0.600852135631324	0.369225268548924	0.44836322848471	0.302144348362138	0.292645559132319	0.302342546844206	0.27878654330693	0.29105389662863	0.247140287376152	0.32581502137838	0.163399529072696	0.234355642774882	0.242550034340369	0.284465649468441	0.316448806958128	0.341474946949505	0.261843645328025	0.205042610579623	0.357238683259265	0.313623988073706	0.357869288674626	0.2821065780797	0.285387203713267	0.229538918163715	0.137956055626513	0.298846739443866	0.276562689345612	0.295380322342909	0.191464056432895	0.233791552961838	0.211474352315844	0.229785643895142	0.397981899991018	0.258331757628135	0.307077616345315	0.298075547180925	0.380451215630397	0.176713066740139	0.294633028647938	0.343169229463181	0.279009024298923	0.340678786214001	0.302874440285228	0.297988811977752	0.374056433297037	0.320627648137721	0.418615294498095	0.397094431432118	0.446617705117374	0.511268039530784	0.46003623877008	0.25210366112238	0.34108753066843	0.481817261980189	0.695708561021863	0.874907535700095	0.273221530144987	0.112395927639015	0.357267798049901	0.411642639658601	0.408899853338088	0.579425805183972	0.428715768013931	0.268714911658205
control_banana5	0.0639857725606866	0.315789695366799	0.176932372973699	0.203947817189325	0.256490661264469	5.55111512312578e-16	0.115745368381623	0.261658938954741	0.434145927982524	0.258908923074973	0.253930007580791	0.301980418150428	0.174340080983224	0.256605982791422	0.425963982492113	0.262257621547943	0.473652025700094	0.312809606002455	0.373492170464343	0.262505126241747	0.354486537799025	0.360533620682317	0.316763347523102	0.315153666822326	0.204691509986751	0.210706936413142	0.266670063322542	0.308662224653906	0.30057473457388	0.318011303963865	0.210160512697416	0.256525240882331	0.166792922593802	0.189188848293183	0.178143197909051	0.149306949971318	0.174461829650356	0.140961614927955	0.244302023146291	0.171282356590448	0.148494696730709	0.245867466008311	0.156512804300945	0.207669216770755	0.186322539084002	0.153600295437087	0.143531104253084	0.173529670641571	0.159272174628903	0.212275730083518	0.248685980154711	0.153109641772009	0.274256398157607	0.170831601263217	0.276377580276724	0.251564450861753	0.168087461753049	0.245252752419825	0.233545384574978	0.158491294861768	0.243083010423287	0.296576195910632	0.45484128749495	0.307598135037749	0.3082938476477	0.34368109888062	0.333902907742289	0.199955686874768	0.217913711937399	0.308617509473423	0.444239759173868	0.58929571595912	0.203517822147334	0.218074407987708	0.21710396195159	0.364314080648646	0.262673017883542	0.373658072935273	0.2687733231592	0.147792750042089
control_banana6	0.184209347840172	0.417843675348626	0.272806744022432	0.171408039420165	0.416018125883222	0.115745368381623	6.66133814775094e-16	0.360134311128224	0.474688521302886	0.400041499730934	0.308933939722633	0.428274448082987	0.14704083740427	0.249989520400723	0.416411810019421	0.388336746742026	0.357979091480253	0.378274587198685	0.272859725917037	0.279179673726168	0.453125619771562	0.437141205936576	0.353116114553386	0.336892196308065	0.288355882926463	0.197465162331624	0.353154313563744	0.409876728930256	0.354240005062536	0.382453405079995	0.21412758088707	0.192502815974741	0.146375504613862	0.219278001742929	0.126402367547546	0.207132614211985	0.176616387859207	0.182637274084894	0.222617206683217	0.243423520424728	0.236497499315781	0.27673040340488	0.269857721361381	0.302331061927307	0.277204519937558	0.257788017360364	0.238447033319148	0.261859290074761	0.219881048846042	0.210944489615826	0.264372041917302	0.172630253038733	0.25549303198863	0.191706189234854	0.257889483744213	0.220262376513293	0.178459980543452	0.250067712489818	0.230171003607468	0.15961763895457	0.254526345439492	0.292354849104183	0.413190059731912	0.390477458336836	0.330409633845106	0.306741019835082	0.286803528240304	0.212037837836987	0.229085916986607	0.270162195163396	0.345019890873523	0.475174759955929	0.223800955619023	0.316812683405235	0.249586032330997	0.364279816914729	0.253428427148718	0.308653098721879	0.290659844332504	0.158513083864575
control_banana7	0.379131031465297	0.0624558372714126	0.0885275646648042	0.158414100262797	0.201432217108073	0.261658938954741	0.360134311128224	6.66133814775094e-16	0.215218110019121	0.555174594637969	0.153742277031415	0.4866214571829	0.433090035715685	0.145816079982489	0.385386646602699	0.552075668189889	0.44052095587902	0.486732336042359	0.282768668841383	0.174693886326592	0.379451552766067	0.256348154153385	0.314982602120778	0.294803185292326	0.33964341697243	0.261877115591994	0.229068682679327	0.279025005833485	0.327213427452032	0.294925354942294	0.303421624875816	0.253438429825914	0.299677906278752	0.254439917121152	0.300322457746714	0.346295029895577	0.318958693668167	0.305141660948637	0.282914459640498	0.189317650140577	0.140732721708555	0.209243727423473	0.380022862854498	0.2866316158626	0.31205251454715	0.299496933770454	0.227968375536124	0.237135660556145	0.381439992414511	0.118493707810434	0.198988568461384	0.301303526711853	0.302867213331097	0.219529197490668	0.265691184383144	0.26244464910253	0.220390268665452	0.223725399738434	0.261154332001902	0.240641053814565	0.302828634634569	0.2660180760444	0.311581230789727	0.397329237429816	0.382519382306305	0.299153627234935	0.364810036606932	0.229582184885762	0.299800278388803	0.344593921778551	0.523428754949064	0.660095470692662	0.248321202359669	0.239985572781673	0.308507646655636	0.318961203469185	0.372871179267703	0.426448257693863	0.387929355285522	0.257949800848043
control_banana8	0.548718631705342	0.274066819195865	0.368011600055702	0.371136309353643	0.430882304279266	0.434145927982524	0.474688521302886	0.215218110019121	0	0.487361183814492	0.183779310568755	0.422181170209745	0.361665845758069	0.199958371722419	0.333280676667943	0.469232067181325	0.255701652462517	0.408058700735639	0.174585335638195	0.169239668922092	0.333569225144499	0.198830062781627	0.37881389137994	0.290578892550926	0.344313005009821	0.273155428147538	0.256279501939216	0.238012974217605	0.281503194579344	0.230437959257012	0.306922683242957	0.246627128673121	0.46726686786056	0.285331547395178	0.345386962832098	0.39330228804745	0.282918405793226	0.290989561095061	0.291448786944125	0.31141078130828	0.224858844236404	0.171941993723433	0.350165298040359	0.204272485642651	0.312698390768815	0.277443180772768	0.240341148951849	0.239078543245545	0.294655496551328	0.172655221379949	0.137478599070262	0.296609965408021	0.195766586129185	0.269900214111977	0.214185816487579	0.289112742425219	0.207655783904327	0.193973179326249	0.260729314095871	0.239827728254534	0.191149623568673	0.199845637276655	0.358711557956762	0.228999247883275	0.241777120840666	0.162456700755869	0.213709260989933	0.220947507207783	0.21971801983234	0.17613488523998	0.349941067820788	0.396136650898469	0.262172269434238	0.37823282868683	0.220532442582463	0.271361776965236	0.274082963292061	0.268790106901273	0.23652693889453	0.273742946442448
control_banana9	0.241447133452793	0.690096744016756	0.56825021847007	0.540028904263161	0.391348644071633	0.258908923074973	0.400041499730934	0.555174594637969	0.487361183814492	0	0.380418706481301	0.102760545726571	0.244242567750015	0.40805882665989	0.48696510452483	0.0879100166586585	0.445979388781864	0.166289329205346	0.411635570790748	0.38404082601662	0.255436709807308	0.335081167766664	0.438232164724652	0.349615297042564	0.22998740478464	0.323787216954714	0.28410065591349	0.255164683850326	0.267155784768894	0.290260321293186	0.303294941855723	0.424055650237244	0.430407029979667	0.290899644001724	0.353053910423661	0.247228905446756	0.243703746201536	0.214648124840885	0.350547980268753	0.390125106371966	0.247676975955454	0.287646655966976	0.122882633566199	0.148530849673579	0.173890263368184	0.153156791901944	0.173018302216666	0.197598037993463	0.141308021568994	0.401147107563982	0.312920903349479	0.221976586211422	0.306924720481636	0.286557276382414	0.351822372387077	0.454575581141429	0.278182162263469	0.382304715736729	0.369246923295449	0.272529025528215	0.229041637754511	0.337237108145209	0.618132377420193	0.178938803359146	0.259650968673147	0.362021329843425	0.328896713225044	0.238679343988541	0.222275938097799	0.27432771148457	0.477890859741348	0.566505964147273	0.311240722939267	0.344616155229572	0.228387737732609	0.436222674264148	0.268896453495706	0.397934796503642	0.216740257777942	0.249140201103944
control_bird1	0.404618546433638	0.184316729551661	0.178430148145628	0.261837572588484	0.22903969559942	0.253930007580791	0.308933939722633	0.153742277031415	0.183779310568755	0.380418706481301	0	0.245486858502978	0.290029336676496	0.185794195601418	0.106654585145301	0.338844956016568	0.332684270582696	0.192175264576993	0.191908041229856	0.076947940184027	0.199514114174597	0.112489006512096	0.16325172851927	0.143005391864928	0.148426356849885	0.13142865970998	0.115557782131114	0.108643555651406	0.170810551846372	0.114202081739404	0.14735616722274	0.10859069696532	0.291817404053022	0.105798287383346	0.184759069172808	0.239702558729522	0.193453589265872	0.144181830208102	0.16473529196348	0.13565358274453	0.108224783867789	0.116243204376929	0.178392775475334	0.119896047612606	0.132242271807943	0.153693178361098	0.0861104137179939	0.0735791583290655	0.2719772782492	0.0939153768288001	0.0824657665942969	0.11301404533683	0.0784227435135411	0.096515227943651	0.0685763245083636	0.091620887119873	0.0712833265930614	0.0465464542043011	0.0664528601611643	0.105437569968161	0.109124569445406	0.060723636203081	0.122015963461931	0.216657555431916	0.120835009773157	0.237017349359913	0.142244247500024	0.0883012591620599	0.104468114175254	0.175008339854573	0.259573320226796	0.344971302271216	0.0624854905271214	0.135847531615429	0.109332454156931	0.086445265804126	0.147862790103782	0.160599297264125	0.194825278484983	0.0971393589378884
control_bird10	0.347679348609353	0.588746244257282	0.474630204852599	0.513163997095951	0.343859408048067	0.301980418150428	0.428274448082987	0.4866214571829	0.422181170209745	0.102760545726571	0.245486858502978	0	0.267156577285661	0.38087870858212	0.277470652454912	0.134431443302529	0.475339534836789	0.0549701917915412	0.385555699828026	0.350541022775816	0.133673064788983	0.233878306089439	0.365398638289469	0.229434473410299	0.1277041643126	0.23948574009509	0.209949486561047	0.134253352243367	0.222231943706476	0.204800029568915	0.254125888277506	0.344251549145501	0.428380277570652	0.214795708375544	0.304677140417607	0.224623455058212	0.232113986662029	0.16700040256168	0.32539101326282	0.303722388738059	0.226770000300519	0.281313134733297	0.109835490831881	0.104515572894323	0.146608176864371	0.0859847949466076	0.13017141172117	0.100500639135643	0.167565398755733	0.344023650804019	0.217201738055358	0.167216200836206	0.215698911029153	0.237203629709168	0.25260897062945	0.338979114518818	0.208466133569453	0.26430916245294	0.256116817574731	0.234761631541036	0.160814080335549	0.208783264600428	0.386677919504159	0.173731597131597	0.159390959634277	0.392370203318177	0.230003361656404	0.19273876599321	0.134290695590142	0.243272012240468	0.442201351916612	0.513130500075041	0.236115541231516	0.275407720872398	0.212784330300537	0.301482381700504	0.246404168669189	0.330810764879644	0.23261429334774	0.197709952945004
control_bird2	0.209457207473441	0.502284011632303	0.369108383749691	0.3034322517822	0.440700813899499	0.174340080983224	0.14704083740427	0.433090035715685	0.361665845758069	0.244242567750015	0.290029336676496	0.267156577285661	5.55111512312578e-16	0.251449849215569	0.370610546949743	0.208878564524531	0.246136095628681	0.222516948665676	0.244189583504513	0.270238521419124	0.31123267429684	0.381342641513176	0.33526211415035	0.260962117467998	0.159205713004115	0.112771793740656	0.245221965011785	0.293450250674204	0.262159966947266	0.244269026827601	0.138423814237793	0.177691796234726	0.168541796756513	0.150310845292123	0.0955052351763609	0.0804829368177268	0.088464769715124	0.103961213347258	0.194392468995344	0.217023241212101	0.213896481585913	0.241367785374761	0.141087507189825	0.174044577495037	0.186640536348501	0.115553989614611	0.15474902722142	0.167380787217206	0.0694008884263051	0.22318539444755	0.172950394727637	0.125644520384342	0.183689691986229	0.165272426825484	0.207885950378796	0.274332342747183	0.159964790998763	0.23209296459262	0.219705817971956	0.119607568513453	0.119432227265843	0.247049658030092	0.460089665080663	0.255521324976949	0.221598348027831	0.25364130487939	0.192825125351723	0.171269194805204	0.128562234676246	0.173734296479696	0.288215717519716	0.396100381988384	0.190536218056826	0.285107846184805	0.165032309856852	0.326129843602885	0.147194194434734	0.24149400474116	0.151561929285754	0.110757725096534
control_bird3	0.339298767177695	0.245746410520305	0.230564673117112	0.133593433736804	0.271471605220022	0.256605982791422	0.249989520400723	0.145816079982489	0.199958371722419	0.40805882665989	0.185794195601418	0.38087870858212	0.251449849215569	0	0.384365172764139	0.395216259565685	0.251241780486763	0.353707103096896	0.103930151153152	0.172505813924093	0.369075754539152	0.30068187730172	0.314993363874804	0.276266094002073	0.292236516103669	0.192556451926752	0.180406956775972	0.264333530161427	0.254713926231481	0.240324457458827	0.242154459369122	0.211558135375015	0.234895390794379	0.222470501588875	0.221331609867277	0.261224887313013	0.190543287342781	0.240466297113243	0.220199774287782	0.20969901883217	0.124329825878718	0.130824531243635	0.2970412995062	0.245493789462921	0.220106427931433	0.208466107233021	0.175142671852477	0.174103947559017	0.219990663023219	0.094649110458671	0.147794134346382	0.226406099141405	0.245261755162351	0.17686809266609	0.219446861358868	0.281418250514034	0.181267970063772	0.243056591830796	0.227401108701761	0.189009027229373	0.1901646662159	0.239388949501004	0.389019179051177	0.284740127397712	0.316745020529936	0.17997614199402	0.220522311047642	0.118392538072411	0.175842224924628	0.164667670841378	0.385898803161076	0.534562475415586	0.18575792726617	0.204212332344843	0.199131100235532	0.29627042939471	0.229170937520219	0.302898958639906	0.228168733582891	0.165108432538974
control_bird4	0.598716082526615	0.376147761898479	0.35535363359452	0.470492386091227	0.432245238081308	0.425963982492113	0.416411810019421	0.385386646602699	0.333280676667943	0.48696510452483	0.106654585145301	0.277470652454912	0.370610546949743	0.384365172764139	0	0.422953090722917	0.403997594709404	0.176315334464414	0.335987503965189	0.18455027765608	0.253089454465959	0.222785317262062	0.255965284514533	0.215531132121378	0.190831848690848	0.218114857882286	0.259725782765413	0.197170764500147	0.296396326866766	0.20897981255012	0.22156105125564	0.173417960981293	0.445578609041616	0.208591965852175	0.254476198991032	0.345640890922334	0.32085233712453	0.244648477269291	0.289171057032841	0.27087482346267	0.275880581772585	0.271827361345179	0.288417310141717	0.226140672666373	0.246454553141979	0.257519920228507	0.209324761257512	0.172919242870738	0.406166415944634	0.223835703016588	0.18151020869925	0.169545423722643	0.118631436792815	0.222459656628918	0.128388423914906	0.124055998589856	0.150279449376549	0.0852149987992902	0.0903548833658533	0.201432576318536	0.16196737605633	0.0952609687122544	0.0711713945990192	0.341569171462562	0.104890939289339	0.37071983798207	0.15146201974078	0.195229276223129	0.162624794720995	0.278381752776391	0.259745383110161	0.278738441800941	0.140104946946001	0.263642542186769	0.202541624209299	0.0966665260116325	0.217392407685919	0.171356860150676	0.305544127092088	0.185082086931458
control_bird5	0.287103046418593	0.645189975998964	0.516979327830951	0.523759715728405	0.385576767193489	0.262257621547943	0.388336746742026	0.552075668189889	0.469232067181325	0.0879100166586585	0.338844956016568	0.134431443302529	0.208878564524531	0.395216259565685	0.422953090722917	0	0.467655146657321	0.143110762495375	0.390457930913791	0.359755211591196	0.262102473171681	0.352865745459368	0.347939962926716	0.288156756910099	0.195013374040016	0.287675291302765	0.242217281505155	0.254923283392668	0.237773868630016	0.260417756385088	0.230160120252632	0.354886509120172	0.351470683548516	0.222335586890097	0.293910011283633	0.182824648163558	0.20396828136708	0.172447209786208	0.320307032599178	0.326148252612058	0.284826573464142	0.263352046207583	0.0650899617898242	0.155835591616067	0.126354640759765	0.144501803227228	0.135093682766684	0.176182698263668	0.163264184866671	0.384015208121615	0.290905251611065	0.178253239677069	0.284574648232204	0.240675692933134	0.303385231863689	0.393843602200738	0.246658902639353	0.339722899166465	0.305012570286436	0.247676589072234	0.203577654367376	0.312476900001619	0.570970419682073	0.15442973550208	0.263419377982333	0.412383439805635	0.312103031074285	0.206301642116751	0.184305958051775	0.264134301275157	0.379398346755943	0.479118377891656	0.222791707821298	0.250955311415975	0.175654707804756	0.330249733702938	0.169611426574788	0.318114448027827	0.137908770904364	0.191939023171622
control_bird6	0.567773190660469	0.527040211650662	0.557340380973489	0.353252472944095	0.600852135631324	0.473652025700094	0.357979091480253	0.44052095587902	0.255701652462517	0.445979388781864	0.332684270582696	0.475339534836789	0.246136095628681	0.251241780486763	0.403997594709404	0.467655146657321	7.7715611723761e-16	0.406715197167374	0.121624835181074	0.226069311543775	0.377967747546403	0.369998538131852	0.431035339993571	0.324530058811211	0.404954756192314	0.245035852161298	0.334945173838256	0.345388016973953	0.329436415846734	0.296135638934737	0.326396301063654	0.259409705482696	0.44522637748013	0.342250599045734	0.314304203710748	0.373055012238967	0.245558930147581	0.3055967303708	0.297128130121755	0.384875899115589	0.302839811111569	0.177059263309964	0.397477937843519	0.269385910620156	0.332528225817943	0.351248408746323	0.310281246585968	0.335491234446429	0.267767643850222	0.257763026127673	0.159669425026556	0.281987702300088	0.196265300022131	0.264169584767829	0.205417356304489	0.376349775016722	0.278939513587578	0.283465626887504	0.299739922932264	0.204210718050637	0.230009753651112	0.260147880113875	0.497046556878111	0.264867813226388	0.268348729782481	0.127829391674374	0.181742329438121	0.204985562023066	0.280994504513013	0.146418700511303	0.23869914514996	0.307857628622755	0.291809771131125	0.466348610968246	0.216317003228207	0.351585003935523	0.222067009390347	0.21548478600819	0.184470338114983	0.263111249183569
control_bird7	0.390581544164394	0.542854647951741	0.439409502929487	0.478469914706846	0.369225268548924	0.312809606002455	0.378274587198685	0.486732336042359	0.408058700735639	0.166289329205346	0.192175264576993	0.0549701917915412	0.222516948665676	0.353707103096896	0.176315334464414	0.143110762495375	0.406715197167374	0	0.323267266787743	0.283670262159051	0.186886381274237	0.264878980998953	0.271104094761233	0.225148229323035	0.13060690368846	0.203639939544362	0.207899739735399	0.164668988249611	0.21873619189262	0.184104967557998	0.184765414906374	0.254992872788904	0.38629019929941	0.177528135784689	0.232902314388123	0.199637915829452	0.198936714206219	0.147708559507271	0.273680764428332	0.264596580252843	0.234653672136675	0.25296758121057	0.096556652041849	0.122359183609716	0.12220111310917	0.0982885994793512	0.110763507270128	0.092600334430409	0.192880764956953	0.297458884887491	0.196175536710245	0.125691503778094	0.159698460642498	0.198962554319159	0.192920900073979	0.2740154854583	0.168236979952956	0.196434950693238	0.180644594486166	0.189910436638647	0.106622892498079	0.174608115357964	0.313321206122852	0.205068968584676	0.116326077454723	0.376958406035942	0.169341671202659	0.150211668520184	0.107373185608097	0.210024717089079	0.306096802790737	0.375733166912902	0.15702220395236	0.219362019869635	0.148180349428705	0.208353282100739	0.153065880420297	0.216999860819959	0.182320660744556	0.140803811515733
control_bird8	0.475634572462365	0.385153463752408	0.403085361489921	0.230917597407584	0.44836322848471	0.373492170464343	0.272859725917037	0.282768668841383	0.174585335638195	0.411635570790748	0.191908041229856	0.385555699828026	0.244189583504513	0.103930151153152	0.335987503965189	0.390457930913791	0.121624835181074	0.323267266787743	0	0.144498189119947	0.345177242917811	0.263381921970729	0.291565087998126	0.233859010835443	0.313249374542933	0.175497084748462	0.210466733641371	0.258259723086684	0.214594940326981	0.213598143534658	0.22393790606534	0.178814138110006	0.326828438312759	0.242427489709213	0.221376631914701	0.314479656899228	0.168432251449243	0.227508719992267	0.201245274434958	0.268442213181902	0.215498380190522	0.0943959359223788	0.292006101066663	0.208673281633339	0.223181072430581	0.269875479383274	0.19192022204042	0.206476068632245	0.224985699365346	0.151979304256764	0.117518417638791	0.209700480176393	0.143460125573004	0.173772691886608	0.14271195729897	0.250199622943505	0.177517639629168	0.197668064709056	0.197882651079209	0.154991864284614	0.15299925007104	0.180220784037902	0.359471401948259	0.208464041452798	0.236545246159827	0.10894992896108	0.151313138021939	0.115306486223932	0.165737463766739	0.0602978542031543	0.190048661524895	0.301420356616297	0.161114161671704	0.300833116130748	0.142994483726308	0.212819678152576	0.138579222152406	0.148970478789467	0.129801083514737	0.161459721967912
control_bird9	0.386485755147352	0.211814812959164	0.221984935827524	0.231672415108741	0.302144348362138	0.262505126241747	0.279179673726168	0.174693886326592	0.169239668922092	0.38404082601662	0.076947940184027	0.350541022775816	0.270238521419124	0.172505813924093	0.18455027765608	0.359755211591196	0.226069311543775	0.283670262159051	0.144498189119947	1.11022302462516e-16	0.282395129943769	0.14578996407829	0.211780726752573	0.180297987889818	0.223125137953398	0.133582495867557	0.129168168127774	0.169095453480192	0.159977316549222	0.127395533580991	0.147712657355918	0.09290236145947	0.254811029639646	0.147362059781676	0.169977551569905	0.253939673723669	0.165552833994118	0.160769454477438	0.136320485951383	0.14616685910178	0.129400645323764	0.0782082303910965	0.234082788016607	0.155014237464863	0.166914380740841	0.234070925086302	0.120783080322286	0.147166663114182	0.264454994208621	0.0743939379549503	0.0926574262049485	0.151036157518177	0.0821276338762071	0.114725350531671	0.0808513425498975	0.125401782542332	0.0763192313430296	0.0707575296045584	0.0950241505209656	0.0949276182941612	0.116427597416809	0.0902309390551246	0.206882682427754	0.18985698954844	0.143437166228764	0.137746668604015	0.163388712018375	0.0821206681395419	0.160605073388744	0.141000091446467	0.219934324255992	0.307779033974245	0.0789865631133676	0.177137472377114	0.0952521229459052	0.124009477801488	0.129473779088434	0.146245447074703	0.156202511739871	0.118240773003326
control_building1	0.431728733046447	0.50232851827134	0.427532789374494	0.466247916001118	0.292645559132319	0.354486537799025	0.453125619771562	0.379451552766067	0.333569225144499	0.255436709807308	0.199514114174597	0.133673064788983	0.31123267429684	0.369075754539152	0.253089454465959	0.262102473171681	0.377967747546403	0.186886381274237	0.345177242917811	0.282395129943769	0	0.141085201447084	0.264045765763826	0.0918562858644723	0.119903818795988	0.183861815697884	0.133841709069733	0.0493850264796215	0.142220222090153	0.133155850162714	0.21549753390009	0.267206830448864	0.386121363116268	0.138798390299959	0.28525728245253	0.222977192312886	0.233514558109026	0.139713349195505	0.240964393606657	0.270235006565095	0.178947681787543	0.238543577321131	0.179106682582324	0.104947780110333	0.171870928222314	0.148423309442299	0.151115309547815	0.131664609951917	0.259496367525213	0.296929141530326	0.138374075920854	0.165093666651171	0.158635950695178	0.166146603006708	0.158626797171014	0.254187037066244	0.181778101841522	0.215068946646827	0.210588260875246	0.163987789241523	0.197846694879088	0.14234483045154	0.315198330642869	0.168323440925761	0.198380708615183	0.358965565931439	0.238395399824696	0.187690537771738	0.171645839992498	0.261891884618291	0.416743026049775	0.502860361416455	0.215797922843922	0.274468063341436	0.213474131851244	0.248359835188875	0.257241458409225	0.318897157847792	0.239279792960676	0.181730160985622
control_building10	0.46558269883073	0.331200406555778	0.336968638507211	0.390503132054155	0.302342546844206	0.360533620682317	0.437141205936576	0.256348154153385	0.198830062781627	0.335081167766664	0.112489006512096	0.233878306089439	0.381342641513176	0.30068187730172	0.222785317262062	0.352865745459368	0.369998538131852	0.264878980998953	0.263381921970729	0.14578996407829	0.141085201447084	0	0.287395813905554	0.155504302556091	0.210384058620209	0.195741411128937	0.12755861729522	0.0721386165920007	0.144672511617958	0.122725359849997	0.237177363447588	0.200233440604197	0.409476268360666	0.16901473925187	0.291552801742405	0.322582022836976	0.252414451991449	0.1831943034887	0.196656751083164	0.266818724267569	0.156946168047508	0.169951596212493	0.227414874253867	0.124386469415759	0.220353320269442	0.223409651426234	0.153907907514411	0.140657643272237	0.304665638482725	0.180051820531268	0.132074306973157	0.195814567913852	0.128593065405004	0.193476830286833	0.134392106669471	0.177841040465067	0.128415380413358	0.131973965292369	0.185355798951829	0.170813139180583	0.173888676362274	0.0788007598354538	0.213458640377167	0.157918829704043	0.154782116777898	0.233642750874113	0.209351760350403	0.165258197478743	0.169034064549925	0.20085621824423	0.350732832123928	0.402429109819318	0.182363384511852	0.285465021297623	0.177699823045038	0.190069991463488	0.244046240751474	0.247602532890405	0.237969589370339	0.198344426354491
control_building2	0.420941688752404	0.363790645143838	0.302776727010527	0.338886900078699	0.27878654330693	0.316763347523102	0.353116114553386	0.314982602120778	0.37881389137994	0.438232164724652	0.16325172851927	0.365398638289469	0.33526211415035	0.314993363874804	0.255965284514533	0.347939962926716	0.431035339993571	0.271104094761233	0.291565087998126	0.211780726752573	0.264045765763826	0.287395813905554	0	0.167063273741222	0.248452427359312	0.209513457246852	0.179518623241613	0.215724475055646	0.199051898119802	0.165694053026121	0.16855317461033	0.213369179946737	0.27265867391328	0.150372310216747	0.241867683247821	0.232243112879326	0.230115888972606	0.197341798359547	0.223939233109472	0.177229599320596	0.232187474486977	0.214100593627085	0.217760848896022	0.226283862829026	0.185807563655534	0.260894300347097	0.176167515113044	0.195250241385473	0.354934016674142	0.259636035701842	0.219601664978127	0.208590398530669	0.184281127521822	0.140008753854161	0.155778595329486	0.221640147150852	0.190338952711994	0.216724892833772	0.186628450095517	0.174836992694481	0.218447577017571	0.228073652409517	0.320767927487506	0.311277420609019	0.310574342241698	0.391140552568169	0.303180013720337	0.182487301383385	0.236219894731797	0.285484292834017	0.283837426518056	0.412744928107895	0.126911750879004	0.163664641651035	0.168763809834958	0.16704295610875	0.168017020809276	0.238445259025759	0.229619135644594	0.150610766819963
control_building3	0.409450960105658	0.392575216472154	0.325067873473201	0.315828498950152	0.29105389662863	0.315153666822326	0.336892196308065	0.294803185292326	0.290578892550926	0.349615297042564	0.143005391864928	0.229434473410299	0.260962117467998	0.276266094002073	0.215531132121378	0.288156756910099	0.324530058811211	0.225148229323035	0.233859010835443	0.180297987889818	0.0918562858644723	0.155504302556091	0.167063273741222	1.11022302462516e-16	0.135167968104163	0.106451938712088	0.105931631306606	0.0934827663779474	0.131684867503571	0.108377774716647	0.105560339637567	0.137982534801461	0.240153749871055	0.0775410411001363	0.1671033703132	0.180754094424844	0.148444307772215	0.102738876667298	0.170096669366926	0.155738455064105	0.174668784953607	0.163775608946026	0.182604515595525	0.125792310594255	0.154847577994635	0.175529821106674	0.133178871261945	0.123404176102408	0.247210422784351	0.204576793812731	0.0916824428321518	0.137815417510613	0.102440656721737	0.0941634437796164	0.0957750418119989	0.168090951352464	0.112062264548124	0.149255617618438	0.140299509597138	0.09981506349424	0.159152809852788	0.108972142674955	0.253189689788368	0.176615347864756	0.216321772249419	0.285576667348722	0.18962478187841	0.124149323997112	0.146902864419445	0.206398171025844	0.297890555289725	0.406637219403855	0.124101594793308	0.192234925462144	0.16024739322847	0.148019246963361	0.158940972686296	0.226026654653794	0.177552002873045	0.122262211147271
control_building4	0.277743320525168	0.406261132228022	0.284362702465812	0.383014574206478	0.247140287376152	0.204691509986751	0.288355882926463	0.33964341697243	0.344313005009821	0.22998740478464	0.148426356849885	0.1277041643126	0.159205713004115	0.292236516103669	0.190831848690848	0.195013374040016	0.404954756192314	0.13060690368846	0.313249374542933	0.223125137953398	0.119903818795988	0.210384058620209	0.248452427359312	0.135167968104163	9.99200722162641e-16	0.101669449671107	0.117805247508211	0.105014306487007	0.15662445015242	0.15295228793759	0.127507333283244	0.176471728699429	0.224169284523573	0.0831132944647226	0.13779324285357	0.118715538238895	0.156448326525529	0.0777541617677783	0.183617375659786	0.161372423763941	0.14292782991976	0.232458263490207	0.107754044530618	0.108645867228943	0.0988324856231193	0.0749514013997196	0.0822094154729901	0.0713820157421517	0.171250549781782	0.208811102580185	0.138585017169193	0.0843267818073039	0.136312333774057	0.108509352554855	0.132869300821133	0.164777937788004	0.114557644838814	0.142211178523794	0.116817115349757	0.112621674267751	0.124162712363142	0.127252262339302	0.245932241342592	0.22408887994108	0.142945667572107	0.356854518371039	0.20084295017377	0.1460971362404	0.0987138701635559	0.235151080325616	0.37307621992242	0.477192927739152	0.129203947090467	0.161913263733222	0.173058218428486	0.20424248354089	0.188698823109502	0.274439083365511	0.213098884049946	0.0899257270604894
control_building5	0.286429299216364	0.334303948120958	0.225469586537288	0.217368256090447	0.32581502137838	0.210706936413142	0.197465162331624	0.261877115591994	0.273155428147538	0.323787216954714	0.13142865970998	0.23948574009509	0.112771793740656	0.192556451926752	0.218114857882286	0.287675291302765	0.245035852161298	0.203639939544362	0.175497084748462	0.133582495867557	0.183861815697884	0.195741411128937	0.209513457246852	0.106451938712088	0.101669449671107	0	0.109911468116723	0.130949328018273	0.145709650167816	0.102384742104684	0.102114318659128	0.100064794550568	0.144723929849189	0.0751449802303046	0.0770630102533234	0.0962213095138463	0.0833480636222	0.072991962225548	0.11338695679737	0.0881771612884029	0.13989894917418	0.159779095254903	0.159103975868491	0.124609176375893	0.162143818723174	0.131638343928725	0.108821959552877	0.101238374770914	0.154219675090989	0.11572117664069	0.0819708370264386	0.10799931258944	0.0839593666084545	0.0940346653493889	0.0904301599725301	0.164082187593181	0.0892446253232865	0.121705855175045	0.126015060152087	0.0619615631929831	0.0793063894558577	0.120104441132032	0.238844202730672	0.211833499074786	0.157386451849798	0.214488121199509	0.174359407919435	0.11115296024729	0.104537724244108	0.13504259275674	0.258690981056323	0.372235138524559	0.109006827495264	0.201431265871368	0.134393082728605	0.190423772309193	0.132778254161783	0.187374921180469	0.162561364280667	0.0716991779424131
control_building6	0.345005135364872	0.301965437407227	0.245443690219801	0.2937745799641	0.163399529072696	0.266670063322542	0.353154313563744	0.229068682679327	0.256279501939216	0.28410065591349	0.115557782131114	0.209949486561047	0.245221965011785	0.180406956775972	0.259725782765413	0.242217281505155	0.334945173838256	0.207899739735399	0.210466733641371	0.129168168127774	0.133841709069733	0.12755861729522	0.179518623241613	0.105931631306606	0.117805247508211	0.109911468116723	1.22124532708767e-15	0.0649817104945044	0.0608356899879224	0.0609523019795699	0.142566232504425	0.162178352644645	0.207126866541346	0.0820269442301638	0.187472189025478	0.174690269884331	0.158216563949478	0.112874714650272	0.102428419065375	0.15380288828223	0.0960043190662844	0.138788097582928	0.14439712780608	0.120680288581845	0.0949050308162699	0.132049846016727	0.0826830666547682	0.0909068921848336	0.225174763788414	0.153687699585791	0.118820253511167	0.146505157155627	0.143122416660123	0.0889873645452934	0.099686131657335	0.202648069577657	0.126640883802853	0.166161568269313	0.14695651354336	0.121691891297085	0.138860402656474	0.12492242308066	0.282041967235822	0.164656913540553	0.206182744907172	0.278958948782276	0.235649723532203	0.106307609924262	0.145306099797783	0.199255202902239	0.368863447496247	0.510514530000216	0.110794459826445	0.104312547678625	0.150415931029618	0.195933340877952	0.169135128723217	0.274243927471805	0.174308173166301	0.113928516886719
control_building7	0.397944582736725	0.380038257777258	0.327591757778534	0.384675490184272	0.234355642774882	0.308662224653906	0.409876728930256	0.279025005833485	0.238012974217605	0.255164683850326	0.108643555651406	0.134253352243367	0.293450250674204	0.264333530161427	0.197170764500147	0.254923283392668	0.345388016973953	0.164668988249611	0.258259723086684	0.169095453480192	0.0493850264796215	0.0721386165920007	0.215724475055646	0.0934827663779474	0.105014306487007	0.130949328018273	0.0649817104945044	0	0.0821407449413749	0.0660374420123608	0.187006645258186	0.196203038438929	0.336863193581324	0.107451353569942	0.246637913451474	0.205275054656333	0.185661525983236	0.116433606351559	0.178444298567402	0.188395035572705	0.118957990702133	0.160306414936224	0.153337873583912	0.0778714405054879	0.132674265064451	0.127761791743869	0.0950723214218303	0.0779258768580449	0.232752571868893	0.19527101783894	0.0942963490915425	0.14118865914577	0.107385538455374	0.127902650231903	0.100684791057499	0.196236479904791	0.117480174790435	0.141608132454758	0.150043704825662	0.131324496758534	0.134887484632028	0.0908361637421677	0.235395131705206	0.129564530869237	0.141647496383861	0.275026705418117	0.193532895905185	0.126623557891193	0.131997315713617	0.189762694710246	0.347869583974058	0.440154171968785	0.135717297633961	0.197643626363799	0.141128536151941	0.171492267100078	0.198777075333929	0.2469151820352	0.188549641154394	0.132472243370357
control_building8	0.385237784585621	0.40560016847403	0.351008279624267	0.362634891371332	0.242550034340369	0.30057473457388	0.354240005062536	0.327213427452032	0.281503194579344	0.267155784768894	0.170810551846372	0.222231943706476	0.262159966947266	0.254713926231481	0.296396326866766	0.237773868630016	0.329436415846734	0.21873619189262	0.214594940326981	0.159977316549222	0.142220222090153	0.144672511617958	0.199051898119802	0.131684867503571	0.15662445015242	0.145709650167816	0.0608356899879224	0.0821407449413749	5.55111512312578e-16	0.097235934722232	0.172443055520242	0.189389282199976	0.262062864145136	0.121637750755528	0.218604286990027	0.215238263070197	0.166550964741678	0.119598592903113	0.114906433510383	0.215474392071278	0.163465762692975	0.160258292995925	0.14779345638989	0.126103493602756	0.117117772865532	0.175717028806672	0.10883577049496	0.143278196651712	0.239574278880707	0.229965735550434	0.154445321568806	0.153112293276209	0.137110377526866	0.0997154810987785	0.0958345242115723	0.216455044769502	0.151749399136669	0.183936002975109	0.158848532377672	0.1235422589759	0.168609298777364	0.140658526911452	0.322561343364143	0.138215472239593	0.203786969978995	0.291467396883825	0.247558883323836	0.133686569790788	0.172081097438268	0.184933917906382	0.32206169870326	0.451206714061672	0.132888286241785	0.177889421349238	0.143984567589706	0.208621213287873	0.168941640374163	0.250262400841667	0.158463310801535	0.131278580566326
control_building9	0.409993916528595	0.368293553098657	0.321603620467244	0.34360903062871	0.284465649468441	0.318011303963865	0.382453405079995	0.294925354942294	0.230437959257012	0.290260321293186	0.114202081739404	0.204800029568915	0.244269026827601	0.240324457458827	0.20897981255012	0.260417756385088	0.296135638934737	0.184104967557998	0.213598143534658	0.127395533580991	0.133155850162714	0.122725359849997	0.165694053026121	0.108377774716647	0.15295228793759	0.102384742104684	0.0609523019795699	0.0660374420123608	0.097235934722232	1.33226762955019e-15	0.156195162764985	0.158116303077557	0.29130139378926	0.112129377240936	0.215285612465722	0.19275179217723	0.151693367776547	0.119539162613784	0.140602998435392	0.15429238328662	0.13967357886804	0.14647309755607	0.163160790186591	0.101235807950053	0.139816029165572	0.151041604796605	0.112091625893307	0.107304811520054	0.218965640352869	0.173660587069496	0.110392253145319	0.15178215232893	0.0911574916699075	0.138487661532508	0.0899902182070177	0.213610050471114	0.118793166199727	0.146003770641853	0.158596775048483	0.130321194403715	0.0955482836832683	0.109363604479614	0.272312104974311	0.138438412797141	0.154054324206041	0.225829957893232	0.200429399450553	0.118501655098504	0.130347237362295	0.151962958718244	0.278384163087991	0.368894259101379	0.115434500895409	0.179399596542045	0.115921927564565	0.162872111541132	0.140494292520613	0.19500709426055	0.150645435198391	0.126964170796036
control_bus1	0.298913661544794	0.362386773866078	0.269040617686934	0.268779237063938	0.316448806958128	0.210160512697416	0.21412758088707	0.303421624875816	0.306922683242957	0.303294941855723	0.14735616722274	0.254125888277506	0.138423814237793	0.242154459369122	0.22156105125564	0.230160120252632	0.326396301063654	0.184765414906374	0.22393790606534	0.147712657355918	0.21549753390009	0.237177363447588	0.16855317461033	0.105560339637567	0.127507333283244	0.102114318659128	0.142566232504425	0.187006645258186	0.172443055520242	0.156195162764985	0	0.0587101799174664	0.134015772902237	0.0470143331815518	0.0392918031208689	0.0924559466907608	0.0727984333465883	0.0503906043626706	0.108654553719896	0.137505987940367	0.152630256066739	0.175809612111507	0.131574700300486	0.151542691134352	0.136363483491347	0.139236453564289	0.0926690367924752	0.104551075194256	0.193007626030653	0.159910545295844	0.122904457174705	0.0794871551606309	0.102448227411567	0.0952801883732186	0.121741516459885	0.124591967093321	0.0668215325389345	0.11488625718748	0.102732185195376	0.0652502130179448	0.102386373573012	0.132856050194488	0.270191160150051	0.223504550181317	0.18443814442334	0.26912904662777	0.158459885887092	0.101488176686352	0.105324261173472	0.188068171964951	0.226238616111367	0.339309020273317	0.080492421053672	0.159267519567804	0.107811613769244	0.143638137939561	0.0931204426708201	0.170096906163599	0.142066227578436	0.0606256574911572
control_bus10	0.38334614325648	0.29422554507324	0.244023664239716	0.235888213169421	0.341474946949505	0.256525240882331	0.192502815974741	0.253438429825914	0.246627128673121	0.424055650237244	0.10859069696532	0.344251549145501	0.177691796234726	0.211558135375015	0.173417960981293	0.354886509120172	0.259409705482696	0.254992872788904	0.178814138110006	0.09290236145947	0.267206830448864	0.200233440604197	0.213369179946737	0.137982534801461	0.176471728699429	0.100064794550568	0.162178352644645	0.196203038438929	0.189389282199976	0.158116303077557	0.0587101799174664	0	0.160137376675117	0.0667161421806257	0.0591329625518984	0.170405108548745	0.117331629031884	0.0935654810303239	0.0817364584995666	0.155500429923888	0.150579920730881	0.163895595921164	0.218770144030214	0.191981734202349	0.18466884222116	0.201475598393478	0.136896962661773	0.144860378223732	0.258762971983573	0.0974072804963454	0.101778429284489	0.100130935347242	0.0800823031764628	0.105368398012006	0.0810109194349763	0.076848733442044	0.0534649909755471	0.0649156366163293	0.0757277296347865	0.0732755494553007	0.117832513289053	0.0888596738113608	0.18142454745104	0.245893216307875	0.168053414604457	0.209432549402266	0.124428583029539	0.105689023806484	0.125428704060317	0.176549238911689	0.199962481394677	0.288544101570955	0.0796602913526532	0.189253446657093	0.120402393364727	0.128600044049711	0.126978544262802	0.148168509995078	0.17783950297211	0.0876386374341762
control_bus2	0.194761292629431	0.364994959188303	0.197493539375672	0.185427788307401	0.261843645328025	0.166792922593802	0.146375504613862	0.299677906278752	0.46726686786056	0.430407029979667	0.291817404053022	0.428380277570652	0.168541796756513	0.234895390794379	0.445578609041616	0.351470683548516	0.44522637748013	0.38629019929941	0.326828438312759	0.254811029639646	0.386121363116268	0.409476268360666	0.27265867391328	0.240153749871055	0.224169284523573	0.144723929849189	0.207126866541346	0.336863193581324	0.262062864145136	0.29130139378926	0.134015772902237	0.160137376675117	0	0.121954176970391	0.0857271576371886	0.108568572882505	0.138433696043229	0.147970092479362	0.149193455334014	0.136752671842788	0.199251647005935	0.288104108460346	0.251684471596733	0.324142609517461	0.229069284101222	0.239844680765065	0.217540631598699	0.240979228653547	0.267745318066364	0.199566034303226	0.262590711208419	0.21531809391207	0.296195199762036	0.152182308442625	0.258430790971533	0.25792116204913	0.189834309862908	0.290966632756503	0.244466356462714	0.170031113093454	0.268287526795596	0.312771857933298	0.436836618924499	0.381948723834649	0.415025062120591	0.392006280864804	0.361997393442924	0.213797917414368	0.265961068869858	0.34490832992444	0.451925584108051	0.623969106226578	0.204911103437581	0.167446770085548	0.275391555059059	0.362896233017837	0.261193136758219	0.402596179472299	0.301590299599508	0.157534230486003
control_bus3	0.278466758763864	0.325681504352673	0.221683978380924	0.269747628592144	0.205042610579623	0.189188848293183	0.219278001742929	0.254439917121152	0.285331547395178	0.290899644001724	0.105798287383346	0.214795708375544	0.150310845292123	0.222470501588875	0.208591965852175	0.222335586890097	0.342250599045734	0.177528135784689	0.242427489709213	0.147362059781676	0.138798390299959	0.16901473925187	0.150372310216747	0.0775410411001363	0.0831132944647226	0.0751449802303046	0.0820269442301638	0.107451353569942	0.121637750755528	0.112129377240936	0.0470143331815518	0.0667161421806257	0.121954176970391	2.22044604925031e-16	0.0759951843547469	0.0866835566809867	0.101025651107796	0.0409112293546422	0.0838010888524297	0.118206983667624	0.0983136120243736	0.170325056369085	0.102734230064493	0.118956826463396	0.098740153284657	0.0992694765288472	0.0702317763571993	0.0772311808079396	0.196576878229835	0.138574048077786	0.101965417074459	0.0724170037245695	0.103436061851108	0.0568030694503422	0.089327269751202	0.111819657129606	0.0634655065220516	0.108578518790024	0.0951827392141855	0.0629624405165469	0.113099868125853	0.104480359027381	0.235114844869941	0.19998181658326	0.185421252018548	0.297129846768964	0.175726287191151	0.0975847633298591	0.0980766890830248	0.208903257476553	0.295102098117412	0.41955774922094	0.0764505093113637	0.117665202428265	0.118324044328387	0.158367701705482	0.127090086709133	0.219089834187004	0.162991469106567	0.0559678033460356
control_bus4	0.259958535886891	0.349718425031876	0.228324594017117	0.205223171723516	0.357238683259265	0.178143197909051	0.126402367547546	0.300322457746714	0.345386962832098	0.353053910423661	0.184759069172808	0.304677140417607	0.0955052351763609	0.221331609867277	0.254476198991032	0.293910011283633	0.314304203710748	0.232902314388123	0.221376631914701	0.169977551569905	0.28525728245253	0.291552801742405	0.241867683247821	0.1671033703132	0.13779324285357	0.0770630102533234	0.187472189025478	0.246637913451474	0.218604286990027	0.215285612465722	0.0392918031208689	0.0591329625518984	0.0857271576371886	0.0759951843547469	7.7715611723761e-16	0.0873053616437266	0.0715129556374147	0.0695136266716776	0.1083298406385	0.139195259808062	0.169284126985888	0.212523419248129	0.178774735348104	0.196999880894739	0.18777775144759	0.160334039878798	0.12995306101685	0.132680397957467	0.182249907303508	0.142732418734666	0.141921182230768	0.0944254052838396	0.137898367022676	0.118037914966669	0.146893360441921	0.125391442061202	0.0806065819780424	0.128982672401525	0.118458920904243	0.0722440726531008	0.11775758135274	0.162941125079807	0.266258062924804	0.288906454929473	0.203634952612577	0.266342792058219	0.174821580903312	0.128606455286055	0.120984413082018	0.197075102347993	0.253683828810798	0.370701063725545	0.113113653234219	0.206848542410113	0.152232010357134	0.201590393938078	0.138877118901264	0.202589135672076	0.190851676927825	0.0656744483164787
control_bus5	0.174818691214122	0.442069850068803	0.274872315436149	0.27017556296827	0.313623988073706	0.149306949971318	0.207132614211985	0.346295029895577	0.39330228804745	0.247228905446756	0.239702558729522	0.224623455058212	0.0804829368177268	0.261224887313013	0.345640890922334	0.182824648163558	0.373055012238967	0.199637915829452	0.314479656899228	0.253939673723669	0.222977192312886	0.322582022836976	0.232243112879326	0.180754094424844	0.118715538238895	0.0962213095138463	0.174690269884331	0.205275054656333	0.215238263070197	0.19275179217723	0.0924559466907608	0.170405108548745	0.108568572882505	0.0866835566809867	0.0873053616437266	2.22044604925031e-16	0.0639029559173846	0.0653297337060398	0.18660838051643	0.113391034359994	0.174586185290557	0.238036170831671	0.118670641559183	0.167403334914556	0.157222660448091	0.106989036090214	0.11461530505742	0.12023534342476	0.127484248357993	0.211489562464597	0.166570063151082	0.130142656331415	0.196469100292846	0.135348330997121	0.210126421945611	0.257641908244242	0.131022403121922	0.231475362980858	0.211490699725749	0.119927134907602	0.143999391094047	0.242878323371142	0.423149259806443	0.2365981367947	0.264557207628217	0.327217659275127	0.25381049968537	0.157999359630125	0.147983770842015	0.236796482268952	0.348890010508386	0.478822037503552	0.153723050339282	0.187243271886925	0.159821660300813	0.28126969238046	0.167587755556485	0.283750940321779	0.176445841266969	0.0971070105229919
control_bus6	0.221845074847383	0.404684994999076	0.302960411283605	0.200424159922977	0.357869288674626	0.174461829650356	0.176616387859207	0.318958693668167	0.282918405793226	0.243703746201536	0.193453589265872	0.232113986662029	0.088464769715124	0.190543287342781	0.32085233712453	0.20396828136708	0.245558930147581	0.198936714206219	0.168432251449243	0.165552833994118	0.233514558109026	0.252414451991449	0.230115888972606	0.148444307772215	0.156448326525529	0.0833480636222	0.158216563949478	0.185661525983236	0.166550964741678	0.151693367776547	0.0727984333465883	0.117331629031884	0.138433696043229	0.101025651107796	0.0715129556374147	0.0639029559173846	0	0.0464517145320666	0.148064743904202	0.107823991060653	0.161571427616541	0.141230450287359	0.134403328881013	0.130799051283207	0.143423603831734	0.128808439097694	0.0978459779958333	0.107815634512054	0.095728716364169	0.165601213880128	0.104442904595086	0.110685235062831	0.117971043048695	0.108264031380736	0.141457217899558	0.207508970099794	0.0795806786556739	0.167899305750568	0.168531579157241	0.0784971625578655	0.0968929590409113	0.176880941846497	0.393205485175166	0.145398677708665	0.205428672371404	0.183426719811197	0.17302298921856	0.0930306801850843	0.118686829614813	0.115294996394047	0.227362905182111	0.342296223401959	0.109630223994947	0.208030553203563	0.0906596572249462	0.212860763780611	0.101068801336984	0.17501773968462	0.0925555299300429	0.0726525980477709
control_bus7	0.221030848002536	0.376714611341618	0.261710040598548	0.261423198217562	0.2821065780797	0.140961614927955	0.182637274084894	0.305141660948637	0.290989561095061	0.214648124840885	0.144181830208102	0.16700040256168	0.103961213347258	0.240466297113243	0.244648477269291	0.172447209786208	0.3055967303708	0.147708559507271	0.227508719992267	0.160769454477438	0.139713349195505	0.1831943034887	0.197341798359547	0.102738876667298	0.0777541617677783	0.072991962225548	0.112874714650272	0.116433606351559	0.119598592903113	0.119539162613784	0.0503906043626706	0.0935654810303239	0.147970092479362	0.0409112293546422	0.0695136266716776	0.0653297337060398	0.0464517145320666	1.11022302462516e-16	0.0957248846274776	0.119750327185012	0.113262649696594	0.162394816447568	0.0757827211168565	0.085848207008895	0.094476027937921	0.0773630801053266	0.0556609819152872	0.0694278936974307	0.120739323420817	0.167337023139614	0.0976038768889368	0.0483258824064181	0.085590997849104	0.0788590881164707	0.0999270369506668	0.135556670333887	0.0575565736963265	0.111426073658021	0.107670283315687	0.0458641670829077	0.0918652318149471	0.114734954353217	0.301024339322217	0.139510249426304	0.14574027505745	0.250583007389916	0.164042733867288	0.0947429552479691	0.0861279165084738	0.15349108054482	0.250322176755289	0.366789453381056	0.0881036460652406	0.173063818009068	0.0904149428641901	0.180269322127701	0.108667598513421	0.184659672127194	0.113372819929752	0.049218719043764
control_bus8	0.330417095254482	0.338971986147208	0.255725731119521	0.279682394732814	0.285387203713267	0.244302023146291	0.222617206683217	0.282914459640498	0.291448786944125	0.350547980268753	0.16473529196348	0.32539101326282	0.194392468995344	0.220199774287782	0.289171057032841	0.320307032599178	0.297128130121755	0.273680764428332	0.201245274434958	0.136320485951383	0.240964393606657	0.196656751083164	0.223939233109472	0.170096669366926	0.183617375659786	0.11338695679737	0.102428419065375	0.178444298567402	0.114906433510383	0.140602998435392	0.108654553719896	0.0817364584995666	0.149193455334014	0.0838010888524297	0.1083298406385	0.18660838051643	0.148064743904202	0.0957248846274776	0	0.212487304349631	0.121945616760258	0.191683613575731	0.191127852400965	0.194910549779184	0.161743068173742	0.195706161434791	0.140617329264659	0.1666698046739	0.264864144527916	0.143728346896685	0.167698242684323	0.12607480493599	0.137326298421683	0.11911186360449	0.108991688331029	0.154771292676511	0.122102683937241	0.143376192694067	0.134931730554381	0.0898052655672652	0.15860505533692	0.144758037600617	0.279253653509183	0.226440320599213	0.214066352623557	0.266171561229463	0.224301103038467	0.148819786959986	0.170088120791648	0.210064613159183	0.291321574601349	0.431922716483968	0.136250578382709	0.189936347255658	0.167556463107072	0.231809049844647	0.181929252336963	0.243853464971865	0.198791069444984	0.120518435470469
control_bus9	0.240102737622579	0.235865492347935	0.138647763300497	0.173830701581856	0.229538918163715	0.171282356590448	0.243423520424728	0.189317650140577	0.31141078130828	0.390125106371966	0.13565358274453	0.303722388738059	0.217023241212101	0.20969901883217	0.27087482346267	0.326148252612058	0.384875899115589	0.264596580252843	0.268442213181902	0.14616685910178	0.270235006565095	0.266818724267569	0.177229599320596	0.155738455064105	0.161372423763941	0.0881771612884029	0.15380288828223	0.188395035572705	0.215474392071278	0.15429238328662	0.137505987940367	0.155500429923888	0.136752671842788	0.118206983667624	0.139195259808062	0.113391034359994	0.107823991060653	0.119750327185012	0.212487304349631	8.88178419700125e-16	0.159099296029042	0.178257146521753	0.205260808936769	0.192854212189538	0.178227854176164	0.17752948120474	0.131256015179767	0.131368163743028	0.218701718871962	0.136515807250825	0.135829023390118	0.181733093440473	0.165192273299398	0.114719577723265	0.159545267603303	0.21356487114933	0.11706963155732	0.167523948630909	0.178332349243502	0.132459250487777	0.163702576086804	0.20715692966016	0.298916709526574	0.26882428737788	0.266586366351463	0.287910319814977	0.28414496838232	0.139939426685292	0.197855949429676	0.24092951358178	0.353068242991868	0.484757969211281	0.121490789420456	0.136458529208291	0.170078920176412	0.213795186221436	0.188239510133898	0.274149254841243	0.226108365277771	0.120218971892522
control_cat1	0.229447807253125	0.245348159346609	0.177736215204761	0.220307229461301	0.137956055626513	0.148494696730709	0.236497499315781	0.140732721708555	0.224858844236404	0.247676975955454	0.108224783867789	0.226770000300519	0.213896481585913	0.124329825878718	0.275880581772585	0.284826573464142	0.302839811111569	0.234653672136675	0.215498380190522	0.129400645323764	0.178947681787543	0.156946168047508	0.232187474486977	0.174668784953607	0.14292782991976	0.13989894917418	0.0960043190662844	0.118957990702133	0.163465762692975	0.13967357886804	0.152630256066739	0.150579920730881	0.199251647005935	0.0983136120243736	0.169284126985888	0.174586185290557	0.161571427616541	0.113262649696594	0.121945616760258	0.159099296029042	7.7715611723761e-16	0.124486136812615	0.162615180555918	0.121355743357758	0.113589400710858	0.0966461515704234	0.078368278473265	0.0840422965125581	0.185718687407044	0.0800602610613514	0.103429003784878	0.10813375190868	0.155315581154775	0.0961082136095094	0.132794717334593	0.184151514447552	0.0956161708356127	0.14483939392009	0.143835923900465	0.0950368418407656	0.140519558078836	0.131254693426453	0.297413987036259	0.208290251051418	0.197013664784845	0.211906182047471	0.189570036128293	0.0854849851592756	0.125866517671526	0.202127639801442	0.397968483154731	0.538679548878366	0.12972668515713	0.130675763592834	0.145487226935865	0.246425650488368	0.208134661387931	0.297589988992165	0.208850534558011	0.101079568855943
control_cat10	0.348366148610949	0.30918473254109	0.304398480106653	0.230676366117709	0.298846739443866	0.245867466008311	0.27673040340488	0.209243727423473	0.171941993723433	0.287646655966976	0.116243204376929	0.281313134733297	0.241367785374761	0.130824531243635	0.271827361345179	0.263352046207583	0.177059263309964	0.25296758121057	0.0943959359223788	0.0782082303910965	0.238543577321131	0.169951596212493	0.214100593627085	0.163775608946026	0.232458263490207	0.159779095254903	0.138788097582928	0.160306414936224	0.160258292995925	0.14647309755607	0.175809612111507	0.163895595921164	0.288104108460346	0.170325056369085	0.212523419248129	0.238036170831671	0.141230450287359	0.162394816447568	0.191683613575731	0.178257146521753	0.124486136812615	4.44089209850063e-16	0.185232258544304	0.10853716942286	0.138783619681427	0.192584294940544	0.104281352448667	0.127721478132598	0.176915481898868	0.101902402963002	0.0695887165504453	0.150029946363082	0.108953654128434	0.107014667594419	0.107026913470815	0.211456490454521	0.103058082446888	0.140316456619055	0.154542769293664	0.103205390841406	0.118828261491998	0.126292215971978	0.334004362175437	0.11496610664673	0.173458029164165	0.0994931702498757	0.132372572851696	0.0462581138628856	0.14258916093274	0.087469263619058	0.21903378625411	0.322706083224296	0.0942354696625863	0.186573433660566	0.0673707313946178	0.155852455975628	0.0934792749310668	0.148907051970757	0.0854439567290206	0.107781556495381
control_cat2	0.227279012317804	0.447360368017855	0.335298542408497	0.376123791885443	0.276562689345612	0.156512804300945	0.269857721361381	0.380022862854498	0.350165298040359	0.122882633566199	0.178392775475334	0.109835490831881	0.141087507189825	0.2970412995062	0.288417310141717	0.0650899617898242	0.397477937843519	0.096556652041849	0.292006101066663	0.234082788016607	0.179106682582324	0.227414874253867	0.217760848896022	0.182604515595525	0.107754044530618	0.159103975868491	0.14439712780608	0.153337873583912	0.14779345638989	0.163160790186591	0.131574700300486	0.218770144030214	0.251684471596733	0.102734230064493	0.178774735348104	0.118670641559183	0.134403328881013	0.0757827211168565	0.191127852400965	0.205260808936769	0.162615180555918	0.185232258544304	2.22044604925031e-16	0.0683068776573901	0.0617877116889262	0.0594198145382877	0.0468269925109228	0.0727779783655778	0.111987735601954	0.257730255448971	0.170816574744831	0.0778172686197004	0.155085593599292	0.117263605454423	0.167674269481999	0.226713702983992	0.133870021762427	0.185279822261502	0.16078682951412	0.11974663161844	0.114604422387145	0.180601639288256	0.385030573823356	0.14203783114871	0.163556391560384	0.335294534017383	0.21111708407503	0.127710681492002	0.0939887997557705	0.190624860731014	0.290817870395627	0.407617069422728	0.113353282054487	0.168970130652634	0.0991667049989262	0.212919469013132	0.103349377713336	0.218004579025101	0.104993862213342	0.083894193220211
control_cat3	0.302248222023835	0.3780974459966	0.332374484457035	0.340804137526766	0.295380322342909	0.207669216770755	0.302331061927307	0.2866316158626	0.204272485642651	0.148530849673579	0.119896047612606	0.104515572894323	0.174044577495037	0.245493789462921	0.226140672666373	0.155835591616067	0.269385910620156	0.122359183609716	0.208673281633339	0.155014237464863	0.104947780110333	0.124386469415759	0.226283862829026	0.125792310594255	0.108645867228943	0.124609176375893	0.120680288581845	0.0778714405054879	0.126103493602756	0.101235807950053	0.151542691134352	0.191981734202349	0.324142609517461	0.118956826463396	0.196999880894739	0.167403334914556	0.130799051283207	0.085848207008895	0.194910549779184	0.192854212189538	0.121355743357758	0.10853716942286	0.0683068776573901	0	0.0905321910819344	0.0660218841781907	0.0514830871691617	0.0578566808250427	0.0981460814116661	0.189418126703867	0.0715896411872082	0.0824022555281423	0.0804462860923019	0.104291037220731	0.102800368228539	0.199357523423909	0.0915820758805874	0.119579434668939	0.13914376144676	0.0892349978027625	0.0681396430974767	0.0988029498951171	0.310776017517624	0.090794669753412	0.0900203942820883	0.198719914636465	0.140145183988024	0.0911151160413067	0.0708401861097359	0.116926629965079	0.274549446880452	0.358257335309806	0.118674552607197	0.222319677948627	0.0820761177751835	0.178365610440442	0.116872258545457	0.181923458350955	0.0988508636825248	0.0921012165428998
control_cat4	0.270248598876865	0.388999313248295	0.30891168307971	0.328568635872636	0.191464056432895	0.186322539084002	0.277204519937558	0.31205251454715	0.312698390768815	0.173890263368184	0.132242271807943	0.146608176864371	0.186640536348501	0.220106427931433	0.246454553141979	0.126354640759765	0.332528225817943	0.12220111310917	0.223181072430581	0.166914380740841	0.171870928222314	0.220353320269442	0.185807563655534	0.154847577994635	0.0988324856231193	0.162143818723174	0.0949050308162699	0.132674265064451	0.117117772865532	0.139816029165572	0.136363483491347	0.18466884222116	0.229069284101222	0.098740153284657	0.18777775144759	0.157222660448091	0.143423603831734	0.094476027937921	0.161743068173742	0.178227854176164	0.113589400710858	0.138783619681427	0.0617877116889262	0.0905321910819344	0	0.0808782534509473	0.0457216956583437	0.080173248285978	0.162983891666855	0.205909662256693	0.13622160166799	0.0798910013566452	0.138451182019548	0.0598033704397088	0.1087179090505	0.198751109436856	0.119118620033317	0.165166898268969	0.112799219788026	0.109235842419794	0.136295304390254	0.143904621718072	0.346640981459659	0.140164849875441	0.181602671302384	0.300913934483636	0.193833146209298	0.0802131211222742	0.111283330363021	0.187633760431784	0.316186429269825	0.456955915352985	0.0824890105410102	0.0807140405439788	0.102928308702425	0.190037428570571	0.118634350853386	0.234991388643707	0.115423168612402	0.0826923171235165
control_cat5	0.229166241717056	0.377197673897668	0.273928081905847	0.32193117127057	0.233791552961838	0.153600295437087	0.257788017360364	0.299496933770454	0.277443180772768	0.153156791901944	0.153693178361098	0.0859847949466076	0.115553989614611	0.208466107233021	0.257519920228507	0.144501803227228	0.351248408746323	0.0982885994793512	0.269875479383274	0.234070925086302	0.148423309442299	0.223409651426234	0.260894300347097	0.175529821106674	0.0749514013997196	0.131638343928725	0.132049846016727	0.127761791743869	0.175717028806672	0.151041604796605	0.139236453564289	0.201475598393478	0.239844680765065	0.0992694765288472	0.160334039878798	0.106989036090214	0.128808439097694	0.0773630801053266	0.195706161434791	0.17752948120474	0.0966461515704234	0.192584294940544	0.0594198145382877	0.0660218841781907	0.0808782534509473	2.22044604925031e-16	0.0523264282442517	0.0407450536119358	0.0787285766288123	0.192437542477839	0.116476002036873	0.0743741266144412	0.150786699986385	0.115050844723565	0.15826388094271	0.227827424516522	0.11619412388634	0.167494118269373	0.154310396392926	0.112171428554444	0.0883845791664044	0.155840818834773	0.344812177005591	0.17731967518031	0.145888520947371	0.298821705079487	0.161932938621992	0.110081133459676	0.059438533113391	0.183155573000476	0.372599616533531	0.489531720274923	0.139119033929106	0.165845051662949	0.135631203734121	0.248558792343263	0.163016554841502	0.270284220654851	0.16017016687192	0.0865814246438192
control_cat6	0.245429274425232	0.303011381839818	0.232563710372919	0.266866535850146	0.211474352315844	0.143531104253084	0.238447033319148	0.227968375536124	0.240341148951849	0.173018302216666	0.0861104137179939	0.13017141172117	0.15474902722142	0.175142671852477	0.209324761257512	0.135093682766684	0.310281246585968	0.110763507270128	0.19192022204042	0.120783080322286	0.151115309547815	0.153907907514411	0.176167515113044	0.133178871261945	0.0822094154729901	0.108821959552877	0.0826830666547682	0.0950723214218303	0.10883577049496	0.112091625893307	0.0926690367924752	0.136896962661773	0.217540631598699	0.0702317763571993	0.12995306101685	0.11461530505742	0.0978459779958333	0.0556609819152872	0.140617329264659	0.131256015179767	0.078368278473265	0.104281352448667	0.0468269925109228	0.0514830871691617	0.0457216956583437	0.0523264282442517	0	0.0268483537461111	0.120249866619132	0.137094387997279	0.0838488853312268	0.0476741582972104	0.0970684344934767	0.0671758593721452	0.0950083979519551	0.14024907807361	0.0671589889728265	0.0986580229808333	0.0844945928172718	0.066701594931538	0.0743414525384554	0.100334507765831	0.266824522739703	0.126197251370152	0.116654060640792	0.231328732696444	0.146136973917493	0.0509551133916719	0.0576365670937843	0.129189861147389	0.25616392225127	0.379630061123416	0.0517123670673622	0.118267531672728	0.0589709607861272	0.136023964361163	0.0863041801256783	0.169125516600259	0.0923515556748404	0.0406054007654292
control_cat7	0.265482770082437	0.311774617807015	0.234757387172486	0.27293405397683	0.229785643895142	0.173529670641571	0.261859290074761	0.237135660556145	0.239078543245545	0.197598037993463	0.0735791583290655	0.100500639135643	0.167380787217206	0.174103947559017	0.172919242870738	0.176182698263668	0.335491234446429	0.092600334430409	0.206476068632245	0.147166663114182	0.131664609951917	0.140657643272237	0.195250241385473	0.123404176102408	0.0713820157421517	0.101238374770914	0.0909068921848336	0.0779258768580449	0.143278196651712	0.107304811520054	0.104551075194256	0.144860378223732	0.240979228653547	0.0772311808079396	0.132680397957467	0.12023534342476	0.107815634512054	0.0694278936974307	0.1666698046739	0.131368163743028	0.0840422965125581	0.127721478132598	0.0727779783655778	0.0578566808250427	0.080173248285978	0.0407450536119358	0.0268483537461111	0	0.11940702114961	0.134619453569067	0.0742945035259218	0.0653785963562689	0.0964914047734849	0.0934484133335343	0.107726113600242	0.143352431726673	0.063164547284178	0.0982045288840534	0.0955559343155199	0.0843321147150368	0.063951573223394	0.0930141463657859	0.227574631199279	0.148597175245594	0.105698481240094	0.239808257757606	0.12339561923674	0.0631018150460948	0.041453394180084	0.135910064517612	0.278236915673967	0.384940378791887	0.06686373936261	0.137188821521457	0.0797978896760122	0.133745399642218	0.114151869217846	0.178817899195407	0.129519344984701	0.0516908277754335
control_cat8	0.183113944201045	0.48245239445036	0.388519293104946	0.295890785960281	0.397981899991018	0.159272174628903	0.219881048846042	0.381439992414511	0.294655496551328	0.141308021568994	0.2719772782492	0.167565398755733	0.0694008884263051	0.219990663023219	0.406166415944634	0.163264184866671	0.267767643850222	0.192880764956953	0.224985699365346	0.264454994208621	0.259496367525213	0.304665638482725	0.354934016674142	0.247210422784351	0.171250549781782	0.154219675090989	0.225174763788414	0.232752571868893	0.239574278880707	0.218965640352869	0.193007626030653	0.258762971983573	0.267745318066364	0.196576878229835	0.182249907303508	0.127484248357993	0.095728716364169	0.120739323420817	0.264864144527916	0.218701718871962	0.185718687407044	0.176915481898868	0.111987735601954	0.0981460814116661	0.162983891666855	0.0787285766288123	0.120249866619132	0.11940702114961	2.22044604925031e-16	0.232191439704836	0.145501796303325	0.151048538896963	0.185368064382443	0.179351593731759	0.22974887327971	0.326465793033349	0.16039716000057	0.250090848798518	0.256777857337513	0.14515056962519	0.108793489988261	0.242632747504233	0.50741487216464	0.156372155699293	0.201709172927919	0.190733813405468	0.186107578580954	0.143734951026672	0.113934697033168	0.125070202745951	0.330442711563127	0.428910906420531	0.203646661041407	0.294587256315782	0.142036191343135	0.330397912805935	0.156968415552834	0.258265828729979	0.121506165934376	0.132569440290139
control_cat9	0.303481425099968	0.194459156481933	0.159904167890784	0.176482266899886	0.258331757628135	0.212275730083518	0.210944489615826	0.118493707810434	0.172655221379949	0.401147107563982	0.0939153768288001	0.344023650804019	0.22318539444755	0.094649110458671	0.223835703016588	0.384015208121615	0.257763026127673	0.297458884887491	0.151979304256764	0.0743939379549503	0.296929141530326	0.180051820531268	0.259636035701842	0.204576793812731	0.208811102580185	0.11572117664069	0.153687699585791	0.19527101783894	0.229965735550434	0.173660587069496	0.159910545295844	0.0974072804963454	0.199566034303226	0.138574048077786	0.142732418734666	0.211489562464597	0.165601213880128	0.167337023139614	0.143728346896685	0.136515807250825	0.0800602610613514	0.101902402963002	0.257730255448971	0.189418126703867	0.205909662256693	0.192437542477839	0.137094387997279	0.134619453569067	0.232191439704836	0	0.0917853476032015	0.161049040125807	0.135499317811167	0.132093632770609	0.131521381547813	0.162768557288712	0.0782136700433964	0.109761128894426	0.145359988364374	0.11186665035871	0.118672369811275	0.122251105718297	0.220585431263743	0.253409219859687	0.193354424241355	0.138343174860316	0.16137170285895	0.0907442379103703	0.14020716092152	0.162355458155052	0.321265192456626	0.424068432919822	0.122184396778222	0.171836867030629	0.15172961684262	0.205060835550266	0.188250557810785	0.229309450947367	0.220213557575242	0.124717569993809
control_firehydrant1	0.361746012932067	0.288570667370486	0.270078878543793	0.230816878909573	0.307077616345315	0.248685980154711	0.264372041917302	0.198988568461384	0.137478599070262	0.312920903349479	0.0824657665942969	0.217201738055358	0.172950394727637	0.147794134346382	0.18151020869925	0.290905251611065	0.159669425026556	0.196175536710245	0.117518417638791	0.0926574262049485	0.138374075920854	0.132074306973157	0.219601664978127	0.0916824428321518	0.138585017169193	0.0819708370264386	0.118820253511167	0.0942963490915425	0.154445321568806	0.110392253145319	0.122904457174705	0.101778429284489	0.262590711208419	0.101965417074459	0.141921182230768	0.166570063151082	0.104442904595086	0.0976038768889368	0.167698242684323	0.135829023390118	0.103429003784878	0.0695887165504453	0.170816574744831	0.0715896411872082	0.13622160166799	0.116476002036873	0.0838488853312268	0.0742945035259218	0.145501796303325	0.0917853476032015	0	0.0964251402644783	0.0515663192352576	0.0803670070094539	0.0621844383841248	0.146218888664648	0.0576740336186932	0.0758503694390695	0.100184053472112	0.0550577533952235	0.0725001087153717	0.0631961438359041	0.232495225218751	0.132310011303727	0.115889964927875	0.124362671678956	0.0779123820266862	0.051674573025666	0.0814856994486473	0.088361180901793	0.225546927678534	0.316458524975839	0.0882813233255769	0.20200993576115	0.0803620454099023	0.134197800537665	0.111612934964067	0.144161011689093	0.108949771150684	0.0761481972400909
control_firehydrant10	0.29064458869917	0.364080776943563	0.271543206968014	0.290005226674325	0.298075547180925	0.153109641772009	0.172630253038733	0.301303526711853	0.296609965408021	0.221976586211422	0.11301404533683	0.167216200836206	0.125644520384342	0.226406099141405	0.169545423722643	0.178253239677069	0.281987702300088	0.125691503778094	0.209700480176393	0.151036157518177	0.165093666651171	0.195814567913852	0.208590398530669	0.137815417510613	0.0843267818073039	0.10799931258944	0.146505157155627	0.14118865914577	0.153112293276209	0.15178215232893	0.0794871551606309	0.100130935347242	0.21531809391207	0.0724170037245695	0.0944254052838396	0.130142656331415	0.110685235062831	0.0483258824064181	0.12607480493599	0.181733093440473	0.10813375190868	0.150029946363082	0.0778172686197004	0.0824022555281423	0.0798910013566452	0.0743741266144412	0.0476741582972104	0.0653785963562689	0.151048538896963	0.161049040125807	0.0964251402644783	0	0.0748932776082353	0.0781649999845059	0.0802433792939492	0.0921478972915168	0.0575645352310965	0.0733643878853754	0.0518942834997626	0.0411983049834783	0.0836837553356248	0.0744732472920587	0.234207278587129	0.171902576145269	0.0927844266641471	0.255348486903429	0.104799288882837	0.0699833634194734	0.0494544227187483	0.1466203364632	0.210925270218886	0.316772453561609	0.0612369179179035	0.166712225302999	0.0763850937456082	0.131859824285815	0.0930624446493017	0.142171103341951	0.117725645388563	0.0339490126503436
control_firehydrant2	0.400001885742195	0.357356017767805	0.329199350231079	0.312468539063254	0.380451215630397	0.274256398157607	0.25549303198863	0.302867213331097	0.195766586129185	0.306924720481636	0.0784227435135411	0.215698911029153	0.183689691986229	0.245261755162351	0.118631436792815	0.284574648232204	0.196265300022131	0.159698460642498	0.143460125573004	0.0821276338762071	0.158635950695178	0.128593065405004	0.184281127521822	0.102440656721737	0.136312333774057	0.0839593666084545	0.143122416660123	0.107385538455374	0.137110377526866	0.0911574916699075	0.102448227411567	0.0800823031764628	0.296195199762036	0.103436061851108	0.137898367022676	0.196469100292846	0.117971043048695	0.085590997849104	0.137326298421683	0.165192273299398	0.155315581154775	0.108953654128434	0.155085593599292	0.0804462860923019	0.138451182019548	0.150786699986385	0.0970684344934767	0.0964914047734849	0.185368064382443	0.135499317811167	0.0515663192352576	0.0748932776082353	0	0.0921033036385539	0.0347897736211934	0.104107214477243	0.0500553867143941	0.045637406727874	0.0684072058820701	0.0503604223526469	0.0574793083976666	0.0397857204046795	0.183595103927944	0.136095989976606	0.0650127614358875	0.154002721916816	0.080533050855499	0.0781960959754324	0.0803093844159462	0.0870163123335316	0.143781033146041	0.207372138865654	0.0702122257913269	0.227972406653682	0.0639818129784329	0.0901757191555729	0.0806185302530036	0.0764820283567385	0.106160337356103	0.0779651583098339
control_firehydrant3	0.266681676231453	0.287677480829864	0.219619857332864	0.21829927071473	0.176713066740139	0.170831601263217	0.191706189234854	0.219529197490668	0.269900214111977	0.286557276382414	0.096515227943651	0.237203629709168	0.165272426825484	0.17686809266609	0.222459656628918	0.240675692933134	0.264169584767829	0.198962554319159	0.173772691886608	0.114725350531671	0.166146603006708	0.193476830286833	0.140008753854161	0.0941634437796164	0.108509352554855	0.0940346653493889	0.0889873645452934	0.127902650231903	0.0997154810987785	0.138487661532508	0.0952801883732186	0.105368398012006	0.152182308442625	0.0568030694503422	0.118037914966669	0.135348330997121	0.108264031380736	0.0788590881164707	0.11911186360449	0.114719577723265	0.0961082136095094	0.107014667594419	0.117263605454423	0.104291037220731	0.0598033704397088	0.115050844723565	0.0671758593721452	0.0934484133335343	0.179351593731759	0.132093632770609	0.0803670070094539	0.0781649999845059	0.0921033036385539	0	0.0532588824040477	0.134208380060629	0.0756623094745511	0.113413116349386	0.0828584497380925	0.0508323989344409	0.133388045911151	0.109576039224429	0.270140907777487	0.182811813625044	0.197715066877559	0.251225007306318	0.173880129421997	0.0644473380646836	0.120102404143705	0.181006937043587	0.291073207088924	0.436245404719432	0.0655029560178595	0.0937482233669386	0.108842433298725	0.165377702024881	0.119332437980715	0.214359712115462	0.138466719991215	0.0593145341665444
control_firehydrant4	0.420694899339312	0.30783169448213	0.280825723940134	0.288295636335322	0.294633028647938	0.276377580276724	0.257889483744213	0.265691184383144	0.214185816487579	0.351822372387077	0.0685763245083636	0.25260897062945	0.207885950378796	0.219446861358868	0.128388423914906	0.303385231863689	0.205417356304489	0.192920900073979	0.14271195729897	0.0808513425498975	0.158626797171014	0.134392106669471	0.155778595329486	0.0957750418119989	0.132869300821133	0.0904301599725301	0.099686131657335	0.100684791057499	0.0958345242115723	0.0899902182070177	0.121741516459885	0.0810109194349763	0.258430790971533	0.089327269751202	0.146893360441921	0.210126421945611	0.141457217899558	0.0999270369506668	0.108991688331029	0.159545267603303	0.132794717334593	0.107026913470815	0.167674269481999	0.102800368228539	0.1087179090505	0.15826388094271	0.0950083979519551	0.107726113600242	0.22974887327971	0.131521381547813	0.0621844383841248	0.0802433792939492	0.0347897736211934	0.0532588824040477	1.11022302462516e-16	0.0976545173835778	0.0725793600040814	0.0565196704458945	0.0560791236516446	0.0551107365733298	0.0996437438953528	0.0462331891635799	0.17468903412489	0.16450757763671	0.110679206078186	0.203362101231677	0.119559121103324	0.0768137250860279	0.105314190833589	0.130798795051598	0.19575354969222	0.293648102313824	0.061247969884217	0.168927433184433	0.0927814734473431	0.103936126181914	0.10641553693483	0.125852874908551	0.13191073246027	0.0784351032204734
control_firehydrant5	0.423829472310188	0.27541654096342	0.237535869197007	0.295269651484077	0.343169229463181	0.251564450861753	0.220262376513293	0.26244464910253	0.289112742425219	0.454575581141429	0.091620887119873	0.338979114518818	0.274332342747183	0.281418250514034	0.124055998589856	0.393843602200738	0.376349775016722	0.2740154854583	0.250199622943505	0.125401782542332	0.254187037066244	0.177841040465067	0.221640147150852	0.168090951352464	0.164777937788004	0.164082187593181	0.202648069577657	0.196236479904791	0.216455044769502	0.213610050471114	0.124591967093321	0.076848733442044	0.25792116204913	0.111819657129606	0.125391442061202	0.257641908244242	0.207508970099794	0.135556670333887	0.154771292676511	0.21356487114933	0.184151514447552	0.211456490454521	0.226713702983992	0.199357523423909	0.198751109436856	0.227827424516522	0.14024907807361	0.143352431726673	0.326465793033349	0.162768557288712	0.146218888664648	0.0921478972915168	0.104107214477243	0.134208380060629	0.0976545173835778	2.22044604925031e-16	0.0754622362542537	0.0406791760757679	0.0391520872846532	0.0987362347045556	0.171691567029698	0.0718659139609852	0.0961955595948907	0.292396959980102	0.150658364779658	0.299879616791622	0.15601780217154	0.144784270501169	0.130049787031428	0.226640444537617	0.21973204921723	0.292657733370715	0.0801991700636449	0.226903049971245	0.1514921930392	0.0859105084803596	0.175454178728619	0.154766421639804	0.240627737390894	0.0966021286721023
control_firehydrant6	0.273262955725133	0.285036081575341	0.223363166888866	0.224687836201506	0.279009024298923	0.168087461753049	0.178459980543452	0.220390268665452	0.207655783904327	0.278182162263469	0.0712833265930614	0.208466133569453	0.159964790998763	0.181267970063772	0.150279449376549	0.246658902639353	0.278939513587578	0.168236979952956	0.177517639629168	0.0763192313430296	0.181778101841522	0.128415380413358	0.190338952711994	0.112062264548124	0.114557644838814	0.0892446253232865	0.126640883802853	0.117480174790435	0.151749399136669	0.118793166199727	0.0668215325389345	0.0534649909755471	0.189834309862908	0.0634655065220516	0.0806065819780424	0.131022403121922	0.0795806786556739	0.0575565736963265	0.122102683937241	0.11706963155732	0.0956161708356127	0.103058082446888	0.133870021762427	0.0915820758805874	0.119118620033317	0.11619412388634	0.0671589889728265	0.063164547284178	0.16039716000057	0.0782136700433964	0.0576740336186932	0.0575645352310965	0.0500553867143941	0.0756623094745511	0.0725793600040814	0.0754622362542537	8.88178419700125e-16	0.0458540256614217	0.0654708459932203	0.046351996036668	0.0621227111987906	0.0517147465582837	0.19233314530093	0.15140512391777	0.105018094498583	0.164153671172536	0.0974977658617417	0.0502846565221384	0.0639322036587049	0.124964026056751	0.2229195149045	0.303330197916197	0.0536515894053	0.15363576996983	0.0666066473346401	0.111230600467606	0.102548545953671	0.138387990689579	0.131278674640835	0.0487857075842013
control_firehydrant7	0.410818789938809	0.23630806326945	0.222606729208293	0.293843353051228	0.340678786214001	0.245252752419825	0.250067712489818	0.223725399738434	0.193973179326249	0.382304715736729	0.0465464542043011	0.26430916245294	0.23209296459262	0.243056591830796	0.0852149987992902	0.339722899166465	0.283465626887504	0.196434950693238	0.197668064709056	0.0707575296045584	0.215068946646827	0.131973965292369	0.216724892833772	0.149255617618438	0.142211178523794	0.121705855175045	0.166161568269313	0.141608132454758	0.183936002975109	0.146003770641853	0.11488625718748	0.0649156366163293	0.290966632756503	0.108578518790024	0.128982672401525	0.231475362980858	0.167899305750568	0.111426073658021	0.143376192694067	0.167523948630909	0.14483939392009	0.140316456619055	0.185279822261502	0.119579434668939	0.165166898268969	0.167494118269373	0.0986580229808333	0.0982045288840534	0.250090848798518	0.109761128894426	0.0758503694390695	0.0733643878853754	0.045637406727874	0.113413116349386	0.0565196704458945	0.0406791760757679	0.0458540256614217	4.44089209850063e-16	0.0369764584745937	0.068699703744169	0.0910680069782386	0.0374766928357132	0.0997775947022825	0.215262505574224	0.067983430004289	0.214585047859714	0.100156535767282	0.0992940559316293	0.0919366089602969	0.157636207209677	0.18604150821978	0.249036902388951	0.0634058894771821	0.209159333610911	0.0975947043297567	0.0707249878967987	0.127743896310041	0.111002948247741	0.176401029026816	0.0825966158199122
control_firehydrant8	0.405120969172178	0.287795756195929	0.242855164100967	0.286246960523871	0.302874440285228	0.233545384574978	0.230171003607468	0.261154332001902	0.260729314095871	0.369246923295449	0.0664528601611643	0.256116817574731	0.219705817971956	0.227401108701761	0.0903548833658533	0.305012570286436	0.299739922932264	0.180644594486166	0.197882651079209	0.0950241505209656	0.210588260875246	0.185355798951829	0.186628450095517	0.140299509597138	0.116817115349757	0.126015060152087	0.14695651354336	0.150043704825662	0.158848532377672	0.158596775048483	0.102732185195376	0.0757277296347865	0.244466356462714	0.0951827392141855	0.118458920904243	0.211490699725749	0.168531579157241	0.107670283315687	0.134931730554381	0.178332349243502	0.143835923900465	0.154542769293664	0.16078682951412	0.13914376144676	0.112799219788026	0.154310396392926	0.0844945928172718	0.0955559343155199	0.256777857337513	0.145359988364374	0.100184053472112	0.0518942834997626	0.0684072058820701	0.0828584497380925	0.0560791236516446	0.0391520872846532	0.0654708459932203	0.0369764584745937	0	0.0688219043779158	0.113390594888982	0.0532794563294684	0.124469314839552	0.228016940095319	0.0994236053216763	0.269332312792646	0.105437243584482	0.0844432710481832	0.086104693830005	0.172567744727273	0.191768145066993	0.285379443862129	0.0414624132287476	0.155481938714531	0.0978539101241801	0.0663753898990882	0.115823429366391	0.123414854556319	0.166027544387477	0.0588988422201561
control_firehydrant9	0.268362445024187	0.305722351909725	0.231888787734659	0.218861178692961	0.297988811977752	0.158491294861768	0.15961763895457	0.240641053814565	0.239827728254534	0.272529025528215	0.105437569968161	0.234761631541036	0.119607568513453	0.189009027229373	0.201432576318536	0.247676589072234	0.204210718050637	0.189910436638647	0.154991864284614	0.0949276182941612	0.163987789241523	0.170813139180583	0.174836992694481	0.09981506349424	0.112621674267751	0.0619615631929831	0.121691891297085	0.131324496758534	0.1235422589759	0.130321194403715	0.0652502130179448	0.0732755494553007	0.170031113093454	0.0629624405165469	0.0722440726531008	0.119927134907602	0.0784971625578655	0.0458641670829077	0.0898052655672652	0.132459250487777	0.0950368418407656	0.103205390841406	0.11974663161844	0.0892349978027625	0.109235842419794	0.112171428554444	0.066701594931538	0.0843321147150368	0.14515056962519	0.11186665035871	0.0550577533952235	0.0411983049834783	0.0503604223526469	0.0508323989344409	0.0551107365733298	0.0987362347045556	0.046351996036668	0.068699703744169	0.0688219043779158	0	0.0814929273848833	0.0767537265430315	0.244261693331238	0.158526552081682	0.121731580416676	0.183073999137418	0.113989913201257	0.0593198743071914	0.0849576827222335	0.11911373247617	0.195454685820225	0.313676143479894	0.0646843153763605	0.1766006839968	0.0709385647236398	0.141262210312427	0.0899074744621109	0.13692387828775	0.105297458879213	0.0346697923187114
control_person1	0.33876152932176	0.365835653205062	0.310295571239495	0.303900761147462	0.374056433297037	0.243083010423287	0.254526345439492	0.302828634634569	0.191149623568673	0.229041637754511	0.109124569445406	0.160814080335549	0.119432227265843	0.1901646662159	0.16196737605633	0.203577654367376	0.230009753651112	0.106622892498079	0.15299925007104	0.116427597416809	0.197846694879088	0.173888676362274	0.218447577017571	0.159152809852788	0.124162712363142	0.0793063894558577	0.138860402656474	0.134887484632028	0.168609298777364	0.0955482836832683	0.102386373573012	0.117832513289053	0.268287526795596	0.113099868125853	0.11775758135274	0.143999391094047	0.0968929590409113	0.0918652318149471	0.15860505533692	0.163702576086804	0.140519558078836	0.118828261491998	0.114604422387145	0.0681396430974767	0.136295304390254	0.0883845791664044	0.0743414525384554	0.063951573223394	0.108793489988261	0.118672369811275	0.0725001087153717	0.0836837553356248	0.0574793083976666	0.133388045911151	0.0996437438953528	0.171691567029698	0.0621227111987906	0.0910680069782386	0.113390594888982	0.0814929273848833	0	0.0878072606890924	0.24583046635683	0.148072443125839	0.0625510747665478	0.154027147116271	0.0854982644816215	0.0716258935633663	0.0372960998752881	0.0722432451864388	0.196022269439798	0.262273318467624	0.0889553465362183	0.212590832870302	0.0668984182472028	0.141691627684397	0.0740130794592115	0.112486598915992	0.0996195850109275	0.0686293433859754
control_person10	0.449807285699279	0.325004205157664	0.304280749803744	0.33177664550312	0.320627648137721	0.296576195910632	0.292354849104183	0.2660180760444	0.199845637276655	0.337237108145209	0.060723636203081	0.208783264600428	0.247049658030092	0.239388949501004	0.0952609687122544	0.312476900001619	0.260147880113875	0.174608115357964	0.180220784037902	0.0902309390551246	0.14234483045154	0.0788007598354538	0.228073652409517	0.108972142674955	0.127252262339302	0.120104441132032	0.12492242308066	0.0908361637421677	0.140658526911452	0.109363604479614	0.132856050194488	0.0888596738113608	0.312771857933298	0.104480359027381	0.162941125079807	0.242878323371142	0.176880941846497	0.114734954353217	0.144758037600617	0.20715692966016	0.131254693426453	0.126292215971978	0.180601639288256	0.0988029498951171	0.143904621718072	0.155840818834773	0.100334507765831	0.0930141463657859	0.242632747504233	0.122251105718297	0.0631961438359041	0.0744732472920587	0.0397857204046795	0.109576039224429	0.0462331891635799	0.0718659139609852	0.0517147465582837	0.0374766928357132	0.0532794563294684	0.0767537265430315	0.0878072606890924	0	0.123270123584929	0.164035036398241	0.0639317329602351	0.19211765936446	0.0759886320366461	0.0761182840577513	0.0751607473023608	0.128083455903259	0.22174126488802	0.277733353699519	0.0784326281017385	0.202535908596896	0.103227156969005	0.0891454104659575	0.13265071926908	0.126991042296302	0.16510143006608	0.0929274318308675
control_person2	0.6393705818376	0.300956962929314	0.288684793904182	0.435662795312082	0.418615294498095	0.45484128749495	0.413190059731912	0.311581230789727	0.358711557956762	0.618132377420193	0.122015963461931	0.386677919504159	0.460089665080663	0.389019179051177	0.0711713945990192	0.570970419682073	0.497046556878111	0.313321206122852	0.359471401948259	0.206882682427754	0.315198330642869	0.213458640377167	0.320767927487506	0.253189689788368	0.245932241342592	0.238844202730672	0.282041967235822	0.235395131705206	0.322561343364143	0.272312104974311	0.270191160150051	0.18142454745104	0.436836618924499	0.235114844869941	0.266258062924804	0.423149259806443	0.393205485175166	0.301024339322217	0.279253653509183	0.298916709526574	0.297413987036259	0.334004362175437	0.385030573823356	0.310776017517624	0.346640981459659	0.344812177005591	0.266824522739703	0.227574631199279	0.50741487216464	0.220585431263743	0.232495225218751	0.234207278587129	0.183595103927944	0.270140907777487	0.17468903412489	0.0961955595948907	0.19233314530093	0.0997775947022825	0.124469314839552	0.244261693331238	0.24583046635683	0.123270123584929	5.55111512312578e-16	0.448922872575788	0.18109850156163	0.421262461586606	0.234370856719832	0.263650563459974	0.225992017754495	0.344244011079831	0.339384234325552	0.375420743458247	0.191845879676075	0.322282164248573	0.300182868234994	0.136515019473221	0.319049308453159	0.252897492694387	0.424884180295066	0.236367686032966
control_person3	0.372563285704296	0.509817077404254	0.480894156522094	0.403673489381153	0.397094431432118	0.307598135037749	0.390477458336836	0.397329237429816	0.228999247883275	0.178938803359146	0.216657555431916	0.173731597131597	0.255521324976949	0.284740127397712	0.341569171462562	0.15442973550208	0.264867813226388	0.205068968584676	0.208464041452798	0.18985698954844	0.168323440925761	0.157918829704043	0.311277420609019	0.176615347864756	0.22408887994108	0.211833499074786	0.164656913540553	0.129564530869237	0.138215472239593	0.138438412797141	0.223504550181317	0.245893216307875	0.381948723834649	0.19998181658326	0.288906454929473	0.2365981367947	0.145398677708665	0.139510249426304	0.226440320599213	0.26882428737788	0.208290251051418	0.11496610664673	0.14203783114871	0.090794669753412	0.140164849875441	0.17731967518031	0.126197251370152	0.148597175245594	0.156372155699293	0.253409219859687	0.132310011303727	0.171902576145269	0.136095989976606	0.182811813625044	0.16450757763671	0.292396959980102	0.15140512391777	0.215262505574224	0.228016940095319	0.158526552081682	0.148072443125839	0.164035036398241	0.448922872575788	0	0.181466091087294	0.172681122865447	0.188406836434075	0.122311203088227	0.161940546270234	0.110017783082524	0.259511526107119	0.331493509494835	0.166614587109646	0.27614909725488	0.0982544579633983	0.225880196134575	0.143530971270733	0.198410150545853	0.0706701317948395	0.176509727662956
control_person4	0.450642887982303	0.41419378000338	0.383605778538991	0.435675725011301	0.446617705117374	0.3082938476477	0.330409633845106	0.382519382306305	0.241777120840666	0.259650968673147	0.120835009773157	0.159390959634277	0.221598348027831	0.316745020529936	0.104890939289339	0.263419377982333	0.268348729782481	0.116326077454723	0.236545246159827	0.143437166228764	0.198380708615183	0.154782116777898	0.310574342241698	0.216321772249419	0.142945667572107	0.157386451849798	0.206182744907172	0.141647496383861	0.203786969978995	0.154054324206041	0.18443814442334	0.168053414604457	0.415025062120591	0.185421252018548	0.203634952612577	0.264557207628217	0.205428672371404	0.14574027505745	0.214066352623557	0.266586366351463	0.197013664784845	0.173458029164165	0.163556391560384	0.0900203942820883	0.181602671302384	0.145888520947371	0.116654060640792	0.105698481240094	0.201709172927919	0.193354424241355	0.115889964927875	0.0927844266641471	0.0650127614358875	0.197715066877559	0.110679206078186	0.150658364779658	0.105018094498583	0.067983430004289	0.0994236053216763	0.121731580416676	0.0625510747665478	0.0639317329602351	0.18109850156163	0.181466091087294	0	0.217058828195071	0.086478531512431	0.128820142534959	0.0815555168878322	0.128870705437156	0.199742245154896	0.225071812501589	0.130074090724026	0.301117885114844	0.105229504731316	0.134960198258663	0.136053767141198	0.113375002669203	0.163870620616773	0.123584803976012
control_person5	0.411761869170408	0.417832273383749	0.446800231594934	0.274191909544867	0.511268039530784	0.34368109888062	0.306741019835082	0.299153627234935	0.162456700755869	0.362021329843425	0.237017349359913	0.392370203318177	0.25364130487939	0.17997614199402	0.37071983798207	0.412383439805635	0.127829391674374	0.376958406035942	0.10894992896108	0.137746668604015	0.358965565931439	0.233642750874113	0.391140552568169	0.285576667348722	0.356854518371039	0.214488121199509	0.278958948782276	0.275026705418117	0.291467396883825	0.225829957893232	0.26912904662777	0.209432549402266	0.392006280864804	0.297129846768964	0.266342792058219	0.327217659275127	0.183426719811197	0.250583007389916	0.266171561229463	0.287910319814977	0.211906182047471	0.0994931702498757	0.335294534017383	0.198719914636465	0.300913934483636	0.298821705079487	0.231328732696444	0.239808257757606	0.190733813405468	0.138343174860316	0.124362671678956	0.255348486903429	0.154002721916816	0.251225007306318	0.203362101231677	0.299879616791622	0.164153671172536	0.214585047859714	0.269332312792646	0.183073999137418	0.154027147116271	0.19211765936446	0.421262461586606	0.172681122865447	0.217058828195071	0	0.150672141683088	0.140308366542746	0.206225313170168	0.0748973238127891	0.243704968968025	0.289575776324367	0.224645225133533	0.388325699782492	0.148873672258167	0.280448259489548	0.188919200426269	0.183930519864267	0.158570608850681	0.222287586375172
control_person6	0.476627725857738	0.443389208700128	0.424358729594967	0.359314906787484	0.46003623877008	0.333902907742289	0.286803528240304	0.364810036606932	0.213709260989933	0.328896713225044	0.142244247500024	0.230003361656404	0.192825125351723	0.220522311047642	0.15146201974078	0.312103031074285	0.181742329438121	0.169341671202659	0.151313138021939	0.163388712018375	0.238395399824696	0.209351760350403	0.303180013720337	0.18962478187841	0.20084295017377	0.174359407919435	0.235649723532203	0.193532895905185	0.247558883323836	0.200429399450553	0.158459885887092	0.124428583029539	0.361997393442924	0.175726287191151	0.174821580903312	0.25381049968537	0.17302298921856	0.164042733867288	0.224301103038467	0.28414496838232	0.189570036128293	0.132372572851696	0.21111708407503	0.140145183988024	0.193833146209298	0.161932938621992	0.146136973917493	0.12339561923674	0.186107578580954	0.16137170285895	0.0779123820266862	0.104799288882837	0.080533050855499	0.173880129421997	0.119559121103324	0.15601780217154	0.0974977658617417	0.100156535767282	0.105437243584482	0.113989913201257	0.0854982644816215	0.0759886320366461	0.234370856719832	0.188406836434075	0.086478531512431	0.150672141683088	4.44089209850063e-16	0.0823800583442501	0.0728245315258613	0.09112267150224	0.166211848971894	0.207377076973318	0.116882406774221	0.280238683456931	0.0944234761137522	0.129726748728394	0.109287032960476	0.0987059093009655	0.13200344800376	0.11154441603796
control_person7	0.307167820171757	0.321884591432648	0.270189191274628	0.21218813659677	0.25210366112238	0.199955686874768	0.212037837836987	0.229582184885762	0.220947507207783	0.238679343988541	0.0883012591620599	0.19273876599321	0.171269194805204	0.118392538072411	0.195229276223129	0.206301642116751	0.204985562023066	0.150211668520184	0.115306486223932	0.0821206681395419	0.187690537771738	0.165258197478743	0.182487301383385	0.124149323997112	0.1460971362404	0.11115296024729	0.106307609924262	0.126623557891193	0.133686569790788	0.118501655098504	0.101488176686352	0.105689023806484	0.213797917414368	0.0975847633298591	0.128606455286055	0.157999359630125	0.0930306801850843	0.0947429552479691	0.148819786959986	0.139939426685292	0.0854849851592756	0.0462581138628856	0.127710681492002	0.0911151160413067	0.0802131211222742	0.110081133459676	0.0509551133916719	0.0631018150460948	0.143734951026672	0.0907442379103703	0.051674573025666	0.0699833634194734	0.0781960959754324	0.0644473380646836	0.0768137250860279	0.144784270501169	0.0502846565221384	0.0992940559316293	0.0844432710481832	0.0593198743071914	0.0716258935633663	0.0761182840577513	0.263650563459974	0.122311203088227	0.128820142534959	0.140308366542746	0.0823800583442501	8.88178419700125e-16	0.0670966238543461	0.0837152801558754	0.215371053009052	0.325930982354619	0.0449591244012224	0.118248211084807	0.0469906407623535	0.120667042098639	0.0677593225713252	0.133768008573924	0.0819514817234771	0.0445099986256862
control_person8	0.333761851933441	0.380553224914114	0.310602758053045	0.305244550112707	0.34108753066843	0.217913711937399	0.229085916986607	0.299800278388803	0.21971801983234	0.222275938097799	0.104468114175254	0.134290695590142	0.128562234676246	0.175842224924628	0.162624794720995	0.184305958051775	0.280994504513013	0.107373185608097	0.165737463766739	0.160605073388744	0.171645839992498	0.169034064549925	0.236219894731797	0.146902864419445	0.0987138701635559	0.104537724244108	0.145306099797783	0.131997315713617	0.172081097438268	0.130347237362295	0.105324261173472	0.125428704060317	0.265961068869858	0.0980766890830248	0.120984413082018	0.147983770842015	0.118686829614813	0.0861279165084738	0.170088120791648	0.197855949429676	0.125866517671526	0.14258916093274	0.0939887997557705	0.0708401861097359	0.111283330363021	0.059438533113391	0.0576365670937843	0.041453394180084	0.113934697033168	0.14020716092152	0.0814856994486473	0.0494544227187483	0.0803093844159462	0.120102404143705	0.105314190833589	0.130049787031428	0.0639322036587049	0.0919366089602969	0.086104693830005	0.0849576827222335	0.0372960998752881	0.0751607473023608	0.225992017754495	0.161940546270234	0.0815555168878322	0.206225313170168	0.0728245315258613	0.0670966238543461	0	0.0906642774374097	0.223266205762169	0.301103225416766	0.08060612738578	0.199673112633635	0.0799790209796167	0.132316931099112	0.0915628989397845	0.131422790501322	0.116596197309379	0.0537525188079597
control_person9	0.406583063367784	0.450114891541522	0.432655559129762	0.288106723908775	0.481817261980189	0.308617509473423	0.270162195163396	0.344593921778551	0.17613488523998	0.27432771148457	0.175008339854573	0.243272012240468	0.173734296479696	0.164667670841378	0.278381752776391	0.264134301275157	0.146418700511303	0.210024717089079	0.0602978542031543	0.141000091446467	0.261891884618291	0.20085621824423	0.285484292834017	0.206398171025844	0.235151080325616	0.13504259275674	0.199255202902239	0.189762694710246	0.184933917906382	0.151962958718244	0.188068171964951	0.176549238911689	0.34490832992444	0.208903257476553	0.197075102347993	0.236796482268952	0.115294996394047	0.15349108054482	0.210064613159183	0.24092951358178	0.202127639801442	0.087469263619058	0.190624860731014	0.116926629965079	0.187633760431784	0.183155573000476	0.129189861147389	0.135910064517612	0.125070202745951	0.162355458155052	0.088361180901793	0.1466203364632	0.0870163123335316	0.181006937043587	0.130798795051598	0.226640444537617	0.124964026056751	0.157636207209677	0.172567744727273	0.11911373247617	0.0722432451864388	0.128083455903259	0.344244011079831	0.110017783082524	0.128870705437156	0.0748973238127891	0.09112267150224	0.0837152801558754	0.0906642774374097	4.44089209850063e-16	0.140278257800563	0.208746446092967	0.127448397343916	0.309640275833139	0.0713461602617079	0.171474337234426	0.0820621501775995	0.0852596647872212	0.0641890448851564	0.116477627007766
control_tree1	0.589142018801753	0.553647819887882	0.548389974857812	0.438023144653427	0.695708561021863	0.444239759173868	0.345019890873523	0.523428754949064	0.349941067820788	0.477890859741348	0.259573320226796	0.442201351916612	0.288215717519716	0.385898803161076	0.259745383110161	0.379398346755943	0.23869914514996	0.306096802790737	0.190048661524895	0.219934324255992	0.416743026049775	0.350732832123928	0.283837426518056	0.297890555289725	0.37307621992242	0.258690981056323	0.368863447496247	0.347869583974058	0.32206169870326	0.278384163087991	0.226238616111367	0.199962481394677	0.451925584108051	0.295102098117412	0.253683828810798	0.348890010508386	0.227362905182111	0.250322176755289	0.291321574601349	0.353068242991868	0.397968483154731	0.21903378625411	0.290817870395627	0.274549446880452	0.316186429269825	0.372599616533531	0.25616392225127	0.278236915673967	0.330442711563127	0.321265192456626	0.225546927678534	0.210925270218886	0.143781033146041	0.291073207088924	0.19575354969222	0.21973204921723	0.2229195149045	0.18604150821978	0.191768145066993	0.195454685820225	0.196022269439798	0.22174126488802	0.339384234325552	0.259511526107119	0.199742245154896	0.243704968968025	0.166211848971894	0.215371053009052	0.223266205762169	0.140278257800563	6.66133814775094e-16	0.0447822102491165	0.152034559159381	0.424246769332228	0.112875498041878	0.116633500356072	0.0920977353395618	0.0286014285490466	0.122116112761388	0.185970768470001
control_tree10	0.74063572723337	0.667517753839233	0.69802968971304	0.590409660112282	0.874907535700095	0.58929571595912	0.475174759955929	0.660095470692662	0.396136650898469	0.566505964147273	0.344971302271216	0.513130500075041	0.396100381988384	0.534562475415586	0.278738441800941	0.479118377891656	0.307857628622755	0.375733166912902	0.301420356616297	0.307779033974245	0.502860361416455	0.402429109819318	0.412744928107895	0.406637219403855	0.477192927739152	0.372235138524559	0.510514530000216	0.440154171968785	0.451206714061672	0.368894259101379	0.339309020273317	0.288544101570955	0.623969106226578	0.41955774922094	0.370701063725545	0.478822037503552	0.342296223401959	0.366789453381056	0.431922716483968	0.484757969211281	0.538679548878366	0.322706083224296	0.407617069422728	0.358257335309806	0.456955915352985	0.489531720274923	0.379630061123416	0.384940378791887	0.428910906420531	0.424068432919822	0.316458524975839	0.316772453561609	0.207372138865654	0.436245404719432	0.293648102313824	0.292657733370715	0.303330197916197	0.249036902388951	0.285379443862129	0.313676143479894	0.262273318467624	0.277733353699519	0.375420743458247	0.331493509494835	0.225071812501589	0.289575776324367	0.207377076973318	0.325930982354619	0.301103225416766	0.208746446092967	0.0447822102491165	0	0.261388895981128	0.584575128973758	0.198272349018117	0.177646060231866	0.183276567100511	0.0636359162204835	0.21816239684553	0.308952384602834
control_tree2	0.337042901995947	0.298873612060616	0.242375092885567	0.253903045245327	0.273221530144987	0.203517822147334	0.223800955619023	0.248321202359669	0.262172269434238	0.311240722939267	0.0624854905271214	0.236115541231516	0.190536218056826	0.18575792726617	0.140104946946001	0.222791707821298	0.291809771131125	0.15702220395236	0.161114161671704	0.0789865631133676	0.215797922843922	0.182363384511852	0.126911750879004	0.124101594793308	0.129203947090467	0.109006827495264	0.110794459826445	0.135717297633961	0.132888286241785	0.115434500895409	0.080492421053672	0.0796602913526532	0.204911103437581	0.0764505093113637	0.113113653234219	0.153723050339282	0.109630223994947	0.0881036460652406	0.136250578382709	0.121490789420456	0.12972668515713	0.0942354696625863	0.113353282054487	0.118674552607197	0.0824890105410102	0.139119033929106	0.0517123670673622	0.06686373936261	0.203646661041407	0.122184396778222	0.0882813233255769	0.0612369179179035	0.0702122257913269	0.0655029560178595	0.061247969884217	0.0801991700636449	0.0536515894053	0.0634058894771821	0.0414624132287476	0.0646843153763605	0.0889553465362183	0.0784326281017385	0.191845879676075	0.166614587109646	0.130074090724026	0.224645225133533	0.116882406774221	0.0449591244012224	0.08060612738578	0.127448397343916	0.152034559159381	0.261388895981128	0	0.0994997230249695	0.0418344631769608	0.048018930310108	0.0504033638652684	0.0918424760701643	0.0927773917949702	0.0334114128432922
control_tree3	0.299018946866812	0.293305418926049	0.204104143382061	0.289416063920393	0.112395927639015	0.218074407987708	0.316812683405235	0.239985572781673	0.37823282868683	0.344616155229572	0.135847531615429	0.275407720872398	0.285107846184805	0.204212332344843	0.263642542186769	0.250955311415975	0.466348610968246	0.219362019869635	0.300833116130748	0.177137472377114	0.274468063341436	0.285465021297623	0.163664641651035	0.192234925462144	0.161913263733222	0.201431265871368	0.104312547678625	0.197643626363799	0.177889421349238	0.179399596542045	0.159267519567804	0.189253446657093	0.167446770085548	0.117665202428265	0.206848542410113	0.187243271886925	0.208030553203563	0.173063818009068	0.189936347255658	0.136458529208291	0.130675763592834	0.186573433660566	0.168970130652634	0.222319677948627	0.0807140405439788	0.165845051662949	0.118267531672728	0.137188821521457	0.294587256315782	0.171836867030629	0.20200993576115	0.166712225302999	0.227972406653682	0.0937482233669386	0.168927433184433	0.226903049971245	0.15363576996983	0.209159333610911	0.155481938714531	0.1766006839968	0.212590832870302	0.202535908596896	0.322282164248573	0.27614909725488	0.301117885114844	0.388325699782492	0.280238683456931	0.118248211084807	0.199673112633635	0.309640275833139	0.424246769332228	0.584575128973758	0.0994997230249695	0	0.186102990276834	0.212880174409946	0.19328935441767	0.335810556867315	0.238120363777479	0.132227370364964
control_tree4	0.326853724827966	0.38259028868345	0.342489682080363	0.295876223099516	0.357267798049901	0.21710396195159	0.249586032330997	0.308507646655636	0.220532442582463	0.228387737732609	0.109332454156931	0.212784330300537	0.165032309856852	0.199131100235532	0.202541624209299	0.175654707804756	0.216317003228207	0.148180349428705	0.142994483726308	0.0952521229459052	0.213474131851244	0.177699823045038	0.168763809834958	0.16024739322847	0.173058218428486	0.134393082728605	0.150415931029618	0.141128536151941	0.143984567589706	0.115921927564565	0.107811613769244	0.120402393364727	0.275391555059059	0.118324044328387	0.152232010357134	0.159821660300813	0.0906596572249462	0.0904149428641901	0.167556463107072	0.170078920176412	0.145487226935865	0.0673707313946178	0.0991667049989262	0.0820761177751835	0.102928308702425	0.135631203734121	0.0589709607861272	0.0797978896760122	0.142036191343135	0.15172961684262	0.0803620454099023	0.0763850937456082	0.0639818129784329	0.108842433298725	0.0927814734473431	0.1514921930392	0.0666066473346401	0.0975947043297567	0.0978539101241801	0.0709385647236398	0.0668984182472028	0.103227156969005	0.300182868234994	0.0982544579633983	0.105229504731316	0.148873672258167	0.0944234761137522	0.0469906407623535	0.0799790209796167	0.0713461602617079	0.112875498041878	0.198272349018117	0.0418344631769608	0.186102990276834	9.99200722162641e-16	0.0898580270158076	0.0278340014229387	0.0633829131999556	0.0352006911688265	0.049117194064498
control_tree5	0.532351863977256	0.353207329866172	0.344594241308083	0.377851907267874	0.411642639658601	0.364314080648646	0.364279816914729	0.318961203469185	0.271361776965236	0.436222674264148	0.086445265804126	0.301482381700504	0.326129843602885	0.29627042939471	0.0966665260116325	0.330249733702938	0.351585003935523	0.208353282100739	0.212819678152576	0.124009477801488	0.248359835188875	0.190069991463488	0.16704295610875	0.148019246963361	0.20424248354089	0.190423772309193	0.195933340877952	0.171492267100078	0.208621213287873	0.162872111541132	0.143638137939561	0.128600044049711	0.362896233017837	0.158367701705482	0.201590393938078	0.28126969238046	0.212860763780611	0.180269322127701	0.231809049844647	0.213795186221436	0.246425650488368	0.155852455975628	0.212919469013132	0.178365610440442	0.190037428570571	0.248558792343263	0.136023964361163	0.133745399642218	0.330397912805935	0.205060835550266	0.134197800537665	0.131859824285815	0.0901757191555729	0.165377702024881	0.103936126181914	0.0859105084803596	0.111230600467606	0.0707249878967987	0.0663753898990882	0.141262210312427	0.141691627684397	0.0891454104659575	0.136515019473221	0.225880196134575	0.134960198258663	0.280448259489548	0.129726748728394	0.120667042098639	0.132316931099112	0.171474337234426	0.116633500356072	0.177646060231866	0.048018930310108	0.212880174409946	0.0898580270158076	3.33066907387547e-16	0.093225219168427	0.0710604418978091	0.153498836930284	0.107683571408477
control_tree6	0.371969626015026	0.43140004666021	0.381732060128958	0.31888122610523	0.408899853338088	0.262673017883542	0.253428427148718	0.372871179267703	0.274082963292061	0.268896453495706	0.147862790103782	0.246404168669189	0.147194194434734	0.229170937520219	0.217392407685919	0.169611426574788	0.222067009390347	0.153065880420297	0.138579222152406	0.129473779088434	0.257241458409225	0.244046240751474	0.168017020809276	0.158940972686296	0.188698823109502	0.132778254161783	0.169135128723217	0.198777075333929	0.168941640374163	0.140494292520613	0.0931204426708201	0.126978544262802	0.261193136758219	0.127090086709133	0.138877118901264	0.167587755556485	0.101068801336984	0.108667598513421	0.181929252336963	0.188239510133898	0.208134661387931	0.0934792749310668	0.103349377713336	0.116872258545457	0.118634350853386	0.163016554841502	0.0863041801256783	0.114151869217846	0.156968415552834	0.188250557810785	0.111612934964067	0.0930624446493017	0.0806185302530036	0.119332437980715	0.10641553693483	0.175454178728619	0.102548545953671	0.127743896310041	0.115823429366391	0.0899074744621109	0.0740130794592115	0.13265071926908	0.319049308453159	0.143530971270733	0.136053767141198	0.188919200426269	0.109287032960476	0.0677593225713252	0.0915628989397845	0.0820621501775995	0.0920977353395618	0.183276567100511	0.0504033638652684	0.19328935441767	0.0278340014229387	0.093225219168427	1.11022302462516e-16	0.0551093688418013	0.0327098747133147	0.0578045349550588
control_tree7	0.525147556090661	0.461344273698855	0.455873584386202	0.376112915431422	0.579425805183972	0.373658072935273	0.308653098721879	0.426448257693863	0.268790106901273	0.397934796503642	0.160599297264125	0.330810764879644	0.24149400474116	0.302898958639906	0.171356860150676	0.318114448027827	0.21548478600819	0.216999860819959	0.148970478789467	0.146245447074703	0.318897157847792	0.247602532890405	0.238445259025759	0.226026654653794	0.274439083365511	0.187374921180469	0.274243927471805	0.2469151820352	0.250262400841667	0.19500709426055	0.170096906163599	0.148168509995078	0.402596179472299	0.219089834187004	0.202589135672076	0.283750940321779	0.17501773968462	0.184659672127194	0.243853464971865	0.274149254841243	0.297589988992165	0.148907051970757	0.218004579025101	0.181923458350955	0.234991388643707	0.270284220654851	0.169125516600259	0.178817899195407	0.258265828729979	0.229309450947367	0.144161011689093	0.142171103341951	0.0764820283567385	0.214359712115462	0.125852874908551	0.154766421639804	0.138387990689579	0.111002948247741	0.123414854556319	0.13692387828775	0.112486598915992	0.126991042296302	0.252897492694387	0.198410150545853	0.113375002669203	0.183930519864267	0.0987059093009655	0.133768008573924	0.131422790501322	0.0852596647872212	0.0286014285490466	0.0636359162204835	0.0918424760701643	0.335810556867315	0.0633829131999556	0.0710604418978091	0.0551093688418013	2.22044604925031e-16	0.092139688735952	0.123773203051956
control_tree8	0.35555477794766	0.476397106419339	0.439293102461932	0.335638035031144	0.428715768013931	0.2687733231592	0.290659844332504	0.387929355285522	0.23652693889453	0.216740257777942	0.194825278484983	0.23261429334774	0.151561929285754	0.228168733582891	0.305544127092088	0.137908770904364	0.184470338114983	0.182320660744556	0.129801083514737	0.156202511739871	0.239279792960676	0.237969589370339	0.229619135644594	0.177552002873045	0.213098884049946	0.162561364280667	0.174308173166301	0.188549641154394	0.158463310801535	0.150645435198391	0.142066227578436	0.17783950297211	0.301590299599508	0.162991469106567	0.190851676927825	0.176445841266969	0.0925555299300429	0.113372819929752	0.198791069444984	0.226108365277771	0.208850534558011	0.0854439567290206	0.104993862213342	0.0988508636825248	0.115423168612402	0.16017016687192	0.0923515556748404	0.129519344984701	0.121506165934376	0.220213557575242	0.108949771150684	0.117725645388563	0.106160337356103	0.138466719991215	0.13191073246027	0.240627737390894	0.131278674640835	0.176401029026816	0.166027544387477	0.105297458879213	0.0996195850109275	0.16510143006608	0.424884180295066	0.0706701317948395	0.163870620616773	0.158570608850681	0.13200344800376	0.0819514817234771	0.116596197309379	0.0641890448851564	0.122116112761388	0.21816239684553	0.0927773917949702	0.238120363777479	0.0352006911688265	0.153498836930284	0.0327098747133147	0.092139688735952	5.55111512312578e-16	0.0939851798558884
control_tree9	0.259566991405314	0.323451031780239	0.229837244641389	0.218148779344932	0.268714911658205	0.147792750042089	0.158513083864575	0.257949800848043	0.273742946442448	0.249140201103944	0.0971393589378884	0.197709952945004	0.110757725096534	0.165108432538974	0.185082086931458	0.191939023171622	0.263111249183569	0.140803811515733	0.161459721967912	0.118240773003326	0.181730160985622	0.198344426354491	0.150610766819963	0.122262211147271	0.0899257270604894	0.0716991779424131	0.113928516886719	0.132472243370357	0.131278580566326	0.126964170796036	0.0606256574911572	0.0876386374341762	0.157534230486003	0.0559678033460356	0.0656744483164787	0.0971070105229919	0.0726525980477709	0.049218719043764	0.120518435470469	0.120218971892522	0.101079568855943	0.107781556495381	0.083894193220211	0.0921012165428998	0.0826923171235165	0.0865814246438192	0.0406054007654292	0.0516908277754335	0.132569440290139	0.124717569993809	0.0761481972400909	0.0339490126503436	0.0779651583098339	0.0593145341665444	0.0784351032204734	0.0966021286721023	0.0487857075842013	0.0825966158199122	0.0588988422201561	0.0346697923187114	0.0686293433859754	0.0929274318308675	0.236367686032966	0.176509727662956	0.123584803976012	0.222287586375172	0.11154441603796	0.0445099986256862	0.0537525188079597	0.116477627007766	0.185970768470001	0.308952384602834	0.0334114128432922	0.132227370364964	0.049117194064498	0.107683571408477	0.0578045349550588	0.123773203051956	0.0939851798558884	6.66133814775094e-16
