	control_person1	control_person2	control_person3	control_person4	control_person5	control_person6	control_person7	control_person8	control_person9	control_person10	control_cat1	control_cat2	control_cat3	control_cat4	control_cat5	control_cat6	control_cat7	control_cat8	control_cat9	control_cat10	control_bird1	control_bird2	control_bird3	control_bird4	control_bird5	control_bird6	control_bird7	control_bird8	control_bird9	control_bird10	control_banana1	control_banana2	control_banana3	control_banana4	control_banana5	control_banana6	control_banana7	control_banana8	control_banana9	control_banana10	control_firehydrant1	control_firehydrant2	control_firehydrant3	control_firehydrant4	control_firehydrant5	control_firehydrant6	control_firehydrant7	control_firehydrant8	control_firehydrant9	control_firehydrant10	control_tree1	control_tree2	control_tree3	control_tree4	control_tree5	control_tree6	control_tree7	control_tree8	control_tree9	control_tree10	control_bus1	control_bus2	control_bus3	control_bus4	control_bus5	control_bus6	control_bus7	control_bus8	control_bus9	control_bus10	control_building1	control_building2	control_building3	control_building4	control_building5	control_building6	control_building7	control_building8	control_building9	control_building10
control_person1	0.0	0.3265544717354493	0.3609127374071313	0.32311631287519205	0.24432644745022392	0.30933634829759565	0.37439448074402165	0.25833282041276956	0.3548775469621704	0.3816225925413356	0.9307732458393919	0.8996002519706283	0.9197298205036599	0.937354702309121	0.9418507176132022	0.94838793654639	0.9203901112388042	0.9426377818974281	0.9579212840490833	0.9356614624460633	0.8326736862830948	0.9099972987697569	0.8879583630693645	0.8767035883308479	0.8650452151855901	0.8867385924286634	0.8800146675232484	0.902522753483677	0.8799201475446007	0.8670436854019226	0.8850340455395049	0.9404311520764861	0.924463257461711	0.9087339914999973	0.8906442734102226	0.9236769901576238	0.9153776973165036	0.9147264397083358	0.8865470722329154	0.9407799056727545	0.9018807577167064	0.9113164739160585	0.9162100537153808	0.9140291852535886	0.9252259049649276	0.9211698376365413	0.9271604401855759	0.9439354160636312	0.930089018109257	0.9212343122848015	0.9677730765930502	0.9717100691611946	0.9819711344598523	0.967951406394138	0.9541031783282855	0.966784195102388	1.021628286204255	0.9612104472082855	0.977734461700091	0.9546070758034216	1.0041171651911276	0.9710072923873215	0.9497843309416963	0.9910071489626298	0.9634167586552802	0.9643203923651502	0.9501699733318918	0.9841318786312017	0.9862885907436838	0.9569891580508867	1.0057446967344637	1.0213088765713223	1.0101469982757523	1.0015077296032895	0.9829488137681953	1.0248255002938906	1.017668379347998	0.9975376796986418	1.024021324169376	0.9903412244234701
control_person2	0.3265544717354493	0.0	0.4028615719954385	0.3440812894186708	0.29755537070563476	0.2180787962709105	0.35438641608782834	0.32754126311149057	0.3242237580837281	0.417456227608634	0.9166920629553832	0.8783082668730168	0.901520336750956	0.9166251048388723	0.9296117237424174	0.9174142941264701	0.9035356198186086	0.9351306016954619	0.9308971246544235	0.9274161785918956	0.8790608119906377	0.918086684472141	0.8969646905981886	0.8833790387604418	0.881047850643817	0.8770784918600598	0.9005036556675093	0.9146538133672572	0.8787996611802192	0.8806603296121537	0.9390715849297101	0.9655832470770002	0.9403237019541748	0.9432345334309002	0.9340263048266407	0.9414632659948938	0.9437945438365773	0.9400010604894052	0.9174457819347878	0.9474130303563133	0.9355202767092984	0.9642769307355793	0.9523377156828439	0.9592864331444484	0.9757301960305477	0.9454750334397516	0.9513805775907223	0.9846226954402497	0.9532404097601312	0.9557779704217997	1.0132339380468212	1.01312582240293	1.0247419581813688	0.9999844227041297	0.9902878122416658	1.008286643420983	1.0498037771970783	1.0045729129230176	1.0096140051355198	0.9959551949723191	0.998193828446357	0.9957516886001966	0.984909714259572	0.976919434957744	0.977486607930297	0.9841557487975194	0.9936787636844276	0.9995070980049657	0.9953867216683481	0.9915785104242698	1.0141445405075413	1.034727302286391	1.0176417333161267	1.0161988143190717	0.998976798887459	1.0314733072817939	1.0167438659686086	0.986666983323786	1.0384103614003675	0.9896230222398803
control_person3	0.3609127374071313	0.4028615719954385	0.0	0.30714542766272507	0.35225095728908157	0.41997713183677693	0.3426558086116671	0.3842177916568614	0.3032159711166695	0.26802418782404963	0.9212119950972646	0.9217078872803569	0.9202305778674151	0.9361551127001723	0.9294795856056175	0.9483772391638472	0.9324006174549645	0.95150336799969	0.9549216582529745	0.9329222373098346	0.8399333486840941	0.9167777887238227	0.8896580957609269	0.8604743756103219	0.8813979680815017	0.8742067688902921	0.883138475867656	0.9038190599255692	0.8746701556492884	0.8789316316084651	0.907342374914295	0.9639097446633513	0.9564958407368708	0.9205240421829806	0.9081311673482386	0.9453390166070922	0.9527667439621339	0.9349322567612977	0.8982136052206677	0.9592288575039956	0.9109354712942997	0.9295075341510308	0.9040896369239831	0.9091451595778373	0.9044163964723172	0.9107100464637576	0.9216281493726622	0.9032370260080816	0.9208700513236269	0.9183540212287695	0.9663331112992097	0.9678525426548773	0.9744479692120983	0.9765925975671274	0.9676569720966985	0.9738466412337289	1.0141574483699936	0.9532775063137333	0.9722619492939082	0.9465129465694285	0.9309338952560059	0.9066539300327009	0.8980496926783528	0.9322187676019237	0.9148802900373031	0.9094187386260054	0.9022978043314365	0.9307052426544975	0.9294906867759777	0.9081481951798414	0.9805774392457652	1.01631686824045	1.0111632350161601	0.9955979113926358	0.9999281105373788	1.002034492649489	1.0119547612943498	0.929896418456951	0.999727244281862	0.9654723349068959
control_person4	0.32311631287519205	0.3440812894186708	0.30714542766272507	0.0	0.3262552715472318	0.34614866050366505	0.3155069722850923	0.3173464735788898	0.28468978211490964	0.3328686852645956	0.9056888555475875	0.8832987328468959	0.8839596010741843	0.9085444720267603	0.912374899095997	0.9266416165669251	0.8976313796248919	0.9085418761787167	0.9289744325446058	0.9093236659476254	0.7941317766445445	0.8541355075678768	0.8569087666919263	0.82092578594265	0.8365318467429845	0.8328135186356742	0.8597760775227964	0.883759687770749	0.8259326521618665	0.8407952316852981	0.9088933039962932	0.9353175308307228	0.9445091337756556	0.9201740422799252	0.9089415593858455	0.9414268860107775	0.9467324574370146	0.9153342152958918	0.9164887980121535	0.9411579328382195	0.9306051017053381	0.9288909474843653	0.9389982135450033	0.9084317050634053	0.9208302089420997	0.9331374274586484	0.9156116337805069	0.9288497998301506	0.920180295882069	0.9280478152574632	0.9701079723844395	0.9646356448774653	0.9922994498842299	0.9714673828379369	0.9768280472358574	0.9648563475128228	1.0175272301850649	0.9489557277432517	0.9624356102101781	0.9562867208400848	0.9386653148312175	0.9137429958613161	0.9214634490366098	0.9452274560652957	0.9174446700140281	0.9173151320638809	0.90728334874841	0.9269059038461936	0.9494667925932682	0.8888369757838862	1.0173416685423133	1.0265909092552032	0.9882528369042064	0.9797231258045382	0.973779190119522	1.0211658738590432	1.010095130677243	0.9782431805546191	1.022924173567681	0.9833180636830114
control_person5	0.24432644745022392	0.29755537070563476	0.35225095728908157	0.3262552715472318	0.0	0.2828113954953506	0.3612764684461506	0.27777299156405116	0.3356878805538445	0.38272614322762044	0.9423094305478794	0.9095043119391519	0.9393262015302738	0.9504718898096446	0.9531637074912577	0.959904054087394	0.9367460670441637	0.955360940201069	0.9706007238050636	0.9449455406050739	0.8349523291081596	0.9057889279585672	0.8933072885902313	0.8762218232104829	0.8570265517695262	0.869672429401449	0.874588157278779	0.8933608997976822	0.8643986472572981	0.8787090386217474	0.9353507453247722	0.9565731836023766	0.9532479359894936	0.9381212188072936	0.9219400047726445	0.9412883752149515	0.9591132294581359	0.9374543547701307	0.9321585965927561	0.9497786237473851	0.9421862744796434	0.9504063954136501	0.9591972232700052	0.9576966197245297	0.9683220012527101	0.9628955260511458	0.9674817338401834	0.9719826475372003	0.963125076975833	0.9607735880219693	0.9757799287226202	0.9646491523953089	0.9862786369120908	0.9792159170598068	0.970261707309133	0.9706623644440985	1.0151647478263266	0.9555520092771187	0.9805067672093579	0.9559543887124268	0.9893328000886815	0.9907416379901117	0.97375590269707	1.002633003868174	0.9787831826715496	0.9532811718697293	0.9819894645907602	0.9903334940304972	0.9891411078797815	0.967729458058944	1.0326748645696517	1.0611124579557092	1.0208076881981336	1.0242788787059374	1.0104283346278555	1.0366732362436617	1.0306144499982801	0.9904250007816653	1.0418478043449475	1.0253724482066124
control_person6	0.30933634829759565	0.2180787962709105	0.41997713183677693	0.34614866050366505	0.2828113954953506	0.0	0.34030783311999857	0.31151622762424874	0.35078428644919873	0.42095209358127583	0.9167435806792327	0.8974789178868648	0.9151097057523504	0.9344523144986753	0.9351830546049772	0.9284765127189544	0.9059521058389103	0.9414952041391679	0.9486241649359942	0.9440658881557098	0.8436602564491801	0.8924600862869645	0.8822974398772317	0.859431089305587	0.8606497844133798	0.8732111664063491	0.8906816409268128	0.9173800000930581	0.8489541391784022	0.8757714930260765	0.8928541983382658	0.926485136396597	0.9174702167814721	0.9098619401936034	0.895128428162982	0.9121346535066905	0.9198045107069315	0.8935105508007326	0.891251273850587	0.9219378347200661	0.9575596057182199	0.9585999630798561	0.9518654008417681	0.9577626629761542	0.9705143844837839	0.9472489375983186	0.9629199509497646	0.9731442081394882	0.9461469368336907	0.9575575616658707	0.9782662764212624	0.9992957033078897	0.9756544784487482	0.9938464103551496	0.9765824274860616	0.9825418606058154	1.0316284487443719	0.9642789902378905	0.9955119797743675	0.9611783565624528	0.998529852386303	0.9863672184907539	0.9710299822340152	0.9958986839682424	0.962162072418142	0.9693041190695972	0.9723548229112869	0.9883230882000944	0.9684242292056701	0.9574878382479493	1.0183400146954498	1.0515844870282254	1.0183821845612935	0.9962928114095639	1.0010716534885329	1.0384198456199103	1.0281640240203065	0.9960143515660117	1.0266644646985217	1.0076945029458761
control_person7	0.37439448074402165	0.35438641608782834	0.3426558086116671	0.3155069722850923	0.3612764684461506	0.34030783311999857	0.0	0.32276632346767276	0.3829405610082462	0.37224640346992116	0.9341715072622314	0.915955641019902	0.926838168877638	0.9514249023543209	0.9491236336884467	0.9406079971389253	0.9408947360448238	0.941137277627313	0.9615238522115106	0.9664239137296239	0.8458719087961485	0.9096951914162098	0.8946420986400262	0.8839791926713176	0.8823721807629408	0.8789992805076214	0.9113204758667917	0.9230549241290622	0.8875652484220559	0.8933734054579852	0.9296161565189895	0.9636498469734139	0.9353425536706177	0.9377184971819155	0.9272800468757251	0.9553739281323341	0.9714903070204755	0.9334128223088682	0.9087621956167166	0.9565969108315887	0.9357439099129835	0.9342307145258796	0.9565317990623757	0.9224457561497055	0.943450512442321	0.9517367100076709	0.9450771775955623	0.9408666785637968	0.9498448061231731	0.9423263766033592	1.0121474714618761	1.0195042414950592	1.0062383448961851	1.029547350460807	0.9993350620288765	1.017783983190507	1.0600623738831727	0.9852747349995146	1.0059730796042423	0.9874342142450367	0.9632104018509182	0.9379457099085019	0.9341345230820649	0.9567385629016958	0.9266736643246761	0.9263148617683012	0.9270405554100218	0.9618178724971718	0.9567928197785277	0.9331297789114669	0.9990496197354186	1.0343258668754836	1.0045757548906904	0.9992790892011395	0.9938803790277494	1.026338349242116	1.033859227486364	0.97098953228884	1.0106258775179766	0.9872467110296843
control_person8	0.25833282041276956	0.32754126311149057	0.3842177916568614	0.3173464735788898	0.27777299156405116	0.31151622762424874	0.32276632346767276	0.0	0.3449448676594802	0.3795174683049709	0.9476306134538602	0.9460489412036029	0.9304686422448615	0.9367716190441459	0.9597395869787791	0.9597675823678782	0.9269664675101399	0.949820368514536	0.9828578449640942	0.9587524371965818	0.8435736670594495	0.9075880358218265	0.9030176823106234	0.890640539740647	0.8626695943898585	0.8614656346183771	0.8887264995617301	0.9120898966047779	0.8682301515069152	0.8863672872236584	0.9371682546888406	0.9547520891449751	0.9443642730117638	0.9537475593645698	0.9321127843724539	0.9454725495037564	0.9526301524462967	0.9329392323522415	0.9138166396825868	0.9686539572805931	0.9203444324469507	0.9331740298637125	0.9422094518625211	0.9249796972527214	0.9164824352143303	0.9267145125347803	0.9304542198596878	0.9496623875449611	0.927166890107121	0.94418302690881	0.98735161063872	0.9951138097659242	0.9915634278191	0.9942072777537447	0.9927587117664494	0.9901718763444314	1.027785389402971	0.9742533550068683	0.9921125840967379	0.9731978494877717	0.9777329586853636	0.9749002528796296	0.9658827169870865	0.9585485992881537	0.9615439203837647	0.9572486469623402	0.984298529628856	0.9986755532111367	0.9824824590369837	0.9557828173020233	1.0079011061419791	1.040526309584302	1.0072081483090227	1.0006464006517333	0.9886134578035946	1.029819757397203	1.0285416912629535	0.9881652149588768	1.0323473439599367	0.9923833482247559
control_person9	0.3548775469621704	0.3242237580837281	0.3032159711166695	0.28468978211490964	0.3356878805538445	0.35078428644919873	0.3829405610082462	0.3449448676594802	0.0	0.314102688596469	0.8966333811530576	0.8891158716079247	0.8800856107387581	0.8978992065691493	0.9212266839523783	0.9265421103457455	0.8969610522606728	0.9301226487518477	0.929983905182839	0.9077359590763542	0.845728664288801	0.892092088790541	0.8753955543712617	0.856152344850955	0.8770517143381984	0.8711669973137365	0.8740076204442176	0.9058475425148896	0.861276267384508	0.8901596351883069	0.9286094082864493	0.9537685039684362	0.9630004660133769	0.9420999401020911	0.9191632658500747	0.9398289734934958	0.956956761152183	0.9300593371866879	0.9041194057616917	0.9552194290467706	0.9394259574142239	0.9572111584549464	0.9658198158867939	0.954124099945089	0.9509886395955326	0.9538980707658165	0.9583410023944143	0.9648276032972828	0.9561387717960649	0.9569037855513	0.9885137553503135	0.9982706013334305	0.9986012348532186	0.9686497791087377	0.9818519961155886	0.9751964306991863	1.0112909084748143	0.9760783032735187	0.9850773669909164	0.9485032728264572	0.9627278338252417	0.9587004327697929	0.9513823755255533	0.9568853954665619	0.9500214852189705	0.9498833217470616	0.9366316856882467	0.9668343429002767	0.9736581237417159	0.9352668713164731	0.9986277581739682	1.0251608836420198	1.006213472977027	1.0040378350125838	0.9875461247891951	1.0162407465801897	1.0291952268108222	0.9708495477548623	1.0263942407477946	0.9822730354125937
control_person10	0.3816225925413356	0.417456227608634	0.26802418782404963	0.3328686852645956	0.38272614322762044	0.42095209358127583	0.37224640346992116	0.3795174683049709	0.314102688596469	0.0	0.9377372561508353	0.9221730152480011	0.9469562723257937	0.9405281359246765	0.9596129350064747	0.9558004543799495	0.9511798941842549	0.9782490320125277	0.972869815596238	0.954334832645062	0.8381091987189744	0.9237380602984899	0.882490311604709	0.8852098740326018	0.8838918503509501	0.8986867266888229	0.902183008410887	0.9127466503206368	0.8947843906839276	0.8732999838872627	0.9590282956987465	0.979919754891474	0.9888794009127885	0.9775046959507546	0.9464145231575162	0.9729144995065014	0.9700721379178852	0.9691559003930371	0.9409351237854211	0.9975106594811218	0.9026700550427168	0.9126579445973992	0.9366480010231153	0.9006272747296258	0.9032025638312379	0.9288109341368836	0.9150796231501278	0.9258738631567502	0.9013432711805958	0.8995755323621488	0.9801718192207971	0.9984702900910937	1.0090996490923414	0.9773439040012973	0.9773220914991408	0.9837423035796593	1.0279571542095576	0.9705813195692726	0.9856783570449003	0.9621689059497517	0.9557418713095338	0.9374334361910205	0.9269822336683166	0.9543491927986111	0.9339469921037302	0.927707492962833	0.9375504336456744	0.959304581900776	0.951658293305984	0.9255517150069152	0.9681499102600799	1.007031579055709	1.005703188602875	0.9925090432531445	0.9754880364740324	0.9931929995919252	1.010918080520518	0.9357135736693035	0.9764313846889866	0.972364269409363
control_cat1	0.9307732458393919	0.9166920629553832	0.9212119950972646	0.9056888555475875	0.9423094305478794	0.9167435806792327	0.9341715072622314	0.9476306134538602	0.8966333811530576	0.9377372561508353	0.0	0.27366681182210056	0.27015366776611816	0.25166076755206884	0.28186823015056395	0.24946311600481286	0.2865907061897079	0.2805503981535365	0.22021259234484847	0.23535553128438655	0.7528116364832994	0.7290637106346669	0.7211543121033617	0.7499590063218455	0.7399614104121917	0.7788703929401959	0.7566068854341969	0.7614326914146606	0.7456040499226742	0.7474053410605066	1.0165880914820404	1.023427027306232	1.0211937453401552	1.020684018925776	0.993464842069362	1.0149485520740529	1.0246778046830771	1.0357968058884133	1.0106797397243628	1.021018127950728	1.0324186603197376	1.0564433443519308	1.0305566320671675	1.026441557964292	1.0322209879068005	1.0782539759496692	1.0454993076383396	1.0207740754305503	1.0359025601544574	1.0585392826595699	0.9890537900041724	1.044419933232473	1.023458809709365	1.003304023854149	1.015814532822671	1.0346462279032034	1.0436911406634344	1.005297616658793	1.0294817712850266	1.0198471226720403	1.010661256117066	1.026618453094638	1.0266157091700938	1.0120021541133246	0.9995979571042614	1.0168231172359905	1.0063024790191823	1.0217038367552844	1.0411224407515196	0.9936935576273533	1.0891103596829501	1.0731733124797893	1.0782140622616334	1.0550101090457515	1.064922659047941	1.0735001323075843	1.0664191361006445	1.063791024467264	1.0973533867312646	1.058545809688585
control_cat2	0.8996002519706283	0.8783082668730168	0.9217078872803569	0.8832987328468959	0.9095043119391519	0.8974789178868648	0.915955641019902	0.9460489412036029	0.8891158716079247	0.9221730152480011	0.27366681182210056	0.0	0.21535308346106	0.29161740628090943	0.30357508037704706	0.27727701993029535	0.3043082048165989	0.27652303555620217	0.28951560293632206	0.3062076961760148	0.7559796602608717	0.6921190884169321	0.7177681499506845	0.7387693160820675	0.7200042705092776	0.7838101508133817	0.738030362051136	0.7217945839254287	0.7463632791190313	0.7447776172906241	1.0351806943652042	1.0372092050115742	1.055567094002131	1.0281215734498301	1.0074443396196968	1.034913512789547	1.0268261080283614	1.044243106676217	1.0125430922405565	1.0349847057756916	1.030740344231047	1.0444054768690791	1.0244999342454408	1.0115480565897672	1.0582969536184252	1.0613820207301463	1.0340271764400526	1.0339915151092804	1.0427799921225311	1.0415430822287364	1.0106928778750215	1.0422309016526465	1.0368181411350725	1.0189938282179098	1.0191277200177213	1.0336599493471605	1.0593174875109699	1.0336043240947592	1.0216122492969533	1.0250026449263259	1.0249759474105222	1.0239860663289087	1.0197187351169612	1.036239030432261	1.016645914764251	1.0387290553856667	1.0195854121360062	1.0162653645270836	1.0426043868767536	1.029547641172684	1.0804594254643798	1.0435740746563595	1.0933620417398353	1.0422062737125417	1.067495396773349	1.0776907453887958	1.0665149918542678	1.0540562637707274	1.0883304882930414	1.0444352857993366
control_cat3	0.9197298205036599	0.901520336750956	0.9202305778674151	0.8839596010741843	0.9393262015302738	0.9151097057523504	0.926838168877638	0.9304686422448615	0.8800856107387581	0.9469562723257937	0.27015366776611816	0.21535308346106	0.0	0.3064600740902513	0.32079059376201857	0.29198559011943576	0.3298969763906026	0.30142196665302745	0.2919758892867773	0.3087489887386896	0.7726270801767051	0.7139235322352039	0.7340975502115182	0.7413184300570315	0.7390955249734528	0.7882902136127526	0.7424564193020554	0.7608225976838283	0.755974759286567	0.773836911274318	1.040678717845157	1.0520254078153815	1.060075424003172	1.0450588492764352	1.029369772700968	1.0342614863079655	1.0404007824455883	1.0495017834065277	1.0295457557081964	1.0554517681066027	1.0323640197862907	1.04905465257008	1.0459793574337597	1.0168329610616313	1.047434212575275	1.076516174325074	1.0477161213992099	1.0432367431457532	1.0513456158194414	1.0581016474667226	1.0097604516659355	1.0530010566702492	1.055131651154997	1.0435099057975092	1.0313776877475087	1.0491503939438704	1.077100721175163	1.0288145404161555	1.0491817497038889	1.0440972302086295	1.037800866298754	1.0437862662203805	1.0417704590775698	1.0509420472722466	1.0159511608906364	1.0280482915314915	1.022641909846547	1.0270092027054438	1.0503032269046106	1.0243499881052907	1.0747471919601514	1.061868370049309	1.0820604980600572	1.0322494665522592	1.0392165262280206	1.0735546253035144	1.0577638602674109	1.0443964225877975	1.073120068533496	1.034649526551116
control_cat4	0.937354702309121	0.9166251048388723	0.9361551127001723	0.9085444720267603	0.9504718898096446	0.9344523144986753	0.9514249023543209	0.9367716190441459	0.8978992065691493	0.9405281359246765	0.25166076755206884	0.29161740628090943	0.3064600740902513	0.0	0.2511216279945176	0.24409813636346708	0.2861437010096295	0.3001938784699379	0.26667606432635504	0.26961475574934746	0.7768478286521753	0.74143676911327	0.7291372952114427	0.7542406569859023	0.7411523959449906	0.7770936355645639	0.7515415142890681	0.7349420574455798	0.7763357902585373	0.7557194156761525	1.0746124027726098	1.0845787426994387	1.0820694938993438	1.0762341004724296	1.0413903686764123	1.0621666879066132	1.0720359203883187	1.0867613648419607	1.0438636294570658	1.0659954936373863	1.0513443284442692	1.0503013557584426	1.0515418930325546	1.0478950417893462	1.047682530062743	1.0810185772717953	1.0715520943248547	1.0554998139674867	1.0710558484419073	1.0319494939405063	1.032027106196988	1.0684822416745487	1.059309496347054	1.034427752708336	1.0659008364057898	1.0311578232974743	1.0505762913587302	1.0445129510462785	1.0564659804982925	1.0144862802637848	1.0127803438799545	1.039733302650214	1.0254481507568567	1.0173209459195354	1.0165874402406785	1.0113120051857258	1.0123575565708436	1.0144120932263745	1.0239204597315903	1.0152916177446258	1.078754771248474	1.0614407227733371	1.100609042247071	1.0707010674626625	1.0779958933828315	1.0897467622936692	1.088537075111863	1.0583631366463815	1.0994243589606965	1.069081260896578
control_cat5	0.9418507176132022	0.9296117237424174	0.9294795856056175	0.912374899095997	0.9531637074912577	0.9351830546049772	0.9491236336884467	0.9597395869787791	0.9212266839523783	0.9596129350064747	0.28186823015056395	0.30357508037704706	0.32079059376201857	0.2511216279945176	0.0	0.2740442420539343	0.22547886872050996	0.2784510995872703	0.25812179966996235	0.2948942127314004	0.7458774936555203	0.7076431696505928	0.7223099788874209	0.7450032068590751	0.7345042072688883	0.7550288316779837	0.7455717492504026	0.7557622111226969	0.7755366369276072	0.7536652854757896	1.0504682555042208	1.0513167390086455	1.0657991880626692	1.0496886737841689	1.0371424857992024	1.0394676513203094	1.0604225315775804	1.0672252217960734	1.026364165065219	1.0483958281219818	1.0410584924683006	1.05406525239937	1.0529501434886201	1.0408500790331023	1.04071275339477	1.0779610288338004	1.055956926617213	1.054037354210934	1.0624898892058168	1.0529982651629763	1.0150825741061598	1.0434595574203056	1.0430113800472685	0.9995739532137232	1.0215095416062328	1.0156309803083492	1.0348532133511656	1.0067686129933742	1.033121580006172	1.0146032873658573	1.0339172863103985	1.0255061142806357	1.0257850730397988	1.0201579284734492	1.004620476275513	1.0085454325072833	1.0051374968295121	1.0026631242892778	1.0344687592037958	1.0024252975005743	1.0653452812773967	1.054575512428585	1.0776594890690108	1.0720666876216087	1.0605094741442327	1.0653821323381973	1.059741189169177	1.0449934373398588	1.0767256433278296	1.0556196280752241
control_cat6	0.94838793654639	0.9174142941264701	0.9483772391638472	0.9266416165669251	0.959904054087394	0.9284765127189544	0.9406079971389253	0.9597675823678782	0.9265421103457455	0.9558004543799495	0.24946311600481286	0.27727701993029535	0.29198559011943576	0.24409813636346708	0.2740442420539343	0.0	0.24088790317792574	0.2383097304242737	0.25473923958457756	0.2974652035949432	0.7434089782597539	0.7108401821593847	0.709164418976098	0.7512119498609618	0.7295854168182796	0.7550879742455688	0.7597296818019834	0.7518385895671816	0.7401586789519293	0.7235544281425503	1.0167776902886525	1.04042069906873	1.0421220852279716	1.0283658745001343	1.0121600358985303	1.0214336138117739	1.0300739479607892	1.0409321199249484	1.0120227918317968	1.0188659589269813	1.062162974898474	1.0786923305452425	1.0779813921211931	1.0484251611507036	1.0425268634745193	1.0964654066058175	1.073590974403756	1.0650061744396224	1.0892422301499372	1.0859394708023584	1.0094460599042188	1.0369243212809443	1.0481374323720412	1.0258513515659933	1.0527342166125604	1.0275022737878048	1.0552273252742934	1.0360285205389	1.0421947205041355	1.038810274931338	1.0011948335022836	1.0121914089942667	1.0019522879581393	1.010564565611176	0.9969997289582935	1.014072353914863	0.9850092906070281	0.9959548507217904	1.0233359198433047	0.980246580883431	1.0665552189131142	1.052284305196143	1.0747426282276307	1.0656240463579159	1.0735039719311574	1.0665149380854286	1.0573975191565277	1.0406997932633641	1.0774242542373023	1.0598759846976948
control_cat7	0.9203901112388042	0.9035356198186086	0.9324006174549645	0.8976313796248919	0.9367460670441637	0.9059521058389103	0.9408947360448238	0.9269664675101399	0.8969610522606728	0.9511798941842549	0.2865907061897079	0.3043082048165989	0.3298969763906026	0.2861437010096295	0.22547886872050996	0.24088790317792574	0.0	0.27940773326316276	0.29908350141242007	0.3123981517827853	0.732333751598685	0.698914857985985	0.7085940801642037	0.7136204938253426	0.6918176357158538	0.7341829715753548	0.7413057880432764	0.7103931937758791	0.73966096889239	0.7452618261216789	1.047513102539982	1.0629188841160124	1.060576753148576	1.053628246359018	1.0194552960559973	1.024741652760504	1.056696400053475	1.0567110513706848	1.040674388320474	1.0523076099255246	1.0888042254373897	1.075111781367889	1.0647094900294671	1.075897851551892	1.0632416900310906	1.0970780024162459	1.083297369000191	1.072501436349713	1.0911870907979553	1.0719189724559708	0.9667115201008318	1.038489748300966	1.0210343568494264	1.0057641593777582	1.0102755230017697	1.0172040328246585	1.0390948021775885	1.0100211612384458	1.0061928519274164	1.0190722352183943	1.0103349909812904	1.0297816516948246	1.0290102739196458	1.0112665355619543	1.0075975464496785	1.007234425827183	0.9986291843565049	1.0399137623728434	1.0287285145889622	0.9969735110491679	1.0840839294811622	1.0640084978539521	1.084134388366817	1.0657983031265414	1.07154658535888	1.0820050331307087	1.080731210272557	1.053086179104315	1.0863502357255013	1.07311564910702
control_cat8	0.9426377818974281	0.9351306016954619	0.95150336799969	0.9085418761787167	0.955360940201069	0.9414952041391679	0.941137277627313	0.949820368514536	0.9301226487518477	0.9782490320125277	0.2805503981535365	0.27652303555620217	0.30142196665302745	0.3001938784699379	0.2784510995872703	0.2383097304242737	0.27940773326316276	0.0	0.24796261652521823	0.31359471786868226	0.7029072326436224	0.6840517502784781	0.7028056098424005	0.7257853857296221	0.702511717343129	0.7391949353876488	0.7298002483883017	0.7448513405303273	0.7185634300589495	0.7154985805664302	1.0465011246338514	1.0271792433491564	1.0518081634594725	1.049621684391489	1.0171298313300943	1.03577793491773	1.0380418511205503	1.0479917892130812	1.0288657799215506	1.0342030575686347	1.060116760613691	1.0618635371880212	1.0701263465487185	1.0355603370286541	1.0584866127064438	1.082754825572051	1.072669831417849	1.0526076815373386	1.0645485153033925	1.0671628006560765	0.9696977282608187	0.9823860057111243	1.0117293509055834	0.9843402021837261	0.9886909106916456	1.0092523020987192	1.0293199603654284	0.9810412848205187	0.9865405954660308	1.0031244337526537	1.0172819676430482	1.0272396441396088	1.02622648398537	1.043291685366287	0.9989269412265211	1.0209472859114233	1.0167913048542916	1.0156870801809703	1.0374397001333076	1.0184918409954342	1.1007235072756172	1.0904111883155	1.091897584280099	1.0696269547876955	1.082280503239438	1.0753651545018224	1.079971662533054	1.0524069477712155	1.094198188297273	1.0730058762583583
control_cat9	0.9579212840490833	0.9308971246544235	0.9549216582529745	0.9289744325446058	0.9706007238050636	0.9486241649359942	0.9615238522115106	0.9828578449640942	0.929983905182839	0.972869815596238	0.22021259234484847	0.28951560293632206	0.2919758892867773	0.26667606432635504	0.25812179966996235	0.25473923958457756	0.29908350141242007	0.24796261652521823	0.0	0.280595172312341	0.7815043277766516	0.7450994675226742	0.7377357364073489	0.7795860232356445	0.7491161284580563	0.8001952021765781	0.7720217056590901	0.7968985991719031	0.7851262312502935	0.7702777973151953	1.0360934025526127	1.0437965318351732	1.057393541815215	1.0410928415334433	1.0119423102009655	1.033926528556451	1.0524206776830327	1.0559851694090512	1.0318807847953304	1.0505627099380348	1.053142216233438	1.0474929037461267	1.0421013038513738	1.0325887281234125	1.0428306866000594	1.0738298458592705	1.0491500326611443	1.0411653459382093	1.0673803816886733	1.0536775484845322	1.0208518909128506	1.0222693769616271	1.0374620171943263	1.0162528100247585	1.034756448011107	1.027569855695707	1.0420770730252036	1.017661633873001	1.0293920813121455	1.0184472400415812	1.0407457852107076	1.0340887776614958	1.020731901340075	1.035641396471294	1.025921606988317	1.0309736550878699	1.0186626369355645	1.034250810197811	1.0510707443146503	1.017490188984163	1.0684716133668477	1.0569012771434272	1.0802281271448313	1.0754540413995515	1.0739325359815461	1.0713759197176111	1.0569150923490105	1.0243600158373787	1.0628693246401704	1.0478522553727232
control_cat10	0.9356614624460633	0.9274161785918956	0.9329222373098346	0.9093236659476254	0.9449455406050739	0.9440658881557098	0.9664239137296239	0.9587524371965818	0.9077359590763542	0.954334832645062	0.23535553128438655	0.3062076961760148	0.3087489887386896	0.26961475574934746	0.2948942127314004	0.2974652035949432	0.3123981517827853	0.31359471786868226	0.280595172312341	0.0	0.7464503872726781	0.7035156999481947	0.7301263291244235	0.758545101231148	0.7456645986712225	0.7594771167898319	0.7577145156991048	0.7753356606431269	0.7464798725069531	0.7437414242907244	1.079043840071237	1.1012659313862665	1.0932617956265696	1.0808140092788292	1.0551839654401727	1.0906108572811724	1.0860798863770313	1.0990554977621254	1.0677330161679246	1.091631650266637	1.0491092685148904	1.0663925812619433	1.0561697830231271	1.0464589385029592	1.0564678245230785	1.1012550300138548	1.075356612281064	1.0391134616589803	1.069190788499659	1.0701471078879763	1.0252530659770172	1.0686692203978891	1.0658607821596275	1.0450631651830784	1.0547318831036177	1.057127869085438	1.0937354169557958	1.0395268034388718	1.0483401862980264	1.0540388734638373	1.0115877856468165	1.026617016135223	1.0154203376260058	1.019286756495352	1.0151946543090777	1.010316586833913	1.0194959952311644	1.0182985747742237	1.0402889073451353	1.015747217264831	1.0819163523535782	1.085496589725646	1.0793247597041506	1.0592768500541003	1.0552197825826557	1.072605148242298	1.0658044051206754	1.0551044792525806	1.087040379774287	1.0709537318306748
control_bird1	0.8326736862830948	0.8790608119906377	0.8399333486840941	0.7941317766445445	0.8349523291081596	0.8436602564491801	0.8458719087961485	0.8435736670594495	0.845728664288801	0.8381091987189744	0.7528116364832994	0.7559796602608717	0.7726270801767051	0.7768478286521753	0.7458774936555203	0.7434089782597539	0.732333751598685	0.7029072326436224	0.7815043277766516	0.7464503872726781	0.0	0.3807234152872389	0.40468880970634974	0.37606637665547776	0.4028668384252827	0.3751468991934244	0.393024610895391	0.3953504456716876	0.3363729092168993	0.384957828886187	0.9380161000556723	0.9503955572886784	0.9469773521009995	0.9525569139757839	0.9329329065169546	0.9381154602905867	0.960007624444665	0.9508734202710488	0.9305438079428512	0.9751945846775676	1.0077196747937747	1.0172564759321239	1.0009802606098466	0.9912656783237925	1.0197797413228828	1.019763660120965	0.9994567259896133	1.0238322331001661	1.0196642968469034	1.0242058209766418	0.8536653190570892	0.8578768508380455	0.8885881020878844	0.8654056563012957	0.8764473777786782	0.8833803694250734	0.9086062022150633	0.8613528242818845	0.8544599072928537	0.8861983742975056	1.031501306202536	1.059997992324286	1.0116720967988277	1.0375100023540278	1.0403378559852237	1.0186232284184376	1.0137243714323705	1.0511912636036487	1.042106344003461	1.0369921704896667	1.036273277795848	1.0455880745899961	1.023967498258076	1.0157272677273679	1.0090135694069013	1.030521055018397	1.0329447240162943	0.9908997501722149	1.0342983684859668	1.0303766851560223
control_bird2	0.9099972987697569	0.918086684472141	0.9167777887238227	0.8541355075678768	0.9057889279585672	0.8924600862869645	0.9096951914162098	0.9075880358218265	0.892092088790541	0.9237380602984899	0.7290637106346669	0.6921190884169321	0.7139235322352039	0.74143676911327	0.7076431696505928	0.7108401821593847	0.698914857985985	0.6840517502784781	0.7450994675226742	0.7035156999481947	0.3807234152872389	0.0	0.31295136259843354	0.3100560360624747	0.26164857340022335	0.28963247514408813	0.31472819488420617	0.33932682715241685	0.2689843242559344	0.3154903686140314	0.9758299256703389	1.0106962145495098	1.0068832129090828	0.9978882663728039	0.9774295011554176	0.987941793364183	1.0015139336828633	0.9761972743211754	0.9815440345856412	1.030372581152693	1.029945666032086	1.0459465139209694	1.0454008254808782	1.025014428079775	1.0313786995764214	1.0595532738588156	1.020325264929381	1.064469110995983	1.0333254255332913	1.060175357000003	0.8936580289114425	0.905042584854791	0.9131077250420048	0.9050428318777993	0.902146970383361	0.9020107537749695	0.9294623155732399	0.9036113721273294	0.8920791353328353	0.9203781599621056	1.075711229410711	1.1106595504783976	1.087004783687178	1.0579313694980543	1.0425866604656382	1.054723767623563	1.0448374863676817	1.0829447383955113	1.0769464259493036	1.0729873200416598	1.080939670242423	1.0942024728742799	1.0724145799171179	1.057031549130717	1.0806930290001668	1.073826521472853	1.0786743325325265	1.0557489978985204	1.0779738226413464	1.0757382529039032
control_bird3	0.8879583630693645	0.8969646905981886	0.8896580957609269	0.8569087666919263	0.8933072885902313	0.8822974398772317	0.8946420986400262	0.9030176823106234	0.8753955543712617	0.882490311604709	0.7211543121033617	0.7177681499506845	0.7340975502115182	0.7291372952114427	0.7223099788874209	0.709164418976098	0.7085940801642037	0.7028056098424005	0.7377357364073489	0.7301263291244235	0.40468880970634974	0.31295136259843354	0.0	0.32742365022270925	0.29406998330087897	0.3584615300545836	0.31271537311662867	0.34262350041536516	0.33933026287289597	0.20032361697848258	0.9555500666257946	0.9709621868505832	0.9679477732609828	0.9692437800187225	0.9453455428949799	0.9280441711551038	0.9636307028700114	0.9538634437247467	0.9559202240598811	0.9902116040929421	0.9943666995365273	0.9918094160345929	0.9884264997858285	1.0033836811664292	1.00992961285449	1.0341007138802187	0.9955965053379315	1.0185719627753202	1.004327906143086	1.017830313527315	0.8814204885268893	0.8672573585356073	0.8801908579150826	0.852111215985124	0.8937428682626499	0.8721043425838776	0.9038243985050265	0.8813677946850028	0.8852202957310841	0.8939117251139153	1.0485482068676222	1.060511393625585	1.0331294641410156	1.0410734119543545	1.0285714584227323	1.0271900005801937	1.0149657181989757	1.0418088420364133	1.0626813529300447	1.0344453832948433	1.051878435107866	1.0595868760113518	1.030391872247334	0.9959583698043034	1.0142405686951603	1.0511475519452789	1.0292462429884555	1.0179466906272983	1.0485306937824124	1.0305304843892638
control_bird4	0.8767035883308479	0.8833790387604418	0.8604743756103219	0.82092578594265	0.8762218232104829	0.859431089305587	0.8839791926713176	0.890640539740647	0.856152344850955	0.8852098740326018	0.7499590063218455	0.7387693160820675	0.7413184300570315	0.7542406569859023	0.7450032068590751	0.7512119498609618	0.7136204938253426	0.7257853857296221	0.7795860232356445	0.758545101231148	0.37606637665547776	0.3100560360624747	0.32742365022270925	0.0	0.2741996490988428	0.3005264086679009	0.2565789833750976	0.28832599224482397	0.3106199325356024	0.31879392400850726	0.967771502364603	0.9850753102966453	0.9829747209597005	0.9929305901292839	0.9612941042332291	0.9831206261807091	0.9788412879503038	0.9824767837193271	0.9635893348093998	1.0039273717246526	1.0149865654649188	1.0247424877574973	1.0112615684373454	0.9995077478681439	1.0541980110572788	1.0298133080881047	1.011110994881856	1.038677950757638	1.0284571443955688	1.0458754579340044	0.8862998968901448	0.8641700783918992	0.8863913739982028	0.856793874774898	0.889679436574093	0.8748902385806931	0.9355482640047974	0.8762207932314428	0.8981152610065738	0.8930395923311764	1.0379745942652419	1.06547154854315	1.0345623673039979	1.0286853418178046	1.0367227540646053	1.0285421739215854	1.0308898539190974	1.0484517367432629	1.0648966384220648	1.0558744177467572	1.0512608037236766	1.0431176818424517	1.033785420843711	1.0291342441518072	1.032403226798831	1.0419691019459338	1.0191386876355017	1.0124566365409593	1.0437213838950283	1.0362936111265937
control_bird5	0.8650452151855901	0.881047850643817	0.8813979680815017	0.8365318467429845	0.8570265517695262	0.8606497844133798	0.8823721807629408	0.8626695943898585	0.8770517143381984	0.8838918503509501	0.7399614104121917	0.7200042705092776	0.7390955249734528	0.7411523959449906	0.7345042072688883	0.7295854168182796	0.6918176357158538	0.702511717343129	0.7491161284580563	0.7456645986712225	0.4028668384252827	0.26164857340022335	0.29406998330087897	0.2741996490988428	0.0	0.3168007546707217	0.2717486502595581	0.33238714332996533	0.2929264986180995	0.31904397696413805	0.9915228394617629	0.9864697946029494	0.9884285704903519	0.9857190580433208	0.9629655652210901	0.9496518437796732	0.9818633980618144	0.9721917796969856	0.9530185194980407	0.9984505854987007	0.9966540121068868	1.013706185483203	0.9938967644061404	0.9870163005868121	0.9990404267293226	1.0247738699741353	1.0055024471324596	1.0325056016300735	1.0059991481947	1.0203869575091113	0.8757127184017861	0.879583310797765	0.8935911926700277	0.8920573810041634	0.8851527290735439	0.8971783557770201	0.8911138845103769	0.8999577165734117	0.9042508492530661	0.886134586800188	1.051101614045313	1.0750687375175252	1.038064989637746	1.0468293961639048	1.0200543758021596	1.0333157082560813	1.0377356553632884	1.032080172549266	1.056446481448956	1.0518849047939147	1.0564549809734578	1.0823886929313495	1.071740759901282	1.0429420034445334	1.062605660373075	1.0770056125769767	1.0729837243854299	1.0485248825499889	1.0758814695123902	1.0577698825941102
control_bird6	0.8867385924286634	0.8770784918600598	0.8742067688902921	0.8328135186356742	0.869672429401449	0.8732111664063491	0.8789992805076214	0.8614656346183771	0.8711669973137365	0.8986867266888229	0.7788703929401959	0.7838101508133817	0.7882902136127526	0.7770936355645639	0.7550288316779837	0.7550879742455688	0.7341829715753548	0.7391949353876488	0.8001952021765781	0.7594771167898319	0.3751468991934244	0.28963247514408813	0.3584615300545836	0.3005264086679009	0.3168007546707217	0.0	0.35765167054782815	0.32852845823793725	0.297395596896136	0.3747574944216352	0.9938906470348049	1.0107510998154243	0.9986285026825733	1.0139824563991215	0.9839361497180434	0.9925917527817357	1.0136609541669628	1.0020968775109051	1.0006003579257006	1.0219873485383801	1.0401564661643201	1.0377058225180502	1.0298948591418127	1.0221325543800805	1.0394012096272265	1.052519704350558	1.031209485939245	1.0531229829014939	1.0250148630905043	1.0390062986445474	0.8686995639980094	0.8651171341683962	0.8869311463168621	0.8662999378676816	0.9000301088253647	0.8788245901337794	0.8960519135641595	0.8752254179982558	0.8877338134037944	0.8942544390679479	1.044945233010219	1.076261722103735	1.0551186208567163	1.068217159303212	1.0554675826610924	1.046286604872111	1.0513568050653406	1.0753780353467328	1.0699248320913464	1.0691567090510359	1.079602019097385	1.07374515211079	1.0464680134546411	1.028401455505006	1.0430028412780654	1.0598364462036327	1.0634604214679322	1.030277909611289	1.077041742068564	1.0562297167820807
control_bird7	0.8800146675232484	0.9005036556675093	0.883138475867656	0.8597760775227964	0.874588157278779	0.8906816409268128	0.9113204758667917	0.8887264995617301	0.8740076204442176	0.902183008410887	0.7566068854341969	0.738030362051136	0.7424564193020554	0.7515415142890681	0.7455717492504026	0.7597296818019834	0.7413057880432764	0.7298002483883017	0.7720217056590901	0.7577145156991048	0.393024610895391	0.31472819488420617	0.31271537311662867	0.2565789833750976	0.2717486502595581	0.35765167054782815	0.0	0.2947029019805701	0.3261677016155288	0.31821062714785864	0.9635069445192765	0.956753057090453	0.960035848272808	0.9751098599380092	0.9539975292832943	0.9411530554887975	0.9532744238511097	0.9480312323589442	0.9412625887644737	0.9857539909105401	1.0275393142816058	1.0393527784215135	1.015664136910979	1.0120386423101448	1.038788263712666	1.0458360224559802	1.0284371558792273	1.040876918849984	1.032429108957854	1.0550459756528274	0.9089810831388828	0.8822320411456288	0.8842082550060922	0.8492195982275071	0.887329604280071	0.8770543820800238	0.915886914234664	0.8915713256438039	0.874607427036384	0.8996252409142595	1.022005269017262	1.0451052461977801	1.0365384238414854	1.0313557168886183	1.029560427675384	1.0221595908556034	1.0362501385521112	1.0372884378246434	1.0333447505405529	1.0306228981645478	1.069023554362662	1.065844143491219	1.0469849861124507	1.0434986103121082	1.0465472301318643	1.0518226009569511	1.0455364445526034	1.0424410278529945	1.0525037055144073	1.049546763678846
control_bird8	0.902522753483677	0.9146538133672572	0.9038190599255692	0.883759687770749	0.8933608997976822	0.9173800000930581	0.9230549241290622	0.9120898966047779	0.9058475425148896	0.9127466503206368	0.7614326914146606	0.7217945839254287	0.7608225976838283	0.7349420574455798	0.7557622111226969	0.7518385895671816	0.7103931937758791	0.7448513405303273	0.7968985991719031	0.7753356606431269	0.3953504456716876	0.33932682715241685	0.34262350041536516	0.28832599224482397	0.33238714332996533	0.32852845823793725	0.2947029019805701	0.0	0.35706850576665433	0.34691862350571345	1.0078758798429008	1.0530433090245752	1.0364802838369003	1.0261724401949512	1.0029468472263197	1.0232179986157772	1.0265569232158247	1.0259665933357935	1.0098502496682313	1.0601538333008693	1.008466596658905	1.0259325391766232	1.0120129808658784	1.0130501430987922	1.068276404386119	1.049181745791991	1.0305341709951934	1.039095110005716	1.019253621033466	1.0405142240666299	0.87902857865223	0.8790180736457907	0.9163493266470528	0.8637328657090844	0.8908724852909597	0.8914828870272793	0.8852542002456526	0.8947133873988528	0.9170551582909077	0.8752960111040118	1.0655554969892287	1.094119724686248	1.0721610228666125	1.068295225410879	1.0513069392255412	1.0487809007198796	1.0532561159448086	1.0587504054983699	1.0692299747079501	1.0906776136988137	1.0431240253088843	1.0226484776836096	1.0338773613785786	1.0306983725079952	1.0117271563889454	1.049647188413003	1.0422895995590076	1.0253792834236917	1.0445138064487858	1.0351355815276655
control_bird9	0.8799201475446007	0.8787996611802192	0.8746701556492884	0.8259326521618665	0.8643986472572981	0.8489541391784022	0.8875652484220559	0.8682301515069152	0.861276267384508	0.8947843906839276	0.7456040499226742	0.7463632791190313	0.755974759286567	0.7763357902585373	0.7755366369276072	0.7401586789519293	0.73966096889239	0.7185634300589495	0.7851262312502935	0.7464798725069531	0.3363729092168993	0.2689843242559344	0.33933026287289597	0.3106199325356024	0.2929264986180995	0.297395596896136	0.3261677016155288	0.35706850576665433	0.0	0.3425142017181036	0.9852644616950496	0.9937588372014688	0.9932192205166852	1.004459279304272	0.9709496331301891	0.9936645730438941	1.0001128527022172	0.9829777452103099	0.9726067581674329	1.0185390961412495	1.026630651407659	1.0353757148917835	1.026446280774842	1.0100162253877196	1.0434238571929928	1.0527917077982187	1.017536724985459	1.0415462148001866	1.0203773249672823	1.063941114059639	0.8953466921275045	0.8970255964227405	0.9150577061367524	0.9177627650859649	0.9212172956776989	0.9286279900960146	0.9347826243581246	0.9236368305560927	0.9182958340646791	0.9361860215354114	1.0520984698151696	1.0886725842727585	1.0734366190084719	1.0502266311218338	1.0339553509039772	1.0478068755622973	1.0349249970952665	1.0604281032669571	1.0621404568670842	1.062518364618411	1.084056629851503	1.0989602044561237	1.0839805306646004	1.0598338093396846	1.06657462317981	1.07502046962924	1.0822127884959416	1.064676816516322	1.0845090492205645	1.0836722518640172
control_bird10	0.8670436854019226	0.8806603296121537	0.8789316316084651	0.8407952316852981	0.8787090386217474	0.8757714930260765	0.8933734054579852	0.8863672872236584	0.8901596351883069	0.8732999838872627	0.7474053410605066	0.7447776172906241	0.773836911274318	0.7557194156761525	0.7536652854757896	0.7235544281425503	0.7452618261216789	0.7154985805664302	0.7702777973151953	0.7437414242907244	0.384957828886187	0.3154903686140314	0.20032361697848258	0.31879392400850726	0.31904397696413805	0.3747574944216352	0.31821062714785864	0.34691862350571345	0.3425142017181036	0.0	0.9817648175258239	1.0027164045584387	0.9856366182996613	1.0006723737549483	0.9683847057353566	0.9783747627253501	0.9871544727870187	0.9739937099109519	0.9722292397876952	1.0171479522739733	0.989160085596605	0.9951075812754212	0.9750549366121007	0.9831742181721446	0.9860715746832855	1.0076508630827912	0.9908958175731004	0.9958556997445879	0.9819392825260166	0.9886292476352232	0.9022748539955286	0.8964642721617291	0.896338999753447	0.9120940332030514	0.8893382327156968	0.8930653534540923	0.9283359161246182	0.8960755525649383	0.9070594663082496	0.9133749007431262	1.0327565618792582	1.071255348793948	1.0221438862121228	1.0304472986828	1.0386734361039116	1.024869400791812	1.0157461883130805	1.0399790905027635	1.0475166622411292	1.0360182880639377	1.0316627336157282	1.0523150659846157	1.0463915174823	1.0242706771875105	1.0420323774915807	1.050644844627013	1.0368941038019055	1.0044260014007178	1.0497496704304472	1.0320236562087581
control_banana1	0.8850340455395049	0.9390715849297101	0.907342374914295	0.9088933039962932	0.9353507453247722	0.8928541983382658	0.9296161565189895	0.9371682546888406	0.9286094082864493	0.9590282956987465	1.0165880914820404	1.0351806943652042	1.040678717845157	1.0746124027726098	1.0504682555042208	1.0167776902886525	1.047513102539982	1.0465011246338514	1.0360934025526127	1.079043840071237	0.9380161000556723	0.9758299256703389	0.9555500666257946	0.967771502364603	0.9915228394617629	0.9938906470348049	0.9635069445192765	1.0078758798429008	0.9852644616950496	0.9817648175258239	0.0	0.3672556139505712	0.3178794106138488	0.1923380561734045	0.1933883110259737	0.34914065582699627	0.36048595822411356	0.3158436008051418	0.20045280273461588	0.31071390567879836	1.0296484761908606	1.0415842546469973	0.9920045581577607	1.0069487343417238	1.0210037300884538	1.028082011305607	1.0062039615493499	0.9973566603290103	1.0445208113391766	1.0158401435172304	0.798502982064841	0.7972240976529961	0.7999079284666863	0.7769309308658517	0.7823489620716018	0.7840975203799897	0.836308420807552	0.7947724138980089	0.7812438438252037	0.7419773516992799	1.0421942657622798	1.0412686690686979	1.037055406426519	0.995582684114416	1.0237853609530023	1.0257232149655922	1.0378513116378552	0.999545060056451	1.0433816028043974	1.0164187727213423	1.1436700888852342	1.1896354725547904	1.137301067337101	1.0979140472125606	1.116019189197697	1.135463493966521	1.1129010365798004	1.1024972799414066	1.1455741981779786	1.1304864618346961
control_banana2	0.9404311520764861	0.9655832470770002	0.9639097446633513	0.9353175308307228	0.9565731836023766	0.926485136396597	0.9636498469734139	0.9547520891449751	0.9537685039684362	0.979919754891474	1.023427027306232	1.0372092050115742	1.0520254078153815	1.0845787426994387	1.0513167390086455	1.04042069906873	1.0629188841160124	1.0271792433491564	1.0437965318351732	1.1012659313862665	0.9503955572886784	1.0106962145495098	0.9709621868505832	0.9850753102966453	0.9864697946029494	1.0107510998154243	0.956753057090453	1.0530433090245752	0.9937588372014688	1.0027164045584387	0.3672556139505712	0.0	0.2625879125582167	0.33867664660531677	0.35537821806356634	0.2234204164425206	0.18357936548575704	0.21550877363294701	0.35556798492321695	0.23325621613501457	1.0525072107014852	1.0461487356092496	1.0153686707278633	1.0341848830037401	1.032012692053671	1.046048475945038	1.027022127350132	1.0438925073341938	1.064969050243735	1.0486261018540668	0.8221753233342072	0.8030182716223817	0.7948182880851877	0.7991548376068242	0.8108091317607844	0.8150125823445937	0.8488735939376959	0.7978512394867375	0.8099312244332338	0.7782611898791092	1.092879581550554	1.087678468247999	1.0628988617940842	1.0363187435223826	1.058398035973614	1.0703763215638415	1.0795585797785774	1.0449361907775798	1.0956779257817733	1.0401985285654096	1.166338321351124	1.221925946149289	1.1667057714131575	1.131081064286848	1.1258586290431034	1.1593518491210633	1.1477515686993531	1.1436013899475799	1.1670695365621495	1.1607697688249135
control_banana3	0.924463257461711	0.9403237019541748	0.9564958407368708	0.9445091337756556	0.9532479359894936	0.9174702167814721	0.9353425536706177	0.9443642730117638	0.9630004660133769	0.9888794009127885	1.0211937453401552	1.055567094002131	1.060075424003172	1.0820694938993438	1.0657991880626692	1.0421220852279716	1.060576753148576	1.0518081634594725	1.057393541815215	1.0932617956265696	0.9469773521009995	1.0068832129090828	0.9679477732609828	0.9829747209597005	0.9884285704903519	0.9986285026825733	0.960035848272808	1.0364802838369003	0.9932192205166852	0.9856366182996613	0.3178794106138488	0.2625879125582167	0.0	0.293030055763297	0.3008218907850042	0.24835236820934314	0.25628324707015354	0.25854323612588204	0.3057731662281567	0.2007948196828178	1.0845483169198928	1.0933683917191874	1.0414736790984973	1.0566029225801972	1.0903841633775055	1.0789878255540262	1.0671738056434885	1.0460314885977304	1.0974295171560404	1.0851359877507476	0.8121376567857713	0.8043215624380526	0.8066511238891482	0.786349820592818	0.7899580520416741	0.8101050238822037	0.844384078761069	0.7959100463976512	0.7970901855451057	0.776548283745642	1.0826747823731315	1.1082761159397863	1.069059530658382	1.0426742253647332	1.0553687414008968	1.0820286332809987	1.0792689920172607	1.0429551083053392	1.0920775776353293	1.0586213756879188	1.1635291191923003	1.2122461829789632	1.148297865780617	1.1245259621002763	1.1256101255381121	1.1614141318718358	1.1361838412362664	1.1385601467183675	1.1598577632652494	1.158653540600409
control_banana4	0.9087339914999973	0.9432345334309002	0.9205240421829806	0.9201740422799252	0.9381212188072936	0.9098619401936034	0.9377184971819155	0.9537475593645698	0.9420999401020911	0.9775046959507546	1.020684018925776	1.0281215734498301	1.0450588492764352	1.0762341004724296	1.0496886737841689	1.0283658745001343	1.053628246359018	1.049621684391489	1.0410928415334433	1.0808140092788292	0.9525569139757839	0.9978882663728039	0.9692437800187225	0.9929305901292839	0.9857190580433208	1.0139824563991215	0.9751098599380092	1.0261724401949512	1.004459279304272	1.0006723737549483	0.1923380561734045	0.33867664660531677	0.293030055763297	0.0	0.18901868164662064	0.3490106257802798	0.3350778394472298	0.30587260216922824	0.18674057356137883	0.29125145071151975	1.0555622174770156	1.066872626759518	1.018159808345568	1.0350222637445876	1.0432837791059695	1.0481440119008	1.032744785569514	1.0189268178389528	1.0733989872328524	1.0601028823441707	0.81586935347937	0.8266553244014525	0.8323573191992689	0.8146961223728595	0.8267187161597487	0.8173672094445195	0.8387530928094432	0.8214716100792097	0.7994536418600767	0.79659163141458	1.0849045086623061	1.0914366317961033	1.0644121443019192	1.037081955674712	1.0606338834398574	1.0718707314265052	1.0825495680817032	1.046679822224384	1.0891676675672377	1.0586719006094831	1.1740106027366872	1.2241458366148348	1.1578063425247092	1.1331680536906175	1.1430026393445443	1.1718250943204316	1.150247707990707	1.1428371302708082	1.1676748663182783	1.1469769171826383
control_banana5	0.8906442734102226	0.9340263048266407	0.9081311673482386	0.9089415593858455	0.9219400047726445	0.895128428162982	0.9272800468757251	0.9321127843724539	0.9191632658500747	0.9464145231575162	0.993464842069362	1.0074443396196968	1.029369772700968	1.0413903686764123	1.0371424857992024	1.0121600358985303	1.0194552960559973	1.0171298313300943	1.0119423102009655	1.0551839654401727	0.9329329065169546	0.9774295011554176	0.9453455428949799	0.9612941042332291	0.9629655652210901	0.9839361497180434	0.9539975292832943	1.0029468472263197	0.9709496331301891	0.9683847057353566	0.1933883110259737	0.35537821806356634	0.3008218907850042	0.18901868164662064	0.0	0.33938011116574957	0.35815872804136	0.316584810768859	0.21154321001892828	0.3287924263861934	1.0225150262842677	1.0391894220852373	0.9950858693941218	0.9914269457157111	1.0234055093209038	1.0293181669801834	1.0090757754159612	1.0036301163301529	1.0498181191903313	1.0358586736703044	0.8055700022440205	0.8136305019427256	0.8102440171377243	0.7851535772055386	0.7949189852792684	0.8100249300459058	0.8409423490786353	0.8023999131803655	0.7796596786604195	0.7853032796858819	1.069520130184414	1.0782942516360363	1.0567151779589978	1.019631773728668	1.0445121877801307	1.0572196435910284	1.0750723067160808	1.0397320215012997	1.0697190900810407	1.0439321102961412	1.1636496109169958	1.1993296364895103	1.1558383130987038	1.1225731938381012	1.1263348173704344	1.1706638838901844	1.1427484554074148	1.1324228815679527	1.159536316932207	1.1493172118532387
control_banana6	0.9236769901576238	0.9414632659948938	0.9453390166070922	0.9414268860107775	0.9412883752149515	0.9121346535066905	0.9553739281323341	0.9454725495037564	0.9398289734934958	0.9729144995065014	1.0149485520740529	1.034913512789547	1.0342614863079655	1.0621666879066132	1.0394676513203094	1.0214336138117739	1.024741652760504	1.03577793491773	1.033926528556451	1.0906108572811724	0.9381154602905867	0.987941793364183	0.9280441711551038	0.9831206261807091	0.9496518437796732	0.9925917527817357	0.9411530554887975	1.0232179986157772	0.9936645730438941	0.9783747627253501	0.34914065582699627	0.2234204164425206	0.24835236820934314	0.3490106257802798	0.33938011116574957	0.0	0.20104972278405978	0.2270951365012513	0.3404345477644144	0.24060973934887794	1.0470080267912554	1.0719079670870164	1.013604713053628	1.0354226926247756	1.054265433443432	1.0545110230382961	1.0513495223614457	1.0216219820030983	1.0777268774931885	1.0658652973184546	0.8109737844418871	0.8153591933519313	0.7982966419480465	0.7919163977412704	0.823850413251307	0.813816135792639	0.8382180956752756	0.8025606350118217	0.8046190313263497	0.7970218574544851	1.078907526079645	1.0744509410680685	1.0385543864723814	1.0233803613125299	1.0467421841257083	1.0495087396106715	1.070532085825625	1.026998060307834	1.0842298573625906	1.0316986653442877	1.1533517326083127	1.1962918765012829	1.1500472001098634	1.117010662046621	1.116574713065737	1.155925771842961	1.1285329035935248	1.1266213200753608	1.1570268383698097	1.144499288944736
control_banana7	0.9153776973165036	0.9437945438365773	0.9527667439621339	0.9467324574370146	0.9591132294581359	0.9198045107069315	0.9714903070204755	0.9526301524462967	0.956956761152183	0.9700721379178852	1.0246778046830771	1.0268261080283614	1.0404007824455883	1.0720359203883187	1.0604225315775804	1.0300739479607892	1.056696400053475	1.0380418511205503	1.0524206776830327	1.0860798863770313	0.960007624444665	1.0015139336828633	0.9636307028700114	0.9788412879503038	0.9818633980618144	1.0136609541669628	0.9532744238511097	1.0265569232158247	1.0001128527022172	0.9871544727870187	0.36048595822411356	0.18357936548575704	0.25628324707015354	0.3350778394472298	0.35815872804136	0.20104972278405978	0.0	0.2255353221574792	0.35973453215107326	0.23821259402312747	1.0618836096882749	1.0994680565083697	1.0526570452194821	1.0646550626708262	1.0691498218356748	1.0726056656791767	1.0512182470811526	1.0593757060645694	1.107419810658806	1.085324844354555	0.8260759289521673	0.7978793127219674	0.8016627161009839	0.7908772366998904	0.8037713218029231	0.8126719117485404	0.8339346984790715	0.7926407697549219	0.8160712350453558	0.7734363732462572	1.1127834814140618	1.1044885655343981	1.094392502750721	1.0608064428409711	1.07433343579373	1.0902097828892496	1.092742933564769	1.0886261560587451	1.1022975854458072	1.0596145738760476	1.1444845656038676	1.2052565987249861	1.1263297019256382	1.1130023705948322	1.115739437162282	1.1354286139777903	1.1168818650953047	1.1176684140992228	1.1326201505435458	1.1370838242077947
control_banana8	0.9147264397083358	0.9400010604894052	0.9349322567612977	0.9153342152958918	0.9374543547701307	0.8935105508007326	0.9334128223088682	0.9329392323522415	0.9300593371866879	0.9691559003930371	1.0357968058884133	1.044243106676217	1.0495017834065277	1.0867613648419607	1.0672252217960734	1.0409321199249484	1.0567110513706848	1.0479917892130812	1.0559851694090512	1.0990554977621254	0.9508734202710488	0.9761972743211754	0.9538634437247467	0.9824767837193271	0.9721917796969856	1.0020968775109051	0.9480312323589442	1.0259665933357935	0.9829777452103099	0.9739937099109519	0.3158436008051418	0.21550877363294701	0.25854323612588204	0.30587260216922824	0.316584810768859	0.2270951365012513	0.2255353221574792	0.0	0.3292646294955301	0.23789234211009072	1.0334424880627184	1.0493900386828445	1.0074084919138082	1.0169015515594437	1.021415391358572	1.0397051401309754	1.0258683499043035	1.0061756041207832	1.0628812950383206	1.0283068248102751	0.8206081963254526	0.8078383079105543	0.8037743850280742	0.7969871162012002	0.8051707498285583	0.8134633329960455	0.8524308032733704	0.8279044550281374	0.8066531231543909	0.781187727299849	1.0558163094684945	1.0628639317818598	1.027401967618517	1.0201121368051174	1.0398211411489722	1.0375185672426417	1.062364233741912	1.0069806555325256	1.0529455331829345	1.0126884311386781	1.1710207499507073	1.2262733568479354	1.1639348661592044	1.1327692479241007	1.1221520551199584	1.1631959106068996	1.1566389730293538	1.145993443978674	1.1709893983012696	1.1634527928830758
control_banana9	0.8865470722329154	0.9174457819347878	0.8982136052206677	0.9164887980121535	0.9321585965927561	0.891251273850587	0.9087621956167166	0.9138166396825868	0.9041194057616917	0.9409351237854211	1.0106797397243628	1.0125430922405565	1.0295457557081964	1.0438636294570658	1.026364165065219	1.0120227918317968	1.040674388320474	1.0288657799215506	1.0318807847953304	1.0677330161679246	0.9305438079428512	0.9815440345856412	0.9559202240598811	0.9635893348093998	0.9530185194980407	1.0006003579257006	0.9412625887644737	1.0098502496682313	0.9726067581674329	0.9722292397876952	0.20045280273461588	0.35556798492321695	0.3057731662281567	0.18674057356137883	0.21154321001892828	0.3404345477644144	0.35973453215107326	0.3292646294955301	0.0	0.32486630887560874	1.012465775927026	1.0408056425013734	0.9780396238652084	0.9964564384865949	1.0062248654035448	1.016386453394219	0.9973881380642293	0.9996914868271848	1.0339988010997656	1.0163020763367177	0.7858872635236015	0.8054210753628227	0.8052899283460294	0.7683031699344235	0.7943227790179019	0.7952106698251081	0.8289761015005652	0.7903279140850099	0.7939644674128097	0.7655673349685521	1.0426163635105263	1.0402825814176844	1.023407262338048	0.9970220573604078	1.014441894795456	1.0283333403221113	1.044550072186908	1.0109788932411405	1.0585130767739517	1.0248984717621445	1.145081476835741	1.1817880361434951	1.1162692991936507	1.0949155380695923	1.0961199163679238	1.1482590360106735	1.0970819996469066	1.1118829702906607	1.119922935811828	1.1194582047020076
control_banana10	0.9407799056727545	0.9474130303563133	0.9592288575039956	0.9411579328382195	0.9497786237473851	0.9219378347200661	0.9565969108315887	0.9686539572805931	0.9552194290467706	0.9975106594811218	1.021018127950728	1.0349847057756916	1.0554517681066027	1.0659954936373863	1.0483958281219818	1.0188659589269813	1.0523076099255246	1.0342030575686347	1.0505627099380348	1.091631650266637	0.9751945846775676	1.030372581152693	0.9902116040929421	1.0039273717246526	0.9984505854987007	1.0219873485383801	0.9857539909105401	1.0601538333008693	1.0185390961412495	1.0171479522739733	0.31071390567879836	0.23325621613501457	0.2007948196828178	0.29125145071151975	0.3287924263861934	0.24060973934887794	0.23821259402312747	0.23789234211009072	0.32486630887560874	0.0	1.0692507026013467	1.0742271012722413	1.0282065530599291	1.0350847793474243	1.0449084898185903	1.0550229600095509	1.0420243038657242	1.0506873077116388	1.082796377851839	1.0685153943894445	0.8364344846605406	0.832538362271551	0.8336819591224245	0.7961476845440352	0.8212804983481257	0.837688090056332	0.8684390996399614	0.8320643270555041	0.8147410531546975	0.8087332049919046	1.0921830206795755	1.114012546092193	1.079425208674918	1.0604732918674762	1.0827223343485655	1.0884179022611258	1.1011070513293937	1.0728534101293676	1.1026554029615168	1.071497877974766	1.1703560725016446	1.2198212194162326	1.1643428605384603	1.1380183485899387	1.1367635641691605	1.1585040644119953	1.13513333397927	1.1405114541836776	1.1764921309605638	1.1652653484729987
control_firehydrant1	0.9018807577167064	0.9355202767092984	0.9109354712942997	0.9306051017053381	0.9421862744796434	0.9575596057182199	0.9357439099129835	0.9203444324469507	0.9394259574142239	0.9026700550427168	1.0324186603197376	1.030740344231047	1.0323640197862907	1.0513443284442692	1.0410584924683006	1.062162974898474	1.0888042254373897	1.060116760613691	1.053142216233438	1.0491092685148904	1.0077196747937747	1.029945666032086	0.9943666995365273	1.0149865654649188	0.9966540121068868	1.0401564661643201	1.0275393142816058	1.008466596658905	1.026630651407659	0.989160085596605	1.0296484761908606	1.0525072107014852	1.0845483169198928	1.0555622174770156	1.0225150262842677	1.0470080267912554	1.0618836096882749	1.0334424880627184	1.012465775927026	1.0692507026013467	0.0	0.2609237433401144	0.28275932837270135	0.24159080837294303	0.2705667338531939	0.22041574835075825	0.2626884205109908	0.24060595073583732	0.2508045063542813	0.23960855939147152	1.0218159467059953	1.0212673681080233	1.0667128359127125	1.0042760941550362	1.0255095408035422	1.0062386872363254	1.023273873273841	1.0344490307904106	1.0310089986641984	1.0071427699139415	0.9297595032380975	0.9292055948122954	0.9179849829743236	0.9406858451228487	0.9210424516865318	0.9394122029944391	0.9360566241602221	0.941850818653618	0.9427037756251629	0.9450714722638945	0.8128858017650302	0.8661602952508555	0.840470525745938	0.8570950892941673	0.8404775207429643	0.8130410200533773	0.7932016853863306	0.8371542724168447	0.8251151952717449	0.8304067076850689
control_firehydrant2	0.9113164739160585	0.9642769307355793	0.9295075341510308	0.9288909474843653	0.9504063954136501	0.9585999630798561	0.9342307145258796	0.9331740298637125	0.9572111584549464	0.9126579445973992	1.0564433443519308	1.0444054768690791	1.04905465257008	1.0503013557584426	1.05406525239937	1.0786923305452425	1.075111781367889	1.0618635371880212	1.0474929037461267	1.0663925812619433	1.0172564759321239	1.0459465139209694	0.9918094160345929	1.0247424877574973	1.013706185483203	1.0377058225180502	1.0393527784215135	1.0259325391766232	1.0353757148917835	0.9951075812754212	1.0415842546469973	1.0461487356092496	1.0933683917191874	1.066872626759518	1.0391894220852373	1.0719079670870164	1.0994680565083697	1.0493900386828445	1.0408056425013734	1.0742271012722413	0.2609237433401144	0.0	0.21617296157803478	0.184789572368572	0.2735350376948313	0.2565938100679333	0.2058289451691805	0.2515280422268353	0.25328515510304694	0.21460223171816012	1.0402685971231858	1.0343167315222175	1.068974246202579	1.022268824904259	1.0437367323456705	1.0203727191767584	1.0561416573449534	1.0354306669356446	1.0403486162659537	1.0264044181030128	0.9238626934226641	0.9147657358041364	0.913591507265446	0.9535041515586417	0.9194295182372415	0.9412947077325682	0.9159180861199979	0.9470319258342332	0.939922386914343	0.9446831741754305	0.8178877083674806	0.849282614548602	0.8432483280980779	0.8469832187516594	0.8171500334657246	0.8226288848810527	0.8236565283347793	0.8290575504423455	0.8455215598424974	0.8179225977710416
control_firehydrant3	0.9162100537153808	0.9523377156828439	0.9040896369239831	0.9389982135450033	0.9591972232700052	0.9518654008417681	0.9565317990623757	0.9422094518625211	0.9658198158867939	0.9366480010231153	1.0305566320671675	1.0244999342454408	1.0459793574337597	1.0515418930325546	1.0529501434886201	1.0779813921211931	1.0647094900294671	1.0701263465487185	1.0421013038513738	1.0561697830231271	1.0009802606098466	1.0454008254808782	0.9884264997858285	1.0112615684373454	0.9938967644061404	1.0298948591418127	1.015664136910979	1.0120129808658784	1.026446280774842	0.9750549366121007	0.9920045581577607	1.0153686707278633	1.0414736790984973	1.018159808345568	0.9950858693941218	1.013604713053628	1.0526570452194821	1.0074084919138082	0.9780396238652084	1.0282065530599291	0.28275932837270135	0.21617296157803478	0.0	0.23547545174231177	0.2861301738012951	0.24609951216225004	0.21921125314116507	0.2591207306332519	0.2960000145814262	0.2342237333838824	0.98904015873357	0.9935436550734612	1.0286044278185063	0.979783761933858	0.991521640696713	0.9856506157763699	1.008761730545119	0.9995702636247198	1.006827951304499	0.9788520703508629	0.9496489658771988	0.9477436686081535	0.9367925813325786	0.9680691285509702	0.9301738750549196	0.9651780189927746	0.9329485379447001	0.9573316315947941	0.961623536958298	0.9424251577716384	0.8427275104372037	0.8614450672512639	0.8697635864440891	0.8618470454672135	0.8621651101056099	0.8410199170039436	0.8308423304520823	0.8542395826214098	0.8467201732212059	0.8441422016754726
control_firehydrant4	0.9140291852535886	0.9592864331444484	0.9091451595778373	0.9084317050634053	0.9576966197245297	0.9577626629761542	0.9224457561497055	0.9249796972527214	0.954124099945089	0.9006272747296258	1.026441557964292	1.0115480565897672	1.0168329610616313	1.0478950417893462	1.0408500790331023	1.0484251611507036	1.075897851551892	1.0355603370286541	1.0325887281234125	1.0464589385029592	0.9912656783237925	1.025014428079775	1.0033836811664292	0.9995077478681439	0.9870163005868121	1.0221325543800805	1.0120386423101448	1.0130501430987922	1.0100162253877196	0.9831742181721446	1.0069487343417238	1.0341848830037401	1.0566029225801972	1.0350222637445876	0.9914269457157111	1.0354226926247756	1.0646550626708262	1.0169015515594437	0.9964564384865949	1.0350847793474243	0.24159080837294303	0.184789572368572	0.23547545174231177	0.0	0.2587790077480016	0.2509467296368333	0.19017410389712852	0.24161507787566971	0.24385610855147188	0.2029353779859326	1.0254702610223494	1.0183445361768377	1.043282752643282	1.0066614205116482	1.0017217201192246	1.02525575145744	1.0269059726018763	1.0203754457134246	1.018117631810388	1.0126695906766816	0.9339332259181389	0.9160647558696524	0.9168662518600385	0.9442528770702743	0.9406711826496711	0.9662879910278459	0.9382783833116722	0.9620043347928312	0.9504161333060354	0.9488806129841479	0.8453377618592817	0.857788431052911	0.8457172480652314	0.8689436718684498	0.8521258039188419	0.8284527071579066	0.8380977374442707	0.8333080291259137	0.8549237754862671	0.8541158418621926
control_firehydrant5	0.9252259049649276	0.9757301960305477	0.9044163964723172	0.9208302089420997	0.9683220012527101	0.9705143844837839	0.943450512442321	0.9164824352143303	0.9509886395955326	0.9032025638312379	1.0322209879068005	1.0582969536184252	1.047434212575275	1.047682530062743	1.04071275339477	1.0425268634745193	1.0632416900310906	1.0584866127064438	1.0428306866000594	1.0564678245230785	1.0197797413228828	1.0313786995764214	1.00992961285449	1.0541980110572788	0.9990404267293226	1.0394012096272265	1.038788263712666	1.068276404386119	1.0434238571929928	0.9860715746832855	1.0210037300884538	1.032012692053671	1.0903841633775055	1.0432837791059695	1.0234055093209038	1.054265433443432	1.0691498218356748	1.021415391358572	1.0062248654035448	1.0449084898185903	0.2705667338531939	0.2735350376948313	0.2861301738012951	0.2587790077480016	0.0	0.25771701313124606	0.2755523789405401	0.2230989842181683	0.2680756469648306	0.27103016252017986	1.0528781200713035	1.0430983173179762	1.0708807564802891	1.036348702662513	1.0443428854037935	1.0465192911995083	1.0619306785081166	1.044171159053639	1.0505935104951247	1.0486997846944957	0.8901069615278779	0.883400444095414	0.8989408289158963	0.908643917298146	0.9144889133851535	0.9472755861563592	0.9105289359789055	0.938066447026258	0.9308931851801815	0.9229067373496478	0.833422099144942	0.8760757007716944	0.8622770345633924	0.8432977955314588	0.8349322039752888	0.8257070856297027	0.8379338646008473	0.8473827201716202	0.8546341454758962	0.8435475187068474
control_firehydrant6	0.9211698376365413	0.9454750334397516	0.9107100464637576	0.9331374274586484	0.9628955260511458	0.9472489375983186	0.9517367100076709	0.9267145125347803	0.9538980707658165	0.9288109341368836	1.0782539759496692	1.0613820207301463	1.076516174325074	1.0810185772717953	1.0779610288338004	1.0964654066058175	1.0970780024162459	1.082754825572051	1.0738298458592705	1.1012550300138548	1.019763660120965	1.0595532738588156	1.0341007138802187	1.0298133080881047	1.0247738699741353	1.052519704350558	1.0458360224559802	1.049181745791991	1.0527917077982187	1.0076508630827912	1.028082011305607	1.046048475945038	1.0789878255540262	1.0481440119008	1.0293181669801834	1.0545110230382961	1.0726056656791767	1.0397051401309754	1.016386453394219	1.0550229600095509	0.22041574835075825	0.2565938100679333	0.24609951216225004	0.2509467296368333	0.25771701313124606	0.0	0.23759249746421637	0.23150599097275226	0.2743896306184127	0.23703227731033988	1.0294728321382334	1.0470662418682386	1.056234788229647	1.011365252913159	1.0312558433718375	1.024057800082466	1.0381764570696217	1.0360749904884725	1.0347917884959452	1.0189010183953213	0.9099088782474664	0.9096565395918332	0.9218871704792544	0.9348377159242939	0.9109484817688905	0.9339901236552545	0.9252785035494518	0.9343246650575465	0.9463293085000626	0.9344594088231367	0.8168698823487439	0.8536567276526955	0.8336128493088755	0.8517254448940627	0.8324424237683119	0.8125484595471122	0.796077381087546	0.824984700950663	0.8104040554598447	0.8233522503552293
control_firehydrant7	0.9271604401855759	0.9513805775907223	0.9216281493726622	0.9156116337805069	0.9674817338401834	0.9629199509497646	0.9450771775955623	0.9304542198596878	0.9583410023944143	0.9150796231501278	1.0454993076383396	1.0340271764400526	1.0477161213992099	1.0715520943248547	1.055956926617213	1.073590974403756	1.083297369000191	1.072669831417849	1.0491500326611443	1.075356612281064	0.9994567259896133	1.020325264929381	0.9955965053379315	1.011110994881856	1.0055024471324596	1.031209485939245	1.0284371558792273	1.0305341709951934	1.017536724985459	0.9908958175731004	1.0062039615493499	1.027022127350132	1.0671738056434885	1.032744785569514	1.0090757754159612	1.0513495223614457	1.0512182470811526	1.0258683499043035	0.9973881380642293	1.0420243038657242	0.2626884205109908	0.2058289451691805	0.21921125314116507	0.19017410389712852	0.2755523789405401	0.23759249746421637	0.0	0.256716586618266	0.22881037018904793	0.21356551526969972	1.006468300460002	1.0157518834413166	1.0380899544079782	0.987283594193424	1.0082289502075863	0.9952298741012541	1.0391938136162275	1.016048547034143	1.0219176132476628	1.0110744221333456	0.9244385155869005	0.89771864790263	0.8953631442960878	0.9371705729734906	0.9138744788647313	0.930256946990128	0.907495437113256	0.9306273255357215	0.934665130949487	0.9290835803834433	0.8217060253985168	0.8604957239040469	0.8571583503751125	0.8472435223873844	0.8372514304320703	0.822290974931433	0.8263568647986858	0.8355830085999311	0.8429016030632112	0.8329574214348991
control_firehydrant8	0.9439354160636312	0.9846226954402497	0.9032370260080816	0.9288497998301506	0.9719826475372003	0.9731442081394882	0.9408666785637968	0.9496623875449611	0.9648276032972828	0.9258738631567502	1.0207740754305503	1.0339915151092804	1.0432367431457532	1.0554998139674867	1.054037354210934	1.0650061744396224	1.072501436349713	1.0526076815373386	1.0411653459382093	1.0391134616589803	1.0238322331001661	1.064469110995983	1.0185719627753202	1.038677950757638	1.0325056016300735	1.0531229829014939	1.040876918849984	1.039095110005716	1.0415462148001866	0.9958556997445879	0.9973566603290103	1.0438925073341938	1.0460314885977304	1.0189268178389528	1.0036301163301529	1.0216219820030983	1.0593757060645694	1.0061756041207832	0.9996914868271848	1.0506873077116388	0.24060595073583732	0.2515280422268353	0.2591207306332519	0.24161507787566971	0.2230989842181683	0.23150599097275226	0.256716586618266	0.0	0.2584050819527745	0.26611338934592393	1.0294152423545826	1.038407061656335	1.0455147879417257	1.0128954943653798	1.0283567929406763	1.0358056095055743	1.0474527987924163	1.0299259002352683	1.0201726948162908	1.0342317073510492	0.9073017909588831	0.8962869621551603	0.896479873981182	0.9237745176417763	0.9170074402075254	0.9595410729305289	0.9213707623267968	0.9446413591746562	0.9431838262600981	0.9335580654420597	0.8296755416803621	0.8787571961999897	0.8505765610420967	0.8456636850388897	0.8510707957072919	0.820604889569061	0.8125354226778394	0.8313019980949057	0.8312718760856199	0.8375566445987623
control_firehydrant9	0.930089018109257	0.9532404097601312	0.9208700513236269	0.920180295882069	0.963125076975833	0.9461469368336907	0.9498448061231731	0.927166890107121	0.9561387717960649	0.9013432711805958	1.0359025601544574	1.0427799921225311	1.0513456158194414	1.0710558484419073	1.0624898892058168	1.0892422301499372	1.0911870907979553	1.0645485153033925	1.0673803816886733	1.069190788499659	1.0196642968469034	1.0333254255332913	1.004327906143086	1.0284571443955688	1.0059991481947	1.0250148630905043	1.032429108957854	1.019253621033466	1.0203773249672823	0.9819392825260166	1.0445208113391766	1.064969050243735	1.0974295171560404	1.0733989872328524	1.0498181191903313	1.0777268774931885	1.107419810658806	1.0628812950383206	1.0339988010997656	1.082796377851839	0.2508045063542813	0.25328515510304694	0.2960000145814262	0.24385610855147188	0.2680756469648306	0.2743896306184127	0.22881037018904793	0.2584050819527745	0.0	0.26198474425608753	1.0600228371198264	1.054104910359805	1.0852176292047178	1.0469841428324496	1.0422393374742414	1.0553685666805157	1.0560532492266175	1.0363648567438704	1.0482097077773647	1.0619636057509427	0.9550134521666757	0.9330817805226826	0.9563523667710082	0.9768393018264337	0.9496230358188961	0.9830595605585142	0.9608947896471774	0.9822294922187319	0.9908152345857324	0.9745815018473941	0.8393123073863724	0.8817291758753654	0.8474324694349651	0.8402496551539307	0.8316859468591766	0.8166114575052955	0.803033470026996	0.8159775099390439	0.833117455939195	0.8393999519202757
control_firehydrant10	0.9212343122848015	0.9557779704217997	0.9183540212287695	0.9280478152574632	0.9607735880219693	0.9575575616658707	0.9423263766033592	0.94418302690881	0.9569037855513	0.8995755323621488	1.0585392826595699	1.0415430822287364	1.0581016474667226	1.0319494939405063	1.0529982651629763	1.0859394708023584	1.0719189724559708	1.0671628006560765	1.0536775484845322	1.0701471078879763	1.0242058209766418	1.060175357000003	1.017830313527315	1.0458754579340044	1.0203869575091113	1.0390062986445474	1.0550459756528274	1.0405142240666299	1.063941114059639	0.9886292476352232	1.0158401435172304	1.0486261018540668	1.0851359877507476	1.0601028823441707	1.0358586736703044	1.0658652973184546	1.085324844354555	1.0283068248102751	1.0163020763367177	1.0685153943894445	0.23960855939147152	0.21460223171816012	0.2342237333838824	0.2029353779859326	0.27103016252017986	0.23703227731033988	0.21356551526969972	0.26611338934592393	0.26198474425608753	0.0	1.041806379217583	1.0505051890443495	1.0714189591998258	1.0204909208116932	1.0367817680494467	1.0347644760104495	1.0389120656490654	1.0450395890769444	1.0385394489236675	1.0063152087688403	0.9151774760332334	0.903656828355304	0.9169856933043292	0.9317059740279667	0.9172653141327897	0.9430852557687835	0.912003510980398	0.9359253235381377	0.9345860391116735	0.933246650080579	0.8045279485272306	0.8489831172949305	0.8584758699861716	0.8454301109031175	0.8172897588719331	0.8236519657961757	0.8246449921283141	0.8275615352547184	0.8466231955499023	0.8227479375804797
control_tree1	0.9677730765930502	1.0132339380468212	0.9663331112992097	0.9701079723844395	0.9757799287226202	0.9782662764212624	1.0121474714618761	0.98735161063872	0.9885137553503135	0.9801718192207971	0.9890537900041724	1.0106928778750215	1.0097604516659355	1.032027106196988	1.0150825741061598	1.0094460599042188	0.9667115201008318	0.9696977282608187	1.0208518909128506	1.0252530659770172	0.8536653190570892	0.8936580289114425	0.8814204885268893	0.8862998968901448	0.8757127184017861	0.8686995639980094	0.9089810831388828	0.87902857865223	0.8953466921275045	0.9022748539955286	0.798502982064841	0.8221753233342072	0.8121376567857713	0.81586935347937	0.8055700022440205	0.8109737844418871	0.8260759289521673	0.8206081963254526	0.7858872635236015	0.8364344846605406	1.0218159467059953	1.0402685971231858	0.98904015873357	1.0254702610223494	1.0528781200713035	1.0294728321382334	1.006468300460002	1.0294152423545826	1.0600228371198264	1.041806379217583	0.0	0.24191681585984773	0.30414408885932476	0.2835060005351737	0.2256666498801956	0.24281577049593112	0.27760895724871043	0.26174383428135495	0.26619884523736326	0.2522092978310294	1.0613978809775544	1.1006170752066688	1.0645498466417302	1.0604937589713275	1.0599003292226088	1.082494583676718	1.0709789323775472	1.070133936943924	1.0948383911177841	1.043274372137679	1.0029365253392406	0.9983542049858002	0.9766982636434829	0.9799216867994818	0.9753664437980284	0.9714412753981487	1.0001085712623352	0.9603782566094625	1.0201182515982872	0.9876117420907711
control_tree2	0.9717100691611946	1.01312582240293	0.9678525426548773	0.9646356448774653	0.9646491523953089	0.9992957033078897	1.0195042414950592	0.9951138097659242	0.9982706013334305	0.9984702900910937	1.044419933232473	1.0422309016526465	1.0530010566702492	1.0684822416745487	1.0434595574203056	1.0369243212809443	1.038489748300966	0.9823860057111243	1.0222693769616271	1.0686692203978891	0.8578768508380455	0.905042584854791	0.8672573585356073	0.8641700783918992	0.879583310797765	0.8651171341683962	0.8822320411456288	0.8790180736457907	0.8970255964227405	0.8964642721617291	0.7972240976529961	0.8030182716223817	0.8043215624380526	0.8266553244014525	0.8136305019427256	0.8153591933519313	0.7978793127219674	0.8078383079105543	0.8054210753628227	0.832538362271551	1.0212673681080233	1.0343167315222175	0.9935436550734612	1.0183445361768377	1.0430983173179762	1.0470662418682386	1.0157518834413166	1.038407061656335	1.054104910359805	1.0505051890443495	0.24191681585984773	0.0	0.29318960983847553	0.2740872980995728	0.21280813910385657	0.20674701186275543	0.264590414991229	0.20692458666973151	0.2587605870148089	0.2794445816859343	1.090822373207533	1.1272006385858366	1.081604861367704	1.1171924129098056	1.0990223063235744	1.105293766145879	1.092895141988351	1.1015769857762836	1.1364282051712336	1.0811392726480589	1.0316215928059211	1.021890021028071	1.0011608660036257	0.9889838300573787	0.9911390111126809	1.0047389254046344	1.0086723377352103	0.98169225226113	1.0279528833858558	1.0143597195796175
control_tree3	0.9819711344598523	1.0247419581813688	0.9744479692120983	0.9922994498842299	0.9862786369120908	0.9756544784487482	1.0062383448961851	0.9915634278191	0.9986012348532186	1.0090996490923414	1.023458809709365	1.0368181411350725	1.055131651154997	1.059309496347054	1.0430113800472685	1.0481374323720412	1.0210343568494264	1.0117293509055834	1.0374620171943263	1.0658607821596275	0.8885881020878844	0.9131077250420048	0.8801908579150826	0.8863913739982028	0.8935911926700277	0.8869311463168621	0.8842082550060922	0.9163493266470528	0.9150577061367524	0.896338999753447	0.7999079284666863	0.7948182880851877	0.8066511238891482	0.8323573191992689	0.8102440171377243	0.7982966419480465	0.8016627161009839	0.8037743850280742	0.8052899283460294	0.8336819591224245	1.0667128359127125	1.068974246202579	1.0286044278185063	1.043282752643282	1.0708807564802891	1.056234788229647	1.0380899544079782	1.0455147879417257	1.0852176292047178	1.0714189591998258	0.30414408885932476	0.29318960983847553	0.0	0.27476039285084625	0.3047681182264985	0.29797693557785165	0.3327310374464596	0.271498238955363	0.28402559266127253	0.35423398806563955	1.0586889171780605	1.0953256698625524	1.0513030852248382	1.0721773042800125	1.0712811713244934	1.078710984958114	1.0653026946747308	1.07498118469091	1.0997996828499779	1.0461980179361479	1.0057077372741967	1.0184109635360927	0.9800344455625769	0.9695182154279132	0.9713119784817521	0.9991793688213101	0.9981261367249836	0.9760695854666477	1.0069798841418423	0.98720752371213
control_tree4	0.967951406394138	0.9999844227041297	0.9765925975671274	0.9714673828379369	0.9792159170598068	0.9938464103551496	1.029547350460807	0.9942072777537447	0.9686497791087377	0.9773439040012973	1.003304023854149	1.0189938282179098	1.0435099057975092	1.034427752708336	0.9995739532137232	1.0258513515659933	1.0057641593777582	0.9843402021837261	1.0162528100247585	1.0450631651830784	0.8654056563012957	0.9050428318777993	0.852111215985124	0.856793874774898	0.8920573810041634	0.8662999378676816	0.8492195982275071	0.8637328657090844	0.9177627650859649	0.9120940332030514	0.7769309308658517	0.7991548376068242	0.786349820592818	0.8146961223728595	0.7851535772055386	0.7919163977412704	0.7908772366998904	0.7969871162012002	0.7683031699344235	0.7961476845440352	1.0042760941550362	1.022268824904259	0.979783761933858	1.0066614205116482	1.036348702662513	1.011365252913159	0.987283594193424	1.0128954943653798	1.0469841428324496	1.0204909208116932	0.2835060005351737	0.2740872980995728	0.27476039285084625	0.0	0.2551462971232185	0.22889814096635475	0.2511294961089604	0.26972955765480794	0.26638594080454897	0.29058587628914	1.076726263487715	1.0848552827967473	1.052237318471506	1.0632098742362575	1.0766119794941291	1.0765217085413665	1.0711707654491989	1.077469421501585	1.0979589489471813	1.0708282848348243	0.9689636189929157	0.9795358758141066	0.9493289443540737	0.9511864997634565	0.9481164399224998	0.9700041994858072	0.9665491376779172	0.9605065082016473	0.9803495233067366	0.968040736535868
control_tree5	0.9541031783282855	0.9902878122416658	0.9676569720966985	0.9768280472358574	0.970261707309133	0.9765824274860616	0.9993350620288765	0.9927587117664494	0.9818519961155886	0.9773220914991408	1.015814532822671	1.0191277200177213	1.0313776877475087	1.0659008364057898	1.0215095416062328	1.0527342166125604	1.0102755230017697	0.9886909106916456	1.034756448011107	1.0547318831036177	0.8764473777786782	0.902146970383361	0.8937428682626499	0.889679436574093	0.8851527290735439	0.9000301088253647	0.887329604280071	0.8908724852909597	0.9212172956776989	0.8893382327156968	0.7823489620716018	0.8108091317607844	0.7899580520416741	0.8267187161597487	0.7949189852792684	0.823850413251307	0.8037713218029231	0.8051707498285583	0.7943227790179019	0.8212804983481257	1.0255095408035422	1.0437367323456705	0.991521640696713	1.0017217201192246	1.0443428854037935	1.0312558433718375	1.0082289502075863	1.0283567929406763	1.0422393374742414	1.0367817680494467	0.2256666498801956	0.21280813910385657	0.3047681182264985	0.2551462971232185	0.0	0.21376103744110928	0.24550668065992706	0.2307701934784703	0.24097148957435427	0.2633365793358621	1.0704960380414728	1.0940760308019255	1.044803589787585	1.0683149196035127	1.0818383750563745	1.074993521160022	1.0781771101949305	1.084228598224939	1.11049769866521	1.0501097354743996	0.988801923068097	1.0146185839940558	0.9649343316253925	0.9736876224281082	0.97843832519989	0.9768253349982636	0.9709056746259216	0.9657323525019401	1.0099304726227094	0.9832420814405054
control_tree6	0.966784195102388	1.008286643420983	0.9738466412337289	0.9648563475128228	0.9706623644440985	0.9825418606058154	1.017783983190507	0.9901718763444314	0.9751964306991863	0.9837423035796593	1.0346462279032034	1.0336599493471605	1.0491503939438704	1.0311578232974743	1.0156309803083492	1.0275022737878048	1.0172040328246585	1.0092523020987192	1.027569855695707	1.057127869085438	0.8833803694250734	0.9020107537749695	0.8721043425838776	0.8748902385806931	0.8971783557770201	0.8788245901337794	0.8770543820800238	0.8914828870272793	0.9286279900960146	0.8930653534540923	0.7840975203799897	0.8150125823445937	0.8101050238822037	0.8173672094445195	0.8100249300459058	0.813816135792639	0.8126719117485404	0.8134633329960455	0.7952106698251081	0.837688090056332	1.0062386872363254	1.0203727191767584	0.9856506157763699	1.02525575145744	1.0465192911995083	1.024057800082466	0.9952298741012541	1.0358056095055743	1.0553685666805157	1.0347644760104495	0.24281577049593112	0.20674701186275543	0.29797693557785165	0.22889814096635475	0.21376103744110928	0.0	0.24949211140219038	0.22371296799504622	0.2613532145193641	0.27856750470180835	1.0524017359620175	1.072237135348144	1.0495843101513007	1.0573262644816275	1.0534055982698083	1.0592268108159668	1.0636673474426925	1.0646061468120782	1.0876068871429598	1.056417176890254	0.9856051663266477	0.9944614779755475	0.965677410940242	0.9475468541603973	0.9623614535940621	0.9773353181381922	0.993327112454592	0.9764203831462364	1.000152932805065	0.9819193944059804
control_tree7	1.021628286204255	1.0498037771970783	1.0141574483699936	1.0175272301850649	1.0151647478263266	1.0316284487443719	1.0600623738831727	1.027785389402971	1.0112909084748143	1.0279571542095576	1.0436911406634344	1.0593174875109699	1.077100721175163	1.0505762913587302	1.0348532133511656	1.0552273252742934	1.0390948021775885	1.0293199603654284	1.0420770730252036	1.0937354169557958	0.9086062022150633	0.9294623155732399	0.9038243985050265	0.9355482640047974	0.8911138845103769	0.8960519135641595	0.915886914234664	0.8852542002456526	0.9347826243581246	0.9283359161246182	0.836308420807552	0.8488735939376959	0.844384078761069	0.8387530928094432	0.8409423490786353	0.8382180956752756	0.8339346984790715	0.8524308032733704	0.8289761015005652	0.8684390996399614	1.023273873273841	1.0561416573449534	1.008761730545119	1.0269059726018763	1.0619306785081166	1.0381764570696217	1.0391938136162275	1.0474527987924163	1.0560532492266175	1.0389120656490654	0.27760895724871043	0.264590414991229	0.3327310374464596	0.2511294961089604	0.24550668065992706	0.24949211140219038	0.0	0.2766030502830731	0.26015318500262824	0.2331485444086013	1.0962719854723557	1.1476844578896268	1.0816953578958304	1.0945603454386996	1.1127973193182827	1.103172261643911	1.1182693983075163	1.1027838789219802	1.1347169489541162	1.0993596119402809	0.9792256002708517	0.9965854336243499	0.9781684697682256	0.9906907836767931	0.9897111079666326	0.985305383870869	0.9961759771977142	0.9661858519185131	1.0033696587762584	0.9950600531299089
control_tree8	0.9612104472082855	1.0045729129230176	0.9532775063137333	0.9489557277432517	0.9555520092771187	0.9642789902378905	0.9852747349995146	0.9742533550068683	0.9760783032735187	0.9705813195692726	1.005297616658793	1.0336043240947592	1.0288145404161555	1.0445129510462785	1.0067686129933742	1.0360285205389	1.0100211612384458	0.9810412848205187	1.017661633873001	1.0395268034388718	0.8613528242818845	0.9036113721273294	0.8813677946850028	0.8762207932314428	0.8999577165734117	0.8752254179982558	0.8915713256438039	0.8947133873988528	0.9236368305560927	0.8960755525649383	0.7947724138980089	0.7978512394867375	0.7959100463976512	0.8214716100792097	0.8023999131803655	0.8025606350118217	0.7926407697549219	0.8279044550281374	0.7903279140850099	0.8320643270555041	1.0344490307904106	1.0354306669356446	0.9995702636247198	1.0203754457134246	1.044171159053639	1.0360749904884725	1.016048547034143	1.0299259002352683	1.0363648567438704	1.0450395890769444	0.26174383428135495	0.20692458666973151	0.271498238955363	0.26972955765480794	0.2307701934784703	0.22371296799504622	0.2766030502830731	0.0	0.2830090982536558	0.28327030850691276	1.0537649624040648	1.0685687058783027	1.0265016988116573	1.058429317343929	1.0665069926493167	1.0572017310469777	1.073559391571043	1.0591503598522973	1.086560513205834	1.04136058535956	1.0077377657518891	1.0091321594451317	0.9789840918440863	0.993341065668196	0.9739580219866941	0.9953788557532935	0.9871543079073463	0.9732867154395536	1.007405759420581	1.0183515953243965
control_tree9	0.977734461700091	1.0096140051355198	0.9722619492939082	0.9624356102101781	0.9805067672093579	0.9955119797743675	1.0059730796042423	0.9921125840967379	0.9850773669909164	0.9856783570449003	1.0294817712850266	1.0216122492969533	1.0491817497038889	1.0564659804982925	1.033121580006172	1.0421947205041355	1.0061928519274164	0.9865405954660308	1.0293920813121455	1.0483401862980264	0.8544599072928537	0.8920791353328353	0.8852202957310841	0.8981152610065738	0.9042508492530661	0.8877338134037944	0.874607427036384	0.9170551582909077	0.9182958340646791	0.9070594663082496	0.7812438438252037	0.8099312244332338	0.7970901855451057	0.7994536418600767	0.7796596786604195	0.8046190313263497	0.8160712350453558	0.8066531231543909	0.7939644674128097	0.8147410531546975	1.0310089986641984	1.0403486162659537	1.006827951304499	1.018117631810388	1.0505935104951247	1.0347917884959452	1.0219176132476628	1.0201726948162908	1.0482097077773647	1.0385394489236675	0.26619884523736326	0.2587605870148089	0.28402559266127253	0.26638594080454897	0.24097148957435427	0.2613532145193641	0.26015318500262824	0.2830090982536558	0.0	0.2879087695306748	1.071595928845912	1.1070683157083292	1.0507826869406474	1.0794545731654877	1.0826876150136877	1.1005920045752509	1.0930102892307707	1.0948757944199674	1.103685689742088	1.0677503219011235	0.996537846526164	1.0173382421741144	0.9885117560869038	1.0069553551970083	0.9996922593416427	0.9890427026764612	1.0025138623227912	0.977405922097435	1.0030293403328188	1.0016937914770352
control_tree10	0.9546070758034216	0.9959551949723191	0.9465129465694285	0.9562867208400848	0.9559543887124268	0.9611783565624528	0.9874342142450367	0.9731978494877717	0.9485032728264572	0.9621689059497517	1.0198471226720403	1.0250026449263259	1.0440972302086295	1.0144862802637848	1.0146032873658573	1.038810274931338	1.0190722352183943	1.0031244337526537	1.0184472400415812	1.0540388734638373	0.8861983742975056	0.9203781599621056	0.8939117251139153	0.8930395923311764	0.886134586800188	0.8942544390679479	0.8996252409142595	0.8752960111040118	0.9361860215354114	0.9133749007431262	0.7419773516992799	0.7782611898791092	0.776548283745642	0.79659163141458	0.7853032796858819	0.7970218574544851	0.7734363732462572	0.781187727299849	0.7655673349685521	0.8087332049919046	1.0071427699139415	1.0264044181030128	0.9788520703508629	1.0126695906766816	1.0486997846944957	1.0189010183953213	1.0110744221333456	1.0342317073510492	1.0619636057509427	1.0063152087688403	0.2522092978310294	0.2794445816859343	0.35423398806563955	0.29058587628914	0.2633365793358621	0.27856750470180835	0.2331485444086013	0.28327030850691276	0.2879087695306748	0.0	1.073524355469493	1.1110995572216547	1.0556726856951892	1.0747835934450274	1.0978340026665132	1.089940962590738	1.078169620817795	1.0682398579101853	1.1069469287596683	1.0579132767621857	0.9855018124669065	1.0108533045421024	0.9919401167025672	0.987992735577135	0.9746621872001833	0.9958064594945107	0.9941174232112524	0.9571157352573146	1.0005316531329351	0.9925916202647396
control_bus1	1.0041171651911276	0.998193828446357	0.9309338952560059	0.9386653148312175	0.9893328000886815	0.998529852386303	0.9632104018509182	0.9777329586853636	0.9627278338252417	0.9557418713095338	1.010661256117066	1.0249759474105222	1.037800866298754	1.0127803438799545	1.0339172863103985	1.0011948335022836	1.0103349909812904	1.0172819676430482	1.0407457852107076	1.0115877856468165	1.031501306202536	1.075711229410711	1.0485482068676222	1.0379745942652419	1.051101614045313	1.044945233010219	1.022005269017262	1.0655554969892287	1.0520984698151696	1.0327565618792582	1.0421942657622798	1.092879581550554	1.0826747823731315	1.0849045086623061	1.069520130184414	1.078907526079645	1.1127834814140618	1.0558163094684945	1.0426163635105263	1.0921830206795755	0.9297595032380975	0.9238626934226641	0.9496489658771988	0.9339332259181389	0.8901069615278779	0.9099088782474664	0.9244385155869005	0.9073017909588831	0.9550134521666757	0.9151774760332334	1.0613978809775544	1.090822373207533	1.0586889171780605	1.076726263487715	1.0704960380414728	1.0524017359620175	1.0962719854723557	1.0537649624040648	1.071595928845912	1.073524355469493	0.0	0.2847603768815727	0.2987833635937492	0.24437808373950592	0.2565589268097249	0.29347339560281194	0.33174231793170644	0.3055978926071314	0.329749778162908	0.2936237426163256	0.8310383527726988	0.8183550643842576	0.8529897027217939	0.8375834900789109	0.8854040509076427	0.8343059198329734	0.8752431140960852	0.8474364568595331	0.8533258169073598	0.8124375765218166
control_bus2	0.9710072923873215	0.9957516886001966	0.9066539300327009	0.9137429958613161	0.9907416379901117	0.9863672184907539	0.9379457099085019	0.9749002528796296	0.9587004327697929	0.9374334361910205	1.026618453094638	1.0239860663289087	1.0437862662203805	1.039733302650214	1.0255061142806357	1.0121914089942667	1.0297816516948246	1.0272396441396088	1.0340887776614958	1.026617016135223	1.059997992324286	1.1106595504783976	1.060511393625585	1.06547154854315	1.0750687375175252	1.076261722103735	1.0451052461977801	1.094119724686248	1.0886725842727585	1.071255348793948	1.0412686690686979	1.087678468247999	1.1082761159397863	1.0914366317961033	1.0782942516360363	1.0744509410680685	1.1044885655343981	1.0628639317818598	1.0402825814176844	1.114012546092193	0.9292055948122954	0.9147657358041364	0.9477436686081535	0.9160647558696524	0.883400444095414	0.9096565395918332	0.89771864790263	0.8962869621551603	0.9330817805226826	0.903656828355304	1.1006170752066688	1.1272006385858366	1.0953256698625524	1.0848552827967473	1.0940760308019255	1.072237135348144	1.1476844578896268	1.0685687058783027	1.1070683157083292	1.1110995572216547	0.2847603768815727	0.0	0.24791197253401928	0.31609681863486205	0.2910069043260312	0.2635382798159735	0.29269281868306124	0.2783805859373092	0.27822493828843586	0.2694646520134297	0.8247718853824343	0.8251128839114127	0.8549995330719884	0.8421835155832149	0.8611883637449604	0.8434130561722878	0.8840030188430439	0.8456757885245302	0.8469528843326593	0.809890871960291
control_bus3	0.9497843309416963	0.984909714259572	0.8980496926783528	0.9214634490366098	0.97375590269707	0.9710299822340152	0.9341345230820649	0.9658827169870865	0.9513823755255533	0.9269822336683166	1.0266157091700938	1.0197187351169612	1.0417704590775698	1.0254481507568567	1.0257850730397988	1.0019522879581393	1.0290102739196458	1.02622648398537	1.020731901340075	1.0154203376260058	1.0116720967988277	1.087004783687178	1.0331294641410156	1.0345623673039979	1.038064989637746	1.0551186208567163	1.0365384238414854	1.0721610228666125	1.0734366190084719	1.0221438862121228	1.037055406426519	1.0628988617940842	1.069059530658382	1.0644121443019192	1.0567151779589978	1.0385543864723814	1.094392502750721	1.027401967618517	1.023407262338048	1.079425208674918	0.9179849829743236	0.913591507265446	0.9367925813325786	0.9168662518600385	0.8989408289158963	0.9218871704792544	0.8953631442960878	0.896479873981182	0.9563523667710082	0.9169856933043292	1.0645498466417302	1.081604861367704	1.0513030852248382	1.052237318471506	1.044803589787585	1.0495843101513007	1.0816953578958304	1.0265016988116573	1.0507826869406474	1.0556726856951892	0.2987833635937492	0.24791197253401928	0.0	0.3134708645561188	0.2851410978657051	0.26191518015995285	0.26951601946474874	0.24182106023565533	0.2634249369633478	0.21185276535386663	0.8379585797098552	0.8190914465020316	0.8522389409992204	0.8416365796637234	0.8733097934703579	0.8430998819145482	0.8951432611377967	0.850788177804933	0.8645683953057247	0.8151503392528884
control_bus4	0.9910071489626298	0.976919434957744	0.9322187676019237	0.9452274560652957	1.002633003868174	0.9958986839682424	0.9567385629016958	0.9585485992881537	0.9568853954665619	0.9543491927986111	1.0120021541133246	1.036239030432261	1.0509420472722466	1.0173209459195354	1.0201579284734492	1.010564565611176	1.0112665355619543	1.043291685366287	1.035641396471294	1.019286756495352	1.0375100023540278	1.0579313694980543	1.0410734119543545	1.0286853418178046	1.0468293961639048	1.068217159303212	1.0313557168886183	1.068295225410879	1.0502266311218338	1.0304472986828	0.995582684114416	1.0363187435223826	1.0426742253647332	1.037081955674712	1.019631773728668	1.0233803613125299	1.0608064428409711	1.0201121368051174	0.9970220573604078	1.0604732918674762	0.9406858451228487	0.9535041515586417	0.9680691285509702	0.9442528770702743	0.908643917298146	0.9348377159242939	0.9371705729734906	0.9237745176417763	0.9768393018264337	0.9317059740279667	1.0604937589713275	1.1171924129098056	1.0721773042800125	1.0632098742362575	1.0683149196035127	1.0573262644816275	1.0945603454386996	1.058429317343929	1.0794545731654877	1.0747835934450274	0.24437808373950592	0.31609681863486205	0.3134708645561188	0.0	0.2558707185561674	0.308218140941108	0.3424100603525702	0.32973558271443754	0.3209509036589458	0.29952575091358774	0.8463066128442635	0.8541888275479962	0.8504265751221181	0.8462049553012041	0.8729482093354417	0.8701151572298609	0.912082649117644	0.8620718842026779	0.8729013236795673	0.8439244713304959
control_bus5	0.9634167586552802	0.977486607930297	0.9148802900373031	0.9174446700140281	0.9787831826715496	0.962162072418142	0.9266736643246761	0.9615439203837647	0.9500214852189705	0.9339469921037302	0.9995979571042614	1.016645914764251	1.0159511608906364	1.0165874402406785	1.004620476275513	0.9969997289582935	1.0075975464496785	0.9989269412265211	1.025921606988317	1.0151946543090777	1.0403378559852237	1.0425866604656382	1.0285714584227323	1.0367227540646053	1.0200543758021596	1.0554675826610924	1.029560427675384	1.0513069392255412	1.0339553509039772	1.0386734361039116	1.0237853609530023	1.058398035973614	1.0553687414008968	1.0606338834398574	1.0445121877801307	1.0467421841257083	1.07433343579373	1.0398211411489722	1.014441894795456	1.0827223343485655	0.9210424516865318	0.9194295182372415	0.9301738750549196	0.9406711826496711	0.9144889133851535	0.9109484817688905	0.9138744788647313	0.9170074402075254	0.9496230358188961	0.9172653141327897	1.0599003292226088	1.0990223063235744	1.0712811713244934	1.0766119794941291	1.0818383750563745	1.0534055982698083	1.1127973193182827	1.0665069926493167	1.0826876150136877	1.0978340026665132	0.2565589268097249	0.2910069043260312	0.2851410978657051	0.2558707185561674	0.0	0.2415047529763646	0.2470354607705296	0.2966247776736412	0.2553736812548259	0.2798329447174852	0.848097871722517	0.8230287769492457	0.8387725696230338	0.8315528729769436	0.8546703242380425	0.8383697433724635	0.8836713780599701	0.8482604610236817	0.8657756928048959	0.8187088050493518
control_bus6	0.9643203923651502	0.9841557487975194	0.9094187386260054	0.9173151320638809	0.9532811718697293	0.9693041190695972	0.9263148617683012	0.9572486469623402	0.9498833217470616	0.927707492962833	1.0168231172359905	1.0387290553856667	1.0280482915314915	1.0113120051857258	1.0085454325072833	1.014072353914863	1.007234425827183	1.0209472859114233	1.0309736550878699	1.010316586833913	1.0186232284184376	1.054723767623563	1.0271900005801937	1.0285421739215854	1.0333157082560813	1.046286604872111	1.0221595908556034	1.0487809007198796	1.0478068755622973	1.024869400791812	1.0257232149655922	1.0703763215638415	1.0820286332809987	1.0718707314265052	1.0572196435910284	1.0495087396106715	1.0902097828892496	1.0375185672426417	1.0283333403221113	1.0884179022611258	0.9394122029944391	0.9412947077325682	0.9651780189927746	0.9662879910278459	0.9472755861563592	0.9339901236552545	0.930256946990128	0.9595410729305289	0.9830595605585142	0.9430852557687835	1.082494583676718	1.105293766145879	1.078710984958114	1.0765217085413665	1.074993521160022	1.0592268108159668	1.103172261643911	1.0572017310469777	1.1005920045752509	1.089940962590738	0.29347339560281194	0.2635382798159735	0.26191518015995285	0.308218140941108	0.2415047529763646	0.0	0.2601603595398742	0.27925107328110493	0.26558147528108805	0.2532033419091846	0.8534363765167722	0.8220114465099845	0.8715606750900867	0.8461320573210277	0.8891747706063213	0.848204455611447	0.8938574597819803	0.8523019820188223	0.8720735129559252	0.8204776275644566
control_bus7	0.9501699733318918	0.9936787636844276	0.9022978043314365	0.90728334874841	0.9819894645907602	0.9723548229112869	0.9270405554100218	0.984298529628856	0.9366316856882467	0.9375504336456744	1.0063024790191823	1.0195854121360062	1.022641909846547	1.0123575565708436	1.0051374968295121	0.9850092906070281	0.9986291843565049	1.0167913048542916	1.0186626369355645	1.0194959952311644	1.0137243714323705	1.0448374863676817	1.0149657181989757	1.0308898539190974	1.0377356553632884	1.0513568050653406	1.0362501385521112	1.0532561159448086	1.0349249970952665	1.0157461883130805	1.0378513116378552	1.0795585797785774	1.0792689920172607	1.0825495680817032	1.0750723067160808	1.070532085825625	1.092742933564769	1.062364233741912	1.044550072186908	1.1011070513293937	0.9360566241602221	0.9159180861199979	0.9329485379447001	0.9382783833116722	0.9105289359789055	0.9252785035494518	0.907495437113256	0.9213707623267968	0.9608947896471774	0.912003510980398	1.0709789323775472	1.092895141988351	1.0653026946747308	1.0711707654491989	1.0781771101949305	1.0636673474426925	1.1182693983075163	1.073559391571043	1.0930102892307707	1.078169620817795	0.33174231793170644	0.29269281868306124	0.26951601946474874	0.3424100603525702	0.2470354607705296	0.2601603595398742	0.0	0.3097312056647587	0.25669110783644306	0.2605060981028768	0.8329550907333633	0.849392489834291	0.8734707507345867	0.8650729311158387	0.8713136875875583	0.8548836915005693	0.9102537793665605	0.861764007417766	0.8630122222880051	0.837424999223764
control_bus8	0.9841318786312017	0.9995070980049657	0.9307052426544975	0.9269059038461936	0.9903334940304972	0.9883230882000944	0.9618178724971718	0.9986755532111367	0.9668343429002767	0.959304581900776	1.0217038367552844	1.0162653645270836	1.0270092027054438	1.0144120932263745	1.0026631242892778	0.9959548507217904	1.0399137623728434	1.0156870801809703	1.034250810197811	1.0182985747742237	1.0511912636036487	1.0829447383955113	1.0418088420364133	1.0484517367432629	1.032080172549266	1.0753780353467328	1.0372884378246434	1.0587504054983699	1.0604281032669571	1.0399790905027635	0.999545060056451	1.0449361907775798	1.0429551083053392	1.046679822224384	1.0397320215012997	1.026998060307834	1.0886261560587451	1.0069806555325256	1.0109788932411405	1.0728534101293676	0.941850818653618	0.9470319258342332	0.9573316315947941	0.9620043347928312	0.938066447026258	0.9343246650575465	0.9306273255357215	0.9446413591746562	0.9822294922187319	0.9359253235381377	1.070133936943924	1.1015769857762836	1.07498118469091	1.077469421501585	1.084228598224939	1.0646061468120782	1.1027838789219802	1.0591503598522973	1.0948757944199674	1.0682398579101853	0.3055978926071314	0.2783805859373092	0.24182106023565533	0.32973558271443754	0.2966247776736412	0.27925107328110493	0.3097312056647587	0.0	0.28310936462764313	0.24278887249232198	0.864721500938768	0.833671958166904	0.8782350534494117	0.8769764161137753	0.8920397197099553	0.8596490620995787	0.909249394388831	0.8678080259668665	0.8790635542012328	0.8372429977093723
control_bus9	0.9862885907436838	0.9953867216683481	0.9294906867759777	0.9494667925932682	0.9891411078797815	0.9684242292056701	0.9567928197785277	0.9824824590369837	0.9736581237417159	0.951658293305984	1.0411224407515196	1.0426043868767536	1.0503032269046106	1.0239204597315903	1.0344687592037958	1.0233359198433047	1.0287285145889622	1.0374397001333076	1.0510707443146503	1.0402889073451353	1.042106344003461	1.0769464259493036	1.0626813529300447	1.0648966384220648	1.056446481448956	1.0699248320913464	1.0333447505405529	1.0692299747079501	1.0621404568670842	1.0475166622411292	1.0433816028043974	1.0956779257817733	1.0920775776353293	1.0891676675672377	1.0697190900810407	1.0842298573625906	1.1022975854458072	1.0529455331829345	1.0585130767739517	1.1026554029615168	0.9427037756251629	0.939922386914343	0.961623536958298	0.9504161333060354	0.9308931851801815	0.9463293085000626	0.934665130949487	0.9431838262600981	0.9908152345857324	0.9345860391116735	1.0948383911177841	1.1364282051712336	1.0997996828499779	1.0979589489471813	1.11049769866521	1.0876068871429598	1.1347169489541162	1.086560513205834	1.103685689742088	1.1069469287596683	0.329749778162908	0.27822493828843586	0.2634249369633478	0.3209509036589458	0.2553736812548259	0.26558147528108805	0.25669110783644306	0.28310936462764313	0.0	0.2671416090599665	0.8692577124662727	0.8688495804589454	0.9003581687915392	0.8804559847644032	0.9124105443132897	0.8868704564228991	0.9149504305837719	0.8932661950382216	0.9048716374271568	0.8382068184472294
control_bus10	0.9569891580508867	0.9915785104242698	0.9081481951798414	0.8888369757838862	0.967729458058944	0.9574878382479493	0.9331297789114669	0.9557828173020233	0.9352668713164731	0.9255517150069152	0.9936935576273533	1.029547641172684	1.0243499881052907	1.0152916177446258	1.0024252975005743	0.980246580883431	0.9969735110491679	1.0184918409954342	1.017490188984163	1.015747217264831	1.0369921704896667	1.0729873200416598	1.0344453832948433	1.0558744177467572	1.0518849047939147	1.0691567090510359	1.0306228981645478	1.0906776136988137	1.062518364618411	1.0360182880639377	1.0164187727213423	1.0401985285654096	1.0586213756879188	1.0586719006094831	1.0439321102961412	1.0316986653442877	1.0596145738760476	1.0126884311386781	1.0248984717621445	1.071497877974766	0.9450714722638945	0.9446831741754305	0.9424251577716384	0.9488806129841479	0.9229067373496478	0.9344594088231367	0.9290835803834433	0.9335580654420597	0.9745815018473941	0.933246650080579	1.043274372137679	1.0811392726480589	1.0461980179361479	1.0708282848348243	1.0501097354743996	1.056417176890254	1.0993596119402809	1.04136058535956	1.0677503219011235	1.0579132767621857	0.2936237426163256	0.2694646520134297	0.21185276535386663	0.29952575091358774	0.2798329447174852	0.2532033419091846	0.2605060981028768	0.24278887249232198	0.2671416090599665	0.0	0.8610539085609331	0.8525503417038901	0.8816583328119609	0.8712568900393158	0.9007150389230341	0.8481615702252294	0.8847627160411666	0.869043414938361	0.8809583424424993	0.8394599842232374
control_building1	1.0057446967344637	1.0141445405075413	0.9805774392457652	1.0173416685423133	1.0326748645696517	1.0183400146954498	0.9990496197354186	1.0079011061419791	0.9986277581739682	0.9681499102600799	1.0891103596829501	1.0804594254643798	1.0747471919601514	1.078754771248474	1.0653452812773967	1.0665552189131142	1.0840839294811622	1.1007235072756172	1.0684716133668477	1.0819163523535782	1.036273277795848	1.080939670242423	1.051878435107866	1.0512608037236766	1.0564549809734578	1.079602019097385	1.069023554362662	1.0431240253088843	1.084056629851503	1.0316627336157282	1.1436700888852342	1.166338321351124	1.1635291191923003	1.1740106027366872	1.1636496109169958	1.1533517326083127	1.1444845656038676	1.1710207499507073	1.145081476835741	1.1703560725016446	0.8128858017650302	0.8178877083674806	0.8427275104372037	0.8453377618592817	0.833422099144942	0.8168698823487439	0.8217060253985168	0.8296755416803621	0.8393123073863724	0.8045279485272306	1.0029365253392406	1.0316215928059211	1.0057077372741967	0.9689636189929157	0.988801923068097	0.9856051663266477	0.9792256002708517	1.0077377657518891	0.996537846526164	0.9855018124669065	0.8310383527726988	0.8247718853824343	0.8379585797098552	0.8463066128442635	0.848097871722517	0.8534363765167722	0.8329550907333633	0.864721500938768	0.8692577124662727	0.8610539085609331	0.0	0.3230607590088809	0.2981310609652774	0.36554112101765485	0.36312358223131413	0.2589940275534579	0.27096039068502686	0.2273667662051149	0.2514682071431327	0.22421425196852282
control_building2	1.0213088765713223	1.034727302286391	1.01631686824045	1.0265909092552032	1.0611124579557092	1.0515844870282254	1.0343258668754836	1.040526309584302	1.0251608836420198	1.007031579055709	1.0731733124797893	1.0435740746563595	1.061868370049309	1.0614407227733371	1.054575512428585	1.052284305196143	1.0640084978539521	1.0904111883155	1.0569012771434272	1.085496589725646	1.0455880745899961	1.0942024728742799	1.0595868760113518	1.0431176818424517	1.0823886929313495	1.07374515211079	1.065844143491219	1.0226484776836096	1.0989602044561237	1.0523150659846157	1.1896354725547904	1.221925946149289	1.2122461829789632	1.2241458366148348	1.1993296364895103	1.1962918765012829	1.2052565987249861	1.2262733568479354	1.1817880361434951	1.2198212194162326	0.8661602952508555	0.849282614548602	0.8614450672512639	0.857788431052911	0.8760757007716944	0.8536567276526955	0.8604957239040469	0.8787571961999897	0.8817291758753654	0.8489831172949305	0.9983542049858002	1.021890021028071	1.0184109635360927	0.9795358758141066	1.0146185839940558	0.9944614779755475	0.9965854336243499	1.0091321594451317	1.0173382421741144	1.0108533045421024	0.8183550643842576	0.8251128839114127	0.8190914465020316	0.8541888275479962	0.8230287769492457	0.8220114465099845	0.849392489834291	0.833671958166904	0.8688495804589454	0.8525503417038901	0.3230607590088809	0.0	0.3608329546848987	0.4443235187549051	0.4354523630538269	0.27738260020645306	0.30500359069592037	0.3167068213964565	0.29820601855509843	0.2758935934092033
control_building3	1.0101469982757523	1.0176417333161267	1.0111632350161601	0.9882528369042064	1.0208076881981336	1.0183821845612935	1.0045757548906904	1.0072081483090227	1.006213472977027	1.005703188602875	1.0782140622616334	1.0933620417398353	1.0820604980600572	1.100609042247071	1.0776594890690108	1.0747426282276307	1.084134388366817	1.091897584280099	1.0802281271448313	1.0793247597041506	1.023967498258076	1.0724145799171179	1.030391872247334	1.033785420843711	1.071740759901282	1.0464680134546411	1.0469849861124507	1.0338773613785786	1.0839805306646004	1.0463915174823	1.137301067337101	1.1667057714131575	1.148297865780617	1.1578063425247092	1.1558383130987038	1.1500472001098634	1.1263297019256382	1.1639348661592044	1.1162692991936507	1.1643428605384603	0.840470525745938	0.8432483280980779	0.8697635864440891	0.8457172480652314	0.8622770345633924	0.8336128493088755	0.8571583503751125	0.8505765610420967	0.8474324694349651	0.8584758699861716	0.9766982636434829	1.0011608660036257	0.9800344455625769	0.9493289443540737	0.9649343316253925	0.965677410940242	0.9781684697682256	0.9789840918440863	0.9885117560869038	0.9919401167025672	0.8529897027217939	0.8549995330719884	0.8522389409992204	0.8504265751221181	0.8387725696230338	0.8715606750900867	0.8734707507345867	0.8782350534494117	0.9003581687915392	0.8816583328119609	0.2981310609652774	0.3608329546848987	0.0	0.3020973430854896	0.26526240254653055	0.2787263475633867	0.2915882358538817	0.27509988409145186	0.2970783197348386	0.2908503649660959
control_building4	1.0015077296032895	1.0161988143190717	0.9955979113926358	0.9797231258045382	1.0242788787059374	0.9962928114095639	0.9992790892011395	1.0006464006517333	1.0040378350125838	0.9925090432531445	1.0550101090457515	1.0422062737125417	1.0322494665522592	1.0707010674626625	1.0720666876216087	1.0656240463579159	1.0657983031265414	1.0696269547876955	1.0754540413995515	1.0592768500541003	1.0157272677273679	1.057031549130717	0.9959583698043034	1.0291342441518072	1.0429420034445334	1.028401455505006	1.0434986103121082	1.0306983725079952	1.0598338093396846	1.0242706771875105	1.0979140472125606	1.131081064286848	1.1245259621002763	1.1331680536906175	1.1225731938381012	1.117010662046621	1.1130023705948322	1.1327692479241007	1.0949155380695923	1.1380183485899387	0.8570950892941673	0.8469832187516594	0.8618470454672135	0.8689436718684498	0.8432977955314588	0.8517254448940627	0.8472435223873844	0.8456636850388897	0.8402496551539307	0.8454301109031175	0.9799216867994818	0.9889838300573787	0.9695182154279132	0.9511864997634565	0.9736876224281082	0.9475468541603973	0.9906907836767931	0.993341065668196	1.0069553551970083	0.987992735577135	0.8375834900789109	0.8421835155832149	0.8416365796637234	0.8462049553012041	0.8315528729769436	0.8461320573210277	0.8650729311158387	0.8769764161137753	0.8804559847644032	0.8712568900393158	0.36554112101765485	0.4443235187549051	0.3020973430854896	0.0	0.22873964025510626	0.38724087099384297	0.3972583436883621	0.3903413518695613	0.38412237206875977	0.37584505700147786
control_building5	0.9829488137681953	0.998976798887459	0.9999281105373788	0.973779190119522	1.0104283346278555	1.0010716534885329	0.9938803790277494	0.9886134578035946	0.9875461247891951	0.9754880364740324	1.064922659047941	1.067495396773349	1.0392165262280206	1.0779958933828315	1.0605094741442327	1.0735039719311574	1.07154658535888	1.082280503239438	1.0739325359815461	1.0552197825826557	1.0090135694069013	1.0806930290001668	1.0142405686951603	1.032403226798831	1.062605660373075	1.0430028412780654	1.0465472301318643	1.0117271563889454	1.06657462317981	1.0420323774915807	1.116019189197697	1.1258586290431034	1.1256101255381121	1.1430026393445443	1.1263348173704344	1.116574713065737	1.115739437162282	1.1221520551199584	1.0961199163679238	1.1367635641691605	0.8404775207429643	0.8171500334657246	0.8621651101056099	0.8521258039188419	0.8349322039752888	0.8324424237683119	0.8372514304320703	0.8510707957072919	0.8316859468591766	0.8172897588719331	0.9753664437980284	0.9911390111126809	0.9713119784817521	0.9481164399224998	0.97843832519989	0.9623614535940621	0.9897111079666326	0.9739580219866941	0.9996922593416427	0.9746621872001833	0.8854040509076427	0.8611883637449604	0.8733097934703579	0.8729482093354417	0.8546703242380425	0.8891747706063213	0.8713136875875583	0.8920397197099553	0.9124105443132897	0.9007150389230341	0.36312358223131413	0.4354523630538269	0.26526240254653055	0.22873964025510626	0.0	0.37424565552787853	0.3914448773876736	0.3689745520085983	0.3613653579380918	0.36195043474938327
control_building6	1.0248255002938906	1.0314733072817939	1.002034492649489	1.0211658738590432	1.0366732362436617	1.0384198456199103	1.026338349242116	1.029819757397203	1.0162407465801897	0.9931929995919252	1.0735001323075843	1.0776907453887958	1.0735546253035144	1.0897467622936692	1.0653821323381973	1.0665149380854286	1.0820050331307087	1.0753651545018224	1.0713759197176111	1.072605148242298	1.030521055018397	1.073826521472853	1.0511475519452789	1.0419691019459338	1.0770056125769767	1.0598364462036327	1.0518226009569511	1.049647188413003	1.07502046962924	1.050644844627013	1.135463493966521	1.1593518491210633	1.1614141318718358	1.1718250943204316	1.1706638838901844	1.155925771842961	1.1354286139777903	1.1631959106068996	1.1482590360106735	1.1585040644119953	0.8130410200533773	0.8226288848810527	0.8410199170039436	0.8284527071579066	0.8257070856297027	0.8125484595471122	0.822290974931433	0.820604889569061	0.8166114575052955	0.8236519657961757	0.9714412753981487	1.0047389254046344	0.9991793688213101	0.9700041994858072	0.9768253349982636	0.9773353181381922	0.985305383870869	0.9953788557532935	0.9890427026764612	0.9958064594945107	0.8343059198329734	0.8434130561722878	0.8430998819145482	0.8701151572298609	0.8383697433724635	0.848204455611447	0.8548836915005693	0.8596490620995787	0.8868704564228991	0.8481615702252294	0.2589940275534579	0.27738260020645306	0.2787263475633867	0.38724087099384297	0.37424565552787853	0.0	0.20520469890780982	0.23808951430987316	0.20731792263372312	0.24691848210347303
control_building7	1.017668379347998	1.0167438659686086	1.0119547612943498	1.010095130677243	1.0306144499982801	1.0281640240203065	1.033859227486364	1.0285416912629535	1.0291952268108222	1.010918080520518	1.0664191361006445	1.0665149918542678	1.0577638602674109	1.088537075111863	1.059741189169177	1.0573975191565277	1.080731210272557	1.079971662533054	1.0569150923490105	1.0658044051206754	1.0329447240162943	1.0786743325325265	1.0292462429884555	1.0191386876355017	1.0729837243854299	1.0634604214679322	1.0455364445526034	1.0422895995590076	1.0822127884959416	1.0368941038019055	1.1129010365798004	1.1477515686993531	1.1361838412362664	1.150247707990707	1.1427484554074148	1.1285329035935248	1.1168818650953047	1.1566389730293538	1.0970819996469066	1.13513333397927	0.7932016853863306	0.8236565283347793	0.8308423304520823	0.8380977374442707	0.8379338646008473	0.796077381087546	0.8263568647986858	0.8125354226778394	0.803033470026996	0.8246449921283141	1.0001085712623352	1.0086723377352103	0.9981261367249836	0.9665491376779172	0.9709056746259216	0.993327112454592	0.9961759771977142	0.9871543079073463	1.0025138623227912	0.9941174232112524	0.8752431140960852	0.8840030188430439	0.8951432611377967	0.912082649117644	0.8836713780599701	0.8938574597819803	0.9102537793665605	0.909249394388831	0.9149504305837719	0.8847627160411666	0.27096039068502686	0.30500359069592037	0.2915882358538817	0.3972583436883621	0.3914448773876736	0.20520469890780982	0.0	0.24673717193498987	0.21574995640921857	0.24887469784693836
control_building8	0.9975376796986418	0.986666983323786	0.929896418456951	0.9782431805546191	0.9904250007816653	0.9960143515660117	0.97098953228884	0.9881652149588768	0.9708495477548623	0.9357135736693035	1.063791024467264	1.0540562637707274	1.0443964225877975	1.0583631366463815	1.0449934373398588	1.0406997932633641	1.053086179104315	1.0524069477712155	1.0243600158373787	1.0551044792525806	0.9908997501722149	1.0557489978985204	1.0179466906272983	1.0124566365409593	1.0485248825499889	1.030277909611289	1.0424410278529945	1.0253792834236917	1.064676816516322	1.0044260014007178	1.1024972799414066	1.1436013899475799	1.1385601467183675	1.1428371302708082	1.1324228815679527	1.1266213200753608	1.1176684140992228	1.145993443978674	1.1118829702906607	1.1405114541836776	0.8371542724168447	0.8290575504423455	0.8542395826214098	0.8333080291259137	0.8473827201716202	0.824984700950663	0.8355830085999311	0.8313019980949057	0.8159775099390439	0.8275615352547184	0.9603782566094625	0.98169225226113	0.9760695854666477	0.9605065082016473	0.9657323525019401	0.9764203831462364	0.9661858519185131	0.9732867154395536	0.977405922097435	0.9571157352573146	0.8474364568595331	0.8456757885245302	0.850788177804933	0.8620718842026779	0.8482604610236817	0.8523019820188223	0.861764007417766	0.8678080259668665	0.8932661950382216	0.869043414938361	0.2273667662051149	0.3167068213964565	0.27509988409145186	0.3903413518695613	0.3689745520085983	0.23808951430987316	0.24673717193498987	0.0	0.22899733525358093	0.23661089603209448
control_building9	1.024021324169376	1.0384103614003675	0.999727244281862	1.022924173567681	1.0418478043449475	1.0266644646985217	1.0106258775179766	1.0323473439599367	1.0263942407477946	0.9764313846889866	1.0973533867312646	1.0883304882930414	1.073120068533496	1.0994243589606965	1.0767256433278296	1.0774242542373023	1.0863502357255013	1.094198188297273	1.0628693246401704	1.087040379774287	1.0342983684859668	1.0779738226413464	1.0485306937824124	1.0437213838950283	1.0758814695123902	1.077041742068564	1.0525037055144073	1.0445138064487858	1.0845090492205645	1.0497496704304472	1.1455741981779786	1.1670695365621495	1.1598577632652494	1.1676748663182783	1.159536316932207	1.1570268383698097	1.1326201505435458	1.1709893983012696	1.119922935811828	1.1764921309605638	0.8251151952717449	0.8455215598424974	0.8467201732212059	0.8549237754862671	0.8546341454758962	0.8104040554598447	0.8429016030632112	0.8312718760856199	0.833117455939195	0.8466231955499023	1.0201182515982872	1.0279528833858558	1.0069798841418423	0.9803495233067366	1.0099304726227094	1.000152932805065	1.0033696587762584	1.007405759420581	1.0030293403328188	1.0005316531329351	0.8533258169073598	0.8469528843326593	0.8645683953057247	0.8729013236795673	0.8657756928048959	0.8720735129559252	0.8630122222880051	0.8790635542012328	0.9048716374271568	0.8809583424424993	0.2514682071431327	0.29820601855509843	0.2970783197348386	0.38412237206875977	0.3613653579380918	0.20731792263372312	0.21574995640921857	0.22899733525358093	0.0	0.23852952527220078
control_building10	0.9903412244234701	0.9896230222398803	0.9654723349068959	0.9833180636830114	1.0253724482066124	1.0076945029458761	0.9872467110296843	0.9923833482247559	0.9822730354125937	0.972364269409363	1.058545809688585	1.0444352857993366	1.034649526551116	1.069081260896578	1.0556196280752241	1.0598759846976948	1.07311564910702	1.0730058762583583	1.0478522553727232	1.0709537318306748	1.0303766851560223	1.0757382529039032	1.0305304843892638	1.0362936111265937	1.0577698825941102	1.0562297167820807	1.049546763678846	1.0351355815276655	1.0836722518640172	1.0320236562087581	1.1304864618346961	1.1607697688249135	1.158653540600409	1.1469769171826383	1.1493172118532387	1.144499288944736	1.1370838242077947	1.1634527928830758	1.1194582047020076	1.1652653484729987	0.8304067076850689	0.8179225977710416	0.8441422016754726	0.8541158418621926	0.8435475187068474	0.8233522503552293	0.8329574214348991	0.8375566445987623	0.8393999519202757	0.8227479375804797	0.9876117420907711	1.0143597195796175	0.98720752371213	0.968040736535868	0.9832420814405054	0.9819193944059804	0.9950600531299089	1.0183515953243965	1.0016937914770352	0.9925916202647396	0.8124375765218166	0.809890871960291	0.8151503392528884	0.8439244713304959	0.8187088050493518	0.8204776275644566	0.837424999223764	0.8372429977093723	0.8382068184472294	0.8394599842232374	0.22421425196852282	0.2758935934092033	0.2908503649660959	0.37584505700147786	0.36195043474938327	0.24691848210347303	0.24887469784693836	0.23661089603209448	0.23852952527220078	0.0
