roi,subject,model,corr_type,r
Primary_Visual,sub-01,Animacy,full,0.08046114858943877
Primary_Visual,sub-02,Animacy,full,0.030562021196956904
Primary_Visual,sub-03,Animacy,full,0.025064256060303942
Primary_Visual,sub-04,Animacy,full,-0.041173848588603366
Primary_Visual,sub-05,Animacy,full,0.13088777416076247
Primary_Visual,sub-06,Animacy,full,0.009320088907260314
Primary_Visual,sub-07,Animacy,full,0.020530225764066906
Primary_Visual,sub-08,Animacy,full,0.0033387831674857194
Primary_Visual,sub-09,Animacy,full,0.05611596117531706
Primary_Visual,sub-10,Animacy,full,-0.013561125729745502
Primary_Visual,sub-11,Animacy,full,-0.012556620119329275
Primary_Visual,sub-12,Animacy,full,0.04647997222143985
Primary_Visual,sub-13,Animacy,full,0.038600208985024496
Primary_Visual,sub-14,Animacy,full,0.02729204495856545
Primary_Visual,sub-15,Animacy,full,-0.00032819076342628645
Primary_Visual,sub-16,Animacy,full,0.003521500045040715
Primary_Visual,sub-17,Animacy,full,-0.015289807994641339
Primary_Visual,sub-18,Animacy,full,0.03224638654481428
Primary_Visual,sub-19,Animacy,full,-0.06361038224632365
Primary_Visual,sub-20,Animacy,full,0.0021971228565630862
Primary_Visual,sub-01,Animacy,semipartial,0.07905549909337972
Primary_Visual,sub-02,Animacy,semipartial,0.0032635870489531047
Primary_Visual,sub-03,Animacy,semipartial,0.03297770953151085
Primary_Visual,sub-04,Animacy,semipartial,-0.05515026674528741
Primary_Visual,sub-05,Animacy,semipartial,0.13834994345295465
Primary_Visual,sub-06,Animacy,semipartial,-0.0024532234601800313
Primary_Visual,sub-07,Animacy,semipartial,0.009948850216223614
Primary_Visual,sub-08,Animacy,semipartial,-0.01706376819544426
Primary_Visual,sub-09,Animacy,semipartial,0.029295206291095572
Primary_Visual,sub-10,Animacy,semipartial,-0.023630190250139554
Primary_Visual,sub-11,Animacy,semipartial,-0.005863652560445325
Primary_Visual,sub-12,Animacy,semipartial,0.04371716956880902
Primary_Visual,sub-13,Animacy,semipartial,0.033580684734449834
Primary_Visual,sub-14,Animacy,semipartial,0.007058403458247057
Primary_Visual,sub-15,Animacy,semipartial,-0.014966667086480187
Primary_Visual,sub-16,Animacy,semipartial,-0.009387855151164269
Primary_Visual,sub-17,Animacy,semipartial,-0.040641340071372385
Primary_Visual,sub-18,Animacy,semipartial,0.03726462543502399
Primary_Visual,sub-19,Animacy,semipartial,-0.0896778402141393
Primary_Visual,sub-20,Animacy,semipartial,-0.0080578609154209
Primary_Visual,sub-01,Category,full,0.01717843794876145
Primary_Visual,sub-02,Category,full,0.0862611070471067
Primary_Visual,sub-03,Category,full,-0.019270421938178777
Primary_Visual,sub-04,Category,full,0.034549527501664366
Primary_Visual,sub-05,Category,full,0.0011109584617131508
Primary_Visual,sub-06,Category,full,0.03632367602542008
Primary_Visual,sub-07,Category,full,0.03513449637246562
Primary_Visual,sub-08,Category,full,0.059308723072674464
Primary_Visual,sub-09,Category,full,0.08958599839266695
Primary_Visual,sub-10,Category,full,0.02743754726203474
Primary_Visual,sub-11,Category,full,-0.019560539772173695
Primary_Visual,sub-12,Category,full,0.017651516930170384
Primary_Visual,sub-13,Category,full,0.02232732668253896
Primary_Visual,sub-14,Category,full,0.0641660091876691
Primary_Visual,sub-15,Category,full,0.04496235977213072
Primary_Visual,sub-16,Category,full,0.03991099090644571
Primary_Visual,sub-17,Category,full,0.07203576077934894
Primary_Visual,sub-18,Category,full,-0.009043210024017447
Primary_Visual,sub-19,Category,full,0.06643363625158381
Primary_Visual,sub-20,Category,full,0.030579981934335337
Primary_Visual,sub-01,Category,semipartial,-0.010467133785918256
Primary_Visual,sub-02,Category,semipartial,0.08547708469279622
Primary_Visual,sub-03,Category,semipartial,-0.03020779815845208
Primary_Visual,sub-04,Category,semipartial,0.0528262698312334
Primary_Visual,sub-05,Category,semipartial,-0.04135962111842863
Primary_Visual,sub-06,Category,semipartial,0.036637251812147394
Primary_Visual,sub-07,Category,semipartial,0.03260115473050367
Primary_Visual,sub-08,Category,semipartial,0.06004470593471023
Primary_Visual,sub-09,Category,semipartial,0.08138721709947724
Primary_Visual,sub-10,Category,semipartial,0.03482594615116953
Primary_Visual,sub-11,Category,semipartial,-0.011018823201953975
Primary_Visual,sub-12,Category,semipartial,0.007627920073326157
Primary_Visual,sub-13,Category,semipartial,0.013761554242623835
Primary_Visual,sub-14,Category,semipartial,0.060540224978948745
Primary_Visual,sub-15,Category,semipartial,0.05423168862859609
Primary_Visual,sub-16,Category,semipartial,0.04577973080852446
Primary_Visual,sub-17,Category,semipartial,0.08379562873588231
Primary_Visual,sub-18,Category,semipartial,-0.02023374955993759
Primary_Visual,sub-19,Category,semipartial,0.09554423196978624
Primary_Visual,sub-20,Category,semipartial,0.03264271684433825
Primary_Visual,sub-01,Gist,full,-0.03003495091696379
Primary_Visual,sub-02,Gist,full,0.1426995844422731
Primary_Visual,sub-03,Gist,full,-0.036489172341177885
Primary_Visual,sub-04,Gist,full,0.06423001734207145
Primary_Visual,sub-05,Gist,full,0.0741895615696644
Primary_Visual,sub-06,Gist,full,0.04262936670846642
Primary_Visual,sub-07,Gist,full,0.07520532794688498
Primary_Visual,sub-08,Gist,full,-0.047340729105854996
Primary_Visual,sub-09,Gist,full,0.17829242349905453
Primary_Visual,sub-10,Gist,full,0.0343650802374666
Primary_Visual,sub-11,Gist,full,0.16253297278568177
Primary_Visual,sub-12,Gist,full,0.14926921860497028
Primary_Visual,sub-13,Gist,full,0.10314319854043877
Primary_Visual,sub-14,Gist,full,0.06141223871392374
Primary_Visual,sub-15,Gist,full,0.19835479870689943
Primary_Visual,sub-16,Gist,full,0.14428170995252185
Primary_Visual,sub-17,Gist,full,0.07032686676734613
Primary_Visual,sub-18,Gist,full,0.012641735302066845
Primary_Visual,sub-19,Gist,full,0.10274370590466071
Primary_Visual,sub-20,Gist,full,0.03156184121231676
Primary_Visual,sub-01,Gist,semipartial,-0.029095149672657205
Primary_Visual,sub-02,Gist,semipartial,0.1459414873724413
Primary_Visual,sub-03,Gist,semipartial,-0.03707356393398611
Primary_Visual,sub-04,Gist,semipartial,0.06529382912311142
Primary_Visual,sub-05,Gist,semipartial,0.0748645485314392
Primary_Visual,sub-06,Gist,semipartial,0.04396690790088304
Primary_Visual,sub-07,Gist,semipartial,0.07657342154278043
Primary_Visual,sub-08,Gist,semipartial,-0.04528831413257136
Primary_Visual,sub-09,Gist,semipartial,0.18178866480283531
Primary_Visual,sub-10,Gist,semipartial,0.03528453270309784
Primary_Visual,sub-11,Gist,semipartial,0.16190305597638738
Primary_Visual,sub-12,Gist,semipartial,0.15019323587382338
Primary_Visual,sub-13,Gist,semipartial,0.10416416012113025
Primary_Visual,sub-14,Gist,semipartial,0.06381424234698248
Primary_Visual,sub-15,Gist,semipartial,0.200054702207233
Primary_Visual,sub-16,Gist,semipartial,0.1457864478362914
Primary_Visual,sub-17,Gist,semipartial,0.07281856096149361
Primary_Visual,sub-18,Gist,semipartial,0.012479213563699274
Primary_Visual,sub-19,Gist,semipartial,0.10484510076472134
Primary_Visual,sub-20,Gist,semipartial,0.03265967041685904
Early_Visual,sub-01,Animacy,full,0.11003037993586767
Early_Visual,sub-02,Animacy,full,0.009463799376657544
Early_Visual,sub-03,Animacy,full,0.05384744364070594
Early_Visual,sub-04,Animacy,full,-0.005903478006602335
Early_Visual,sub-05,Animacy,full,0.11649619492271517
Early_Visual,sub-06,Animacy,full,0.04627572548514511
Early_Visual,sub-07,Animacy,full,0.11955835849615447
Early_Visual,sub-08,Animacy,full,0.029126059350767827
Early_Visual,sub-09,Animacy,full,0.02493026811168101
Early_Visual,sub-10,Animacy,full,0.1033080751882627
Early_Visual,sub-11,Animacy,full,-0.023974562702308317
Early_Visual,sub-12,Animacy,full,-0.01903651619474736
Early_Visual,sub-13,Animacy,full,0.0029528053417779516
Early_Visual,sub-14,Animacy,full,0.01967956047791774
Early_Visual,sub-15,Animacy,full,0.014585144120201598
Early_Visual,sub-16,Animacy,full,0.04772984115488442
Early_Visual,sub-17,Animacy,full,-0.05794871515252901
Early_Visual,sub-18,Animacy,full,0.07192461169737412
Early_Visual,sub-19,Animacy,full,0.03791436974074449
Early_Visual,sub-20,Animacy,full,0.0677447650505018
Early_Visual,sub-01,Animacy,semipartial,0.07706296616430593
Early_Visual,sub-02,Animacy,semipartial,-0.025450479240065358
Early_Visual,sub-03,Animacy,semipartial,0.05808109993050214
Early_Visual,sub-04,Animacy,semipartial,-0.025479227865331872
Early_Visual,sub-05,Animacy,semipartial,0.12041666752721294
Early_Visual,sub-06,Animacy,semipartial,0.015749144075804612
Early_Visual,sub-07,Animacy,semipartial,0.12223978240178647
Early_Visual,sub-08,Animacy,semipartial,0.0037330755460717375
Early_Visual,sub-09,Animacy,semipartial,-0.004091638394417244
Early_Visual,sub-10,Animacy,semipartial,0.06149787437625671
Early_Visual,sub-11,Animacy,semipartial,-0.02409505053839352
Early_Visual,sub-12,Animacy,semipartial,-0.05043807687445988
Early_Visual,sub-13,Animacy,semipartial,-0.041729089490811666
Early_Visual,sub-14,Animacy,semipartial,-0.014785958128741348
Early_Visual,sub-15,Animacy,semipartial,0.0103986108690223
Early_Visual,sub-16,Animacy,semipartial,0.01912353805998871
Early_Visual,sub-17,Animacy,semipartial,-0.08144343806975958
Early_Visual,sub-18,Animacy,semipartial,0.04046786973662464
Early_Visual,sub-19,Animacy,semipartial,0.005448846249115607
Early_Visual,sub-20,Animacy,semipartial,0.03885070380736026
Early_Visual,sub-01,Category,full,0.11432950629340792
Early_Visual,sub-02,Category,full,0.10441009385639988
Early_Visual,sub-03,Category,full,-0.004133979266824458
Early_Visual,sub-04,Category,full,0.05900541287008845
Early_Visual,sub-05,Category,full,0.008665993170549353
Early_Visual,sub-06,Category,full,0.09715351981983911
Early_Visual,sub-07,Category,full,0.013632207789562228
Early_Visual,sub-08,Category,full,0.07868395772207401
Early_Visual,sub-09,Category,full,0.09192166866072597
Early_Visual,sub-10,Category,full,0.14011549546790822
Early_Visual,sub-11,Category,full,-0.0019533946448397742
Early_Visual,sub-12,Category,full,0.0899415270639127
Early_Visual,sub-13,Category,full,0.1319334027190959
Early_Visual,sub-14,Category,full,0.10488063149538657
Early_Visual,sub-15,Category,full,0.01584776769870023
Early_Visual,sub-16,Category,full,0.09213040002430478
Early_Visual,sub-17,Category,full,0.05943431503019703
Early_Visual,sub-18,Category,full,0.10450783065553583
Early_Visual,sub-19,Category,full,0.10259909235206721
Early_Visual,sub-20,Category,full,0.0955715410954404
Early_Visual,sub-01,Category,semipartial,0.08328221509321611
Early_Visual,sub-02,Category,semipartial,0.11067535518662712
Early_Visual,sub-03,Category,semipartial,-0.025101791103602923
Early_Visual,sub-04,Category,semipartial,0.07265839743581426
Early_Visual,sub-05,Category,semipartial,-0.02932159978794844
Early_Visual,sub-06,Category,semipartial,0.0885934970949081
Early_Visual,sub-07,Category,semipartial,-0.02284365401601158
Early_Visual,sub-08,Category,semipartial,0.07314939291249345
Early_Visual,sub-09,Category,semipartial,0.09765751584566963
Early_Visual,sub-10,Category,semipartial,0.11607184121115312
Early_Visual,sub-11,Category,semipartial,0.010739820349321314
Early_Visual,sub-12,Category,semipartial,0.1065390743352687
Early_Visual,sub-13,Category,semipartial,0.1425883875297379
Early_Visual,sub-14,Category,semipartial,0.10784031675374312
Early_Visual,sub-15,Category,semipartial,0.015053520013781276
Early_Visual,sub-16,Category,semipartial,0.08362986479979108
Early_Visual,sub-17,Category,semipartial,0.08494960161627597
Early_Visual,sub-18,Category,semipartial,0.08851860677250376
Early_Visual,sub-19,Category,semipartial,0.10045463254089246
Early_Visual,sub-20,Category,semipartial,0.07840132200265187
Early_Visual,sub-01,Gist,full,0.003811327076434653
Early_Visual,sub-02,Gist,full,0.10463264778218498
Early_Visual,sub-03,Gist,full,-0.06733321425416992
Early_Visual,sub-04,Gist,full,0.2484171570715563
Early_Visual,sub-05,Gist,full,0.046853155570589736
Early_Visual,sub-06,Gist,full,0.05152121046680345
Early_Visual,sub-07,Gist,full,0.11582358133827413
Early_Visual,sub-08,Gist,full,-0.002898015304101496
Early_Visual,sub-09,Gist,full,0.2716780442633179
Early_Visual,sub-10,Gist,full,0.1006577110889228
Early_Visual,sub-11,Gist,full,0.13842511552262776
Early_Visual,sub-12,Gist,full,0.1463958288149893
Early_Visual,sub-13,Gist,full,0.1213976722530084
Early_Visual,sub-14,Gist,full,0.11002746297078751
Early_Visual,sub-15,Gist,full,0.09994710087964355
Early_Visual,sub-16,Gist,full,0.07731482826246724
Early_Visual,sub-17,Gist,full,0.06507273138244056
Early_Visual,sub-18,Gist,full,0.080570718033268
Early_Visual,sub-19,Gist,full,0.14928458865069336
Early_Visual,sub-20,Gist,full,0.016972400912717126
Early_Visual,sub-01,Gist,semipartial,0.008295655979742755
Early_Visual,sub-02,Gist,semipartial,0.108387695535517
Early_Visual,sub-03,Gist,semipartial,-0.06728118244348509
Early_Visual,sub-04,Gist,semipartial,0.2506155063562994
Early_Visual,sub-05,Gist,semipartial,0.04770892792941758
Early_Visual,sub-06,Gist,semipartial,0.05515252318012126
Early_Visual,sub-07,Gist,semipartial,0.11691249417502833
Early_Visual,sub-08,Gist,semipartial,-2.4336662145141904e-05
Early_Visual,sub-09,Gist,semipartial,0.27517850998125915
Early_Visual,sub-10,Gist,semipartial,0.10607633755249571
Early_Visual,sub-11,Gist,semipartial,0.1383421645452424
Early_Visual,sub-12,Gist,semipartial,0.1495463290196187
Early_Visual,sub-13,Gist,semipartial,0.1260949810295886
Early_Visual,sub-14,Gist,semipartial,0.11384831930262074
Early_Visual,sub-15,Gist,semipartial,0.10063224350483209
Early_Visual,sub-16,Gist,semipartial,0.08079467573204573
Early_Visual,sub-17,Gist,semipartial,0.06693009889050588
Early_Visual,sub-18,Gist,semipartial,0.08459299200192516
Early_Visual,sub-19,Gist,semipartial,0.15313384028105265
Early_Visual,sub-20,Gist,semipartial,0.020621614644440428
Dorsal_Stream_Visual,sub-01,Animacy,full,0.06513812169078871
Dorsal_Stream_Visual,sub-02,Animacy,full,-0.003173118238317123
Dorsal_Stream_Visual,sub-03,Animacy,full,0.061355808994569466
Dorsal_Stream_Visual,sub-04,Animacy,full,0.09863175356012663
Dorsal_Stream_Visual,sub-05,Animacy,full,0.09563659612209235
Dorsal_Stream_Visual,sub-06,Animacy,full,0.022984336446338814
Dorsal_Stream_Visual,sub-07,Animacy,full,0.04108524083707597
Dorsal_Stream_Visual,sub-08,Animacy,full,0.03400051585091129
Dorsal_Stream_Visual,sub-09,Animacy,full,-0.019882368848661767
Dorsal_Stream_Visual,sub-10,Animacy,full,0.011589975581424414
Dorsal_Stream_Visual,sub-11,Animacy,full,0.03127622015850541
Dorsal_Stream_Visual,sub-12,Animacy,full,0.011606706914169792
Dorsal_Stream_Visual,sub-13,Animacy,full,0.03751749961996305
Dorsal_Stream_Visual,sub-14,Animacy,full,0.016515896109560446
Dorsal_Stream_Visual,sub-15,Animacy,full,0.06193367010470032
Dorsal_Stream_Visual,sub-16,Animacy,full,0.0030683957531984505
Dorsal_Stream_Visual,sub-17,Animacy,full,0.028940827194380833
Dorsal_Stream_Visual,sub-18,Animacy,full,0.1903248600062189
Dorsal_Stream_Visual,sub-19,Animacy,full,0.10747626687077423
Dorsal_Stream_Visual,sub-20,Animacy,full,-0.038432199281913396
Dorsal_Stream_Visual,sub-01,Animacy,semipartial,0.022669762777456304
Dorsal_Stream_Visual,sub-02,Animacy,semipartial,-0.004281215384544739
Dorsal_Stream_Visual,sub-03,Animacy,semipartial,0.06150083937080232
Dorsal_Stream_Visual,sub-04,Animacy,semipartial,0.09247982180892225
Dorsal_Stream_Visual,sub-05,Animacy,semipartial,0.072520169378691
Dorsal_Stream_Visual,sub-06,Animacy,semipartial,0.0006987613461577977
Dorsal_Stream_Visual,sub-07,Animacy,semipartial,0.023728548071151608
Dorsal_Stream_Visual,sub-08,Animacy,semipartial,0.0310997801335198
Dorsal_Stream_Visual,sub-09,Animacy,semipartial,-0.0524653792592162
Dorsal_Stream_Visual,sub-10,Animacy,semipartial,-0.0029109632836185587
Dorsal_Stream_Visual,sub-11,Animacy,semipartial,0.029653239521089683
Dorsal_Stream_Visual,sub-12,Animacy,semipartial,-0.03880803298400137
Dorsal_Stream_Visual,sub-13,Animacy,semipartial,0.02157065070515515
Dorsal_Stream_Visual,sub-14,Animacy,semipartial,-0.001357649630320601
Dorsal_Stream_Visual,sub-15,Animacy,semipartial,0.06099769656121655
Dorsal_Stream_Visual,sub-16,Animacy,semipartial,-0.013786801298234239
Dorsal_Stream_Visual,sub-17,Animacy,semipartial,0.018469595693871164
Dorsal_Stream_Visual,sub-18,Animacy,semipartial,0.1853270065795047
Dorsal_Stream_Visual,sub-19,Animacy,semipartial,0.08660755629186115
Dorsal_Stream_Visual,sub-20,Animacy,semipartial,-0.056335649260876086
Dorsal_Stream_Visual,sub-01,Category,full,0.13396764694963317
Dorsal_Stream_Visual,sub-02,Category,full,0.004163478741552912
Dorsal_Stream_Visual,sub-03,Category,full,0.00895860000180709
Dorsal_Stream_Visual,sub-04,Category,full,0.03525919861635925
Dorsal_Stream_Visual,sub-05,Category,full,0.0837284931056453
Dorsal_Stream_Visual,sub-06,Category,full,0.06770709162783434
Dorsal_Stream_Visual,sub-07,Category,full,0.05726600768524497
Dorsal_Stream_Visual,sub-08,Category,full,0.013442111680443299
Dorsal_Stream_Visual,sub-09,Category,full,0.09140728704303584
Dorsal_Stream_Visual,sub-10,Category,full,0.043634343046938105
Dorsal_Stream_Visual,sub-11,Category,full,0.008997250821054808
Dorsal_Stream_Visual,sub-12,Category,full,0.1492265872640199
Dorsal_Stream_Visual,sub-13,Category,full,0.051598975446645955
Dorsal_Stream_Visual,sub-14,Category,full,0.05505385953490735
Dorsal_Stream_Visual,sub-15,Category,full,0.012767613996934478
Dorsal_Stream_Visual,sub-16,Category,full,0.05035400109380771
Dorsal_Stream_Visual,sub-17,Category,full,0.03485785244250768
Dorsal_Stream_Visual,sub-18,Category,full,0.04732022355961493
Dorsal_Stream_Visual,sub-19,Category,full,0.07992889932691223
Dorsal_Stream_Visual,sub-20,Category,full,0.04543788259950671
Dorsal_Stream_Visual,sub-01,Category,semipartial,0.11820057206372199
Dorsal_Stream_Visual,sub-02,Category,semipartial,0.009433578435571618
Dorsal_Stream_Visual,sub-03,Category,semipartial,-0.013973409564171133
Dorsal_Stream_Visual,sub-04,Category,semipartial,0.005731073449298
Dorsal_Stream_Visual,sub-05,Category,semipartial,0.05706848534961848
Dorsal_Stream_Visual,sub-06,Category,semipartial,0.06120424742707603
Dorsal_Stream_Visual,sub-07,Category,semipartial,0.04624914089222105
Dorsal_Stream_Visual,sub-08,Category,semipartial,0.0007134307510649916
Dorsal_Stream_Visual,sub-09,Category,semipartial,0.10348845123007303
Dorsal_Stream_Visual,sub-10,Category,semipartial,0.0409131623086115
Dorsal_Stream_Visual,sub-11,Category,semipartial,-0.003784217225446942
Dorsal_Stream_Visual,sub-12,Category,semipartial,0.1557004047646632
Dorsal_Stream_Visual,sub-13,Category,semipartial,0.03888361221905901
Dorsal_Stream_Visual,sub-14,Category,semipartial,0.053409582557546985
Dorsal_Stream_Visual,sub-15,Category,semipartial,-0.00862046347192725
Dorsal_Stream_Visual,sub-16,Category,semipartial,0.05442650073359153
Dorsal_Stream_Visual,sub-17,Category,semipartial,0.02577023819933087
Dorsal_Stream_Visual,sub-18,Category,semipartial,-0.01281335154044788
Dorsal_Stream_Visual,sub-19,Category,semipartial,0.05100280162338809
Dorsal_Stream_Visual,sub-20,Category,semipartial,0.060754187757406736
Dorsal_Stream_Visual,sub-01,Gist,full,-0.03525600716742671
Dorsal_Stream_Visual,sub-02,Gist,full,0.11934562599284165
Dorsal_Stream_Visual,sub-03,Gist,full,-0.07170792158199774
Dorsal_Stream_Visual,sub-04,Gist,full,0.07034280348246819
Dorsal_Stream_Visual,sub-05,Gist,full,0.040732668560077415
Dorsal_Stream_Visual,sub-06,Gist,full,-0.07689182502192797
Dorsal_Stream_Visual,sub-07,Gist,full,-0.006777316689623851
Dorsal_Stream_Visual,sub-08,Gist,full,-0.05529528896431818
Dorsal_Stream_Visual,sub-09,Gist,full,-0.0018798885308828107
Dorsal_Stream_Visual,sub-10,Gist,full,-0.03857740097727785
Dorsal_Stream_Visual,sub-11,Gist,full,-0.07744608648778789
Dorsal_Stream_Visual,sub-12,Gist,full,0.0543663677299443
Dorsal_Stream_Visual,sub-13,Gist,full,-0.0854405972014054
Dorsal_Stream_Visual,sub-14,Gist,full,0.025265153740602068
Dorsal_Stream_Visual,sub-15,Gist,full,-0.025601190491299376
Dorsal_Stream_Visual,sub-16,Gist,full,0.06673389505231483
Dorsal_Stream_Visual,sub-17,Gist,full,-0.0353500910203246
Dorsal_Stream_Visual,sub-18,Gist,full,0.07660388412766059
Dorsal_Stream_Visual,sub-19,Gist,full,0.10206612165151861
Dorsal_Stream_Visual,sub-20,Gist,full,-0.016109480768799103
Dorsal_Stream_Visual,sub-01,Gist,semipartial,-0.03031388367758553
Dorsal_Stream_Visual,sub-02,Gist,semipartial,0.11955653093756714
Dorsal_Stream_Visual,sub-03,Gist,semipartial,-0.07116840084653425
Dorsal_Stream_Visual,sub-04,Gist,semipartial,0.07206200751482052
Dorsal_Stream_Visual,sub-05,Gist,semipartial,0.044109607124948685
Dorsal_Stream_Visual,sub-06,Gist,semipartial,-0.0744781466600697
Dorsal_Stream_Visual,sub-07,Gist,semipartial,-0.004599858233834055
Dorsal_Stream_Visual,sub-08,Gist,semipartial,-0.054710958943618625
Dorsal_Stream_Visual,sub-09,Gist,semipartial,0.001218724416328342
Dorsal_Stream_Visual,sub-10,Gist,semipartial,-0.03702898361507808
Dorsal_Stream_Visual,sub-11,Gist,semipartial,-0.07704386007366154
Dorsal_Stream_Visual,sub-12,Gist,semipartial,0.05966091509503549
Dorsal_Stream_Visual,sub-13,Gist,semipartial,-0.0835294817067559
Dorsal_Stream_Visual,sub-14,Gist,semipartial,0.027276771998797644
Dorsal_Stream_Visual,sub-15,Gist,semipartial,-0.024895336109682756
Dorsal_Stream_Visual,sub-16,Gist,semipartial,0.06854903441126557
Dorsal_Stream_Visual,sub-17,Gist,semipartial,-0.034027945548925534
Dorsal_Stream_Visual,sub-18,Gist,semipartial,0.07915898289288588
Dorsal_Stream_Visual,sub-19,Gist,semipartial,0.10540460889909316
Dorsal_Stream_Visual,sub-20,Gist,semipartial,-0.014707281483304125
Ventral_Stream_Visual,sub-01,Animacy,full,0.28805392928566864
Ventral_Stream_Visual,sub-02,Animacy,full,0.28005298581008775
Ventral_Stream_Visual,sub-03,Animacy,full,0.2526821045601945
Ventral_Stream_Visual,sub-04,Animacy,full,0.2752527074017522
Ventral_Stream_Visual,sub-05,Animacy,full,0.27722584199551814
Ventral_Stream_Visual,sub-06,Animacy,full,0.20817725842649276
Ventral_Stream_Visual,sub-07,Animacy,full,0.10698444715177627
Ventral_Stream_Visual,sub-08,Animacy,full,0.30463640102619555
Ventral_Stream_Visual,sub-09,Animacy,full,0.17292913527170534
Ventral_Stream_Visual,sub-10,Animacy,full,0.17139186791239924
Ventral_Stream_Visual,sub-11,Animacy,full,0.19398875076938402
Ventral_Stream_Visual,sub-12,Animacy,full,0.24734040067596955
Ventral_Stream_Visual,sub-13,Animacy,full,0.20774023141788794
Ventral_Stream_Visual,sub-14,Animacy,full,0.208305958984848
Ventral_Stream_Visual,sub-15,Animacy,full,0.3589284607513254
Ventral_Stream_Visual,sub-16,Animacy,full,0.13505313128267807
Ventral_Stream_Visual,sub-17,Animacy,full,0.16575580203156076
Ventral_Stream_Visual,sub-18,Animacy,full,0.13328844906035575
Ventral_Stream_Visual,sub-19,Animacy,full,0.20162534465052834
Ventral_Stream_Visual,sub-20,Animacy,full,0.30666544735743045
Ventral_Stream_Visual,sub-01,Animacy,semipartial,0.24153569013282983
Ventral_Stream_Visual,sub-02,Animacy,semipartial,0.241269315301497
Ventral_Stream_Visual,sub-03,Animacy,semipartial,0.2065609620292813
Ventral_Stream_Visual,sub-04,Animacy,semipartial,0.23550324948465023
Ventral_Stream_Visual,sub-05,Animacy,semipartial,0.2504306033547273
Ventral_Stream_Visual,sub-06,Animacy,semipartial,0.15402261469436554
Ventral_Stream_Visual,sub-07,Animacy,semipartial,0.09165109568620586
Ventral_Stream_Visual,sub-08,Animacy,semipartial,0.25256954047066993
Ventral_Stream_Visual,sub-09,Animacy,semipartial,0.13305745604907693
Ventral_Stream_Visual,sub-10,Animacy,semipartial,0.13806218116847158
Ventral_Stream_Visual,sub-11,Animacy,semipartial,0.16720002767086828
Ventral_Stream_Visual,sub-12,Animacy,semipartial,0.20295535117625355
Ventral_Stream_Visual,sub-13,Animacy,semipartial,0.19002289577601916
Ventral_Stream_Visual,sub-14,Animacy,semipartial,0.1699389709573657
Ventral_Stream_Visual,sub-15,Animacy,semipartial,0.3454483223228058
Ventral_Stream_Visual,sub-16,Animacy,semipartial,0.10731364995290392
Ventral_Stream_Visual,sub-17,Animacy,semipartial,0.1332573670825659
Ventral_Stream_Visual,sub-18,Animacy,semipartial,0.11994320116405467
Ventral_Stream_Visual,sub-19,Animacy,semipartial,0.1637030689349005
Ventral_Stream_Visual,sub-20,Animacy,semipartial,0.2890404566826758
Ventral_Stream_Visual,sub-01,Category,full,0.18432501687694336
Ventral_Stream_Visual,sub-02,Category,full,0.161238719801569
Ventral_Stream_Visual,sub-03,Category,full,0.17679830472024988
Ventral_Stream_Visual,sub-04,Category,full,0.1627098898385922
Ventral_Stream_Visual,sub-05,Category,full,0.12450528883742913
Ventral_Stream_Visual,sub-06,Category,full,0.19243915686402316
Ventral_Stream_Visual,sub-07,Category,full,0.06294340838398035
Ventral_Stream_Visual,sub-08,Category,full,0.20229303059399262
Ventral_Stream_Visual,sub-09,Category,full,0.14670584008372078
Ventral_Stream_Visual,sub-10,Category,full,0.12674729161501372
Ventral_Stream_Visual,sub-11,Category,full,0.11134357162452653
Ventral_Stream_Visual,sub-12,Category,full,0.17075295405804394
Ventral_Stream_Visual,sub-13,Category,full,0.08705074991490971
Ventral_Stream_Visual,sub-14,Category,full,0.14770371621381959
Ventral_Stream_Visual,sub-15,Category,full,0.10039567752596
Ventral_Stream_Visual,sub-16,Category,full,0.10360788140959101
Ventral_Stream_Visual,sub-17,Category,full,0.12293272664342939
Ventral_Stream_Visual,sub-18,Category,full,0.060830889212685424
Ventral_Stream_Visual,sub-19,Category,full,0.14514499449075285
Ventral_Stream_Visual,sub-20,Category,full,0.10340961019607418
Ventral_Stream_Visual,sub-01,Category,semipartial,0.09831404655023851
Ventral_Stream_Visual,sub-02,Category,semipartial,0.07863123686795437
Ventral_Stream_Visual,sub-03,Category,semipartial,0.10129118450413216
Ventral_Stream_Visual,sub-04,Category,semipartial,0.08040780322088263
Ventral_Stream_Visual,sub-05,Category,semipartial,0.03700024724281497
Ventral_Stream_Visual,sub-06,Category,semipartial,0.13239660532112793
Ventral_Stream_Visual,sub-07,Category,semipartial,0.031044609438187556
Ventral_Stream_Visual,sub-08,Category,semipartial,0.10910528843085135
Ventral_Stream_Visual,sub-09,Category,semipartial,0.10067087021399485
Ventral_Stream_Visual,sub-10,Category,semipartial,0.07827213175429505
Ventral_Stream_Visual,sub-11,Category,semipartial,0.05377432839011996
Ventral_Stream_Visual,sub-12,Category,semipartial,0.09645528533516824
Ventral_Stream_Visual,sub-13,Category,semipartial,0.0227761476198462
Ventral_Stream_Visual,sub-14,Category,semipartial,0.08811125407337474
Ventral_Stream_Visual,sub-15,Category,semipartial,-0.0140629828300667
Ventral_Stream_Visual,sub-16,Category,semipartial,0.06412944567696888
Ventral_Stream_Visual,sub-17,Category,semipartial,0.07495764409926581
Ventral_Stream_Visual,sub-18,Category,semipartial,0.017812541821118674
Ventral_Stream_Visual,sub-19,Category,semipartial,0.08730449849954994
Ventral_Stream_Visual,sub-20,Category,semipartial,0.006294330059340513
Ventral_Stream_Visual,sub-01,Gist,full,0.06904848902569861
Ventral_Stream_Visual,sub-02,Gist,full,0.12951086961761527
Ventral_Stream_Visual,sub-03,Gist,full,0.03221357421441953
Ventral_Stream_Visual,sub-04,Gist,full,0.08617571560348522
Ventral_Stream_Visual,sub-05,Gist,full,0.016301973800658585
Ventral_Stream_Visual,sub-06,Gist,full,0.00980707164902332
Ventral_Stream_Visual,sub-07,Gist,full,0.03675172790289023
Ventral_Stream_Visual,sub-08,Gist,full,-0.007376926578960365
Ventral_Stream_Visual,sub-09,Gist,full,0.14772349058439235
Ventral_Stream_Visual,sub-10,Gist,full,0.09289366700898682
Ventral_Stream_Visual,sub-11,Gist,full,0.07976285250098257
Ventral_Stream_Visual,sub-12,Gist,full,0.023873588220295026
Ventral_Stream_Visual,sub-13,Gist,full,0.06254548552446196
Ventral_Stream_Visual,sub-14,Gist,full,0.10355479065653557
Ventral_Stream_Visual,sub-15,Gist,full,0.0928663156817426
Ventral_Stream_Visual,sub-16,Gist,full,0.027797838372063875
Ventral_Stream_Visual,sub-17,Gist,full,0.05605979322853106
Ventral_Stream_Visual,sub-18,Gist,full,-0.022555184618467745
Ventral_Stream_Visual,sub-19,Gist,full,0.09157221318018681
Ventral_Stream_Visual,sub-20,Gist,full,0.06882471408198647
Ventral_Stream_Visual,sub-01,Gist,semipartial,0.07681626562335266
Ventral_Stream_Visual,sub-02,Gist,semipartial,0.1364778302490949
Ventral_Stream_Visual,sub-03,Gist,semipartial,0.039535590915718864
Ventral_Stream_Visual,sub-04,Gist,semipartial,0.09314348716143091
Ventral_Stream_Visual,sub-05,Gist,semipartial,0.021898960973324232
Ventral_Stream_Visual,sub-06,Gist,semipartial,0.01746031384868064
Ventral_Stream_Visual,sub-07,Gist,semipartial,0.03945171767305338
Ventral_Stream_Visual,sub-08,Gist,semipartial,0.0010408768386466218
Ventral_Stream_Visual,sub-09,Gist,semipartial,0.1537155452634204
Ventral_Stream_Visual,sub-10,Gist,semipartial,0.09814583315811325
Ventral_Stream_Visual,sub-11,Gist,semipartial,0.08457010168024542
Ventral_Stream_Visual,sub-12,Gist,semipartial,0.030955177057496612
Ventral_Stream_Visual,sub-13,Gist,semipartial,0.06655532310487382
Ventral_Stream_Visual,sub-14,Gist,semipartial,0.10971064113293644
Ventral_Stream_Visual,sub-15,Gist,semipartial,0.09803957114754508
Ventral_Stream_Visual,sub-16,Gist,semipartial,0.0320363093447911
Ventral_Stream_Visual,sub-17,Gist,semipartial,0.06112896943461829
Ventral_Stream_Visual,sub-18,Gist,semipartial,-0.019850704381728628
Ventral_Stream_Visual,sub-19,Gist,semipartial,0.09760083750075495
Ventral_Stream_Visual,sub-20,Gist,semipartial,0.07385281029378439
MT__Complex_and_Neighboring_Visual_Areas,sub-01,Animacy,full,0.18323972096549296
MT__Complex_and_Neighboring_Visual_Areas,sub-02,Animacy,full,0.23875149973300783
MT__Complex_and_Neighboring_Visual_Areas,sub-03,Animacy,full,0.23029028876550073
MT__Complex_and_Neighboring_Visual_Areas,sub-04,Animacy,full,0.29137235785364385
MT__Complex_and_Neighboring_Visual_Areas,sub-05,Animacy,full,0.2566022899259267
MT__Complex_and_Neighboring_Visual_Areas,sub-06,Animacy,full,0.25984105663453233
MT__Complex_and_Neighboring_Visual_Areas,sub-07,Animacy,full,0.2526547290824203
MT__Complex_and_Neighboring_Visual_Areas,sub-08,Animacy,full,0.24008628350238434
MT__Complex_and_Neighboring_Visual_Areas,sub-09,Animacy,full,0.11680415993888299
MT__Complex_and_Neighboring_Visual_Areas,sub-10,Animacy,full,0.29666234753829385
MT__Complex_and_Neighboring_Visual_Areas,sub-11,Animacy,full,0.28717964118060946
MT__Complex_and_Neighboring_Visual_Areas,sub-12,Animacy,full,0.3628261014301073
MT__Complex_and_Neighboring_Visual_Areas,sub-13,Animacy,full,0.09722954525922382
MT__Complex_and_Neighboring_Visual_Areas,sub-14,Animacy,full,0.2661696962402936
MT__Complex_and_Neighboring_Visual_Areas,sub-15,Animacy,full,0.3885841211116448
MT__Complex_and_Neighboring_Visual_Areas,sub-16,Animacy,full,0.19628120692755158
MT__Complex_and_Neighboring_Visual_Areas,sub-17,Animacy,full,0.16860732769303333
MT__Complex_and_Neighboring_Visual_Areas,sub-18,Animacy,full,0.13153143173777457
MT__Complex_and_Neighboring_Visual_Areas,sub-19,Animacy,full,0.20320510426503813
MT__Complex_and_Neighboring_Visual_Areas,sub-20,Animacy,full,0.3183526582957576
MT__Complex_and_Neighboring_Visual_Areas,sub-01,Animacy,semipartial,0.1451098329489756
MT__Complex_and_Neighboring_Visual_Areas,sub-02,Animacy,semipartial,0.2228226078297721
MT__Complex_and_Neighboring_Visual_Areas,sub-03,Animacy,semipartial,0.1921321655252642
MT__Complex_and_Neighboring_Visual_Areas,sub-04,Animacy,semipartial,0.2574927708139862
MT__Complex_and_Neighboring_Visual_Areas,sub-05,Animacy,semipartial,0.23965461022594606
MT__Complex_and_Neighboring_Visual_Areas,sub-06,Animacy,semipartial,0.2226908152614196
MT__Complex_and_Neighboring_Visual_Areas,sub-07,Animacy,semipartial,0.22707839915195036
MT__Complex_and_Neighboring_Visual_Areas,sub-08,Animacy,semipartial,0.21009608135370872
MT__Complex_and_Neighboring_Visual_Areas,sub-09,Animacy,semipartial,0.08982749930358852
MT__Complex_and_Neighboring_Visual_Areas,sub-10,Animacy,semipartial,0.25869979455988185
MT__Complex_and_Neighboring_Visual_Areas,sub-11,Animacy,semipartial,0.254042789421885
MT__Complex_and_Neighboring_Visual_Areas,sub-12,Animacy,semipartial,0.3404606687028658
MT__Complex_and_Neighboring_Visual_Areas,sub-13,Animacy,semipartial,0.08362147871291922
MT__Complex_and_Neighboring_Visual_Areas,sub-14,Animacy,semipartial,0.24883537770197767
MT__Complex_and_Neighboring_Visual_Areas,sub-15,Animacy,semipartial,0.36374590262580575
MT__Complex_and_Neighboring_Visual_Areas,sub-16,Animacy,semipartial,0.18824632026657137
MT__Complex_and_Neighboring_Visual_Areas,sub-17,Animacy,semipartial,0.1400589931911247
MT__Complex_and_Neighboring_Visual_Areas,sub-18,Animacy,semipartial,0.11865270675955764
MT__Complex_and_Neighboring_Visual_Areas,sub-19,Animacy,semipartial,0.17800176684581276
MT__Complex_and_Neighboring_Visual_Areas,sub-20,Animacy,semipartial,0.2906708475146943
MT__Complex_and_Neighboring_Visual_Areas,sub-01,Category,full,0.14138664352123317
MT__Complex_and_Neighboring_Visual_Areas,sub-02,Category,full,0.08725508198280306
MT__Complex_and_Neighboring_Visual_Areas,sub-03,Category,full,0.14868730925213183
MT__Complex_and_Neighboring_Visual_Areas,sub-04,Category,full,0.14810785217011185
MT__Complex_and_Neighboring_Visual_Areas,sub-05,Category,full,0.09171980231147689
MT__Complex_and_Neighboring_Visual_Areas,sub-06,Category,full,0.15196452402269983
MT__Complex_and_Neighboring_Visual_Areas,sub-07,Category,full,0.11655544603864708
MT__Complex_and_Neighboring_Visual_Areas,sub-08,Category,full,0.1263804602123241
MT__Complex_and_Neighboring_Visual_Areas,sub-09,Category,full,0.09943519052494236
MT__Complex_and_Neighboring_Visual_Areas,sub-10,Category,full,0.16041176566202459
MT__Complex_and_Neighboring_Visual_Areas,sub-11,Category,full,0.14474095605870418
MT__Complex_and_Neighboring_Visual_Areas,sub-12,Category,full,0.1255888351882835
MT__Complex_and_Neighboring_Visual_Areas,sub-13,Category,full,0.057056450507894464
MT__Complex_and_Neighboring_Visual_Areas,sub-14,Category,full,0.09506476081832017
MT__Complex_and_Neighboring_Visual_Areas,sub-15,Category,full,0.139038868262499
MT__Complex_and_Neighboring_Visual_Areas,sub-16,Category,full,0.056608957141333856
MT__Complex_and_Neighboring_Visual_Areas,sub-17,Category,full,0.11155641732394227
MT__Complex_and_Neighboring_Visual_Areas,sub-18,Category,full,0.059440728906932194
MT__Complex_and_Neighboring_Visual_Areas,sub-19,Category,full,0.10787813772996478
MT__Complex_and_Neighboring_Visual_Areas,sub-20,Category,full,0.13455523606290584
MT__Complex_and_Neighboring_Visual_Areas,sub-01,Category,semipartial,0.08620524934202548
MT__Complex_and_Neighboring_Visual_Areas,sub-02,Category,semipartial,0.012915906060387434
MT__Complex_and_Neighboring_Visual_Areas,sub-03,Category,semipartial,0.07601309403462916
MT__Complex_and_Neighboring_Visual_Areas,sub-04,Category,semipartial,0.058806837210846515
MT__Complex_and_Neighboring_Visual_Areas,sub-05,Category,semipartial,0.007533493410239895
MT__Complex_and_Neighboring_Visual_Areas,sub-06,Category,semipartial,0.07270794316583797
MT__Complex_and_Neighboring_Visual_Areas,sub-07,Category,semipartial,0.036245527214012294
MT__Complex_and_Neighboring_Visual_Areas,sub-08,Category,semipartial,0.04852994080909889
MT__Complex_and_Neighboring_Visual_Areas,sub-09,Category,semipartial,0.0689256519175302
MT__Complex_and_Neighboring_Visual_Areas,sub-10,Category,semipartial,0.0687900893773498
MT__Complex_and_Neighboring_Visual_Areas,sub-11,Category,semipartial,0.05533294292524097
MT__Complex_and_Neighboring_Visual_Areas,sub-12,Category,semipartial,0.007779334300899769
MT__Complex_and_Neighboring_Visual_Areas,sub-13,Category,semipartial,0.030208004775742155
MT__Complex_and_Neighboring_Visual_Areas,sub-14,Category,semipartial,0.00944329585296718
MT__Complex_and_Neighboring_Visual_Areas,sub-15,Category,semipartial,0.018374067102544002
MT__Complex_and_Neighboring_Visual_Areas,sub-16,Category,semipartial,-0.006476636384840315
MT__Complex_and_Neighboring_Visual_Areas,sub-17,Category,semipartial,0.06096172291653263
MT__Complex_and_Neighboring_Visual_Areas,sub-18,Category,semipartial,0.017642443167016842
MT__Complex_and_Neighboring_Visual_Areas,sub-19,Category,semipartial,0.04587867143976837
MT__Complex_and_Neighboring_Visual_Areas,sub-20,Category,semipartial,0.03508150745081041
MT__Complex_and_Neighboring_Visual_Areas,sub-01,Gist,full,-0.012726748922775002
MT__Complex_and_Neighboring_Visual_Areas,sub-02,Gist,full,0.0801659937401188
MT__Complex_and_Neighboring_Visual_Areas,sub-03,Gist,full,-0.06566954275386222
MT__Complex_and_Neighboring_Visual_Areas,sub-04,Gist,full,0.06766564697704648
MT__Complex_and_Neighboring_Visual_Areas,sub-05,Gist,full,-0.040207420209735875
MT__Complex_and_Neighboring_Visual_Areas,sub-06,Gist,full,0.036867738908049535
MT__Complex_and_Neighboring_Visual_Areas,sub-07,Gist,full,-0.0075671571214494075
MT__Complex_and_Neighboring_Visual_Areas,sub-08,Gist,full,-0.08124176910167576
MT__Complex_and_Neighboring_Visual_Areas,sub-09,Gist,full,0.1168915969992504
MT__Complex_and_Neighboring_Visual_Areas,sub-10,Gist,full,0.030768528604010966
MT__Complex_and_Neighboring_Visual_Areas,sub-11,Gist,full,0.026678375507845666
MT__Complex_and_Neighboring_Visual_Areas,sub-12,Gist,full,-0.012451031831675147
MT__Complex_and_Neighboring_Visual_Areas,sub-13,Gist,full,0.0985754274735369
MT__Complex_and_Neighboring_Visual_Areas,sub-14,Gist,full,0.010062407512314572
MT__Complex_and_Neighboring_Visual_Areas,sub-15,Gist,full,0.1456301129786524
MT__Complex_and_Neighboring_Visual_Areas,sub-16,Gist,full,0.03282111726430083
MT__Complex_and_Neighboring_Visual_Areas,sub-17,Gist,full,0.02639604023685528
MT__Complex_and_Neighboring_Visual_Areas,sub-18,Gist,full,-0.0014309626705126624
MT__Complex_and_Neighboring_Visual_Areas,sub-19,Gist,full,0.04759139352166943
MT__Complex_and_Neighboring_Visual_Areas,sub-20,Gist,full,0.06424284908245434
MT__Complex_and_Neighboring_Visual_Areas,sub-01,Gist,semipartial,-0.006981441771670844
MT__Complex_and_Neighboring_Visual_Areas,sub-02,Gist,semipartial,0.08433373030101847
MT__Complex_and_Neighboring_Visual_Areas,sub-03,Gist,semipartial,-0.0594941068934134
MT__Complex_and_Neighboring_Visual_Areas,sub-04,Gist,semipartial,0.07418384233043572
MT__Complex_and_Neighboring_Visual_Areas,sub-05,Gist,semipartial,-0.03588448150232977
MT__Complex_and_Neighboring_Visual_Areas,sub-06,Gist,semipartial,0.043358564179891354
MT__Complex_and_Neighboring_Visual_Areas,sub-07,Gist,semipartial,-0.002373610813881302
MT__Complex_and_Neighboring_Visual_Areas,sub-08,Gist,semipartial,-0.07581108476956216
MT__Complex_and_Neighboring_Visual_Areas,sub-09,Gist,semipartial,0.12096233569160736
MT__Complex_and_Neighboring_Visual_Areas,sub-10,Gist,semipartial,0.037714990998239
MT__Complex_and_Neighboring_Visual_Areas,sub-11,Gist,semipartial,0.03303288773267164
MT__Complex_and_Neighboring_Visual_Areas,sub-12,Gist,semipartial,-0.0064518654175744275
MT__Complex_and_Neighboring_Visual_Areas,sub-13,Gist,semipartial,0.10106769438191113
MT__Complex_and_Neighboring_Visual_Areas,sub-14,Gist,semipartial,0.01457856315336048
MT__Complex_and_Neighboring_Visual_Areas,sub-15,Gist,semipartial,0.15231974864313708
MT__Complex_and_Neighboring_Visual_Areas,sub-16,Gist,semipartial,0.03569766898052982
MT__Complex_and_Neighboring_Visual_Areas,sub-17,Gist,semipartial,0.03106125188411658
MT__Complex_and_Neighboring_Visual_Areas,sub-18,Gist,semipartial,0.0012312815387487397
MT__Complex_and_Neighboring_Visual_Areas,sub-19,Gist,semipartial,0.052297514913670275
MT__Complex_and_Neighboring_Visual_Areas,sub-20,Gist,semipartial,0.0704068493874919
Somatosensory_and_Motor,sub-01,Animacy,full,0.03933378035630017
Somatosensory_and_Motor,sub-02,Animacy,full,0.04384077558174352
Somatosensory_and_Motor,sub-03,Animacy,full,0.06367076865877505
Somatosensory_and_Motor,sub-04,Animacy,full,0.09439236250226173
Somatosensory_and_Motor,sub-05,Animacy,full,0.04909963013696545
Somatosensory_and_Motor,sub-06,Animacy,full,0.09162751947896652
Somatosensory_and_Motor,sub-07,Animacy,full,-0.01234097090099372
Somatosensory_and_Motor,sub-08,Animacy,full,0.058814695936740796
Somatosensory_and_Motor,sub-09,Animacy,full,0.06934857985965803
Somatosensory_and_Motor,sub-10,Animacy,full,0.06002274316622133
Somatosensory_and_Motor,sub-11,Animacy,full,0.025612307944366815
Somatosensory_and_Motor,sub-12,Animacy,full,0.11383072685948062
Somatosensory_and_Motor,sub-13,Animacy,full,0.11899420917753503
Somatosensory_and_Motor,sub-14,Animacy,full,0.06368682164271514
Somatosensory_and_Motor,sub-15,Animacy,full,0.05056759912647065
Somatosensory_and_Motor,sub-16,Animacy,full,-0.0154783202751185
Somatosensory_and_Motor,sub-17,Animacy,full,-0.03363358783312602
Somatosensory_and_Motor,sub-18,Animacy,full,0.07434678861094123
Somatosensory_and_Motor,sub-19,Animacy,full,0.05964539462319101
Somatosensory_and_Motor,sub-20,Animacy,full,0.016882843773659093
Somatosensory_and_Motor,sub-01,Animacy,semipartial,-0.06641813112478592
Somatosensory_and_Motor,sub-02,Animacy,semipartial,-0.04068136570650789
Somatosensory_and_Motor,sub-03,Animacy,semipartial,-0.011997744501616376
Somatosensory_and_Motor,sub-04,Animacy,semipartial,-0.02342816930080383
Somatosensory_and_Motor,sub-05,Animacy,semipartial,-0.029067257543668956
Somatosensory_and_Motor,sub-06,Animacy,semipartial,-0.004003889290886695
Somatosensory_and_Motor,sub-07,Animacy,semipartial,-0.10109116648556239
Somatosensory_and_Motor,sub-08,Animacy,semipartial,-0.046584273743306634
Somatosensory_and_Motor,sub-09,Animacy,semipartial,-0.01725276892666401
Somatosensory_and_Motor,sub-10,Animacy,semipartial,-0.04523057405454413
Somatosensory_and_Motor,sub-11,Animacy,semipartial,-0.06617660324538188
Somatosensory_and_Motor,sub-12,Animacy,semipartial,0.003364948264037793
Somatosensory_and_Motor,sub-13,Animacy,semipartial,0.01695363561146709
Somatosensory_and_Motor,sub-14,Animacy,semipartial,-0.015438361126159015
Somatosensory_and_Motor,sub-15,Animacy,semipartial,-0.0011175577687548234
Somatosensory_and_Motor,sub-16,Animacy,semipartial,-0.1179858525355626
Somatosensory_and_Motor,sub-17,Animacy,semipartial,-0.08479950245517429
Somatosensory_and_Motor,sub-18,Animacy,semipartial,-0.030100047980428358
Somatosensory_and_Motor,sub-19,Animacy,semipartial,-0.03623245185741579
Somatosensory_and_Motor,sub-20,Animacy,semipartial,-0.07034449828015496
Somatosensory_and_Motor,sub-01,Category,full,0.3144784651425509
Somatosensory_and_Motor,sub-02,Category,full,0.2542089845344338
Somatosensory_and_Motor,sub-03,Category,full,0.2300922239454246
Somatosensory_and_Motor,sub-04,Category,full,0.35875584329751
Somatosensory_and_Motor,sub-05,Category,full,0.23576816243224338
Somatosensory_and_Motor,sub-06,Category,full,0.29368404624118705
Somatosensory_and_Motor,sub-07,Category,full,0.25562444219381525
Somatosensory_and_Motor,sub-08,Category,full,0.31567233741968476
Somatosensory_and_Motor,sub-09,Category,full,0.26380888501129485
Somatosensory_and_Motor,sub-10,Category,full,0.31716177661543726
Somatosensory_and_Motor,sub-11,Category,full,0.271130550669707
Somatosensory_and_Motor,sub-12,Category,full,0.34104076096446717
Somatosensory_and_Motor,sub-13,Category,full,0.31636490183316657
Somatosensory_and_Motor,sub-14,Category,full,0.24172176890138566
Somatosensory_and_Motor,sub-15,Category,full,0.159347197173212
Somatosensory_and_Motor,sub-16,Category,full,0.29538073817354277
Somatosensory_and_Motor,sub-17,Category,full,0.14358436996101864
Somatosensory_and_Motor,sub-18,Category,full,0.3170598408321014
Somatosensory_and_Motor,sub-19,Category,full,0.29019438122002106
Somatosensory_and_Motor,sub-20,Category,full,0.25723499936169425
Somatosensory_and_Motor,sub-01,Category,semipartial,0.3201766258205635
Somatosensory_and_Motor,sub-02,Category,semipartial,0.25677303569897886
Somatosensory_and_Motor,sub-03,Category,semipartial,0.2199281523053936
Somatosensory_and_Motor,sub-04,Category,semipartial,0.34802006918616446
Somatosensory_and_Motor,sub-05,Category,semipartial,0.23321026215992244
Somatosensory_and_Motor,sub-06,Category,semipartial,0.2799052384318678
Somatosensory_and_Motor,sub-07,Category,semipartial,0.2736158228982019
Somatosensory_and_Motor,sub-08,Category,semipartial,0.311965423048196
Somatosensory_and_Motor,sub-09,Category,semipartial,0.25625348033696727
Somatosensory_and_Motor,sub-10,Category,semipartial,0.31770364264340467
Somatosensory_and_Motor,sub-11,Category,semipartial,0.27783396345694017
Somatosensory_and_Motor,sub-12,Category,semipartial,0.3237237414270897
Somatosensory_and_Motor,sub-13,Category,semipartial,0.29306322448142363
Somatosensory_and_Motor,sub-14,Category,semipartial,0.23643968557890754
Somatosensory_and_Motor,sub-15,Category,semipartial,0.15277277836875763
Somatosensory_and_Motor,sub-16,Category,semipartial,0.31748915003755507
Somatosensory_and_Motor,sub-17,Category,semipartial,0.16458773581994873
Somatosensory_and_Motor,sub-18,Category,semipartial,0.3122637804666976
Somatosensory_and_Motor,sub-19,Category,semipartial,0.29026553490073986
Somatosensory_and_Motor,sub-20,Category,semipartial,0.26835365981469284
Somatosensory_and_Motor,sub-01,Gist,full,0.02871096766385118
Somatosensory_and_Motor,sub-02,Gist,full,0.08678357844383162
Somatosensory_and_Motor,sub-03,Gist,full,-0.049968744125262685
Somatosensory_and_Motor,sub-04,Gist,full,0.0261699985448863
Somatosensory_and_Motor,sub-05,Gist,full,0.018791762982799446
Somatosensory_and_Motor,sub-06,Gist,full,0.01971306120069786
Somatosensory_and_Motor,sub-07,Gist,full,-0.033334551462071906
Somatosensory_and_Motor,sub-08,Gist,full,-0.055525592422266686
Somatosensory_and_Motor,sub-09,Gist,full,0.028872423204966604
Somatosensory_and_Motor,sub-10,Gist,full,0.08320901183508898
Somatosensory_and_Motor,sub-11,Gist,full,-0.007425214778934953
Somatosensory_and_Motor,sub-12,Gist,full,0.06036894583804293
Somatosensory_and_Motor,sub-13,Gist,full,-0.023785515225230248
Somatosensory_and_Motor,sub-14,Gist,full,0.07768758229026423
Somatosensory_and_Motor,sub-15,Gist,full,0.04690259347629316
Somatosensory_and_Motor,sub-16,Gist,full,-0.01123225050205068
Somatosensory_and_Motor,sub-17,Gist,full,0.033433356989949405
Somatosensory_and_Motor,sub-18,Gist,full,0.0708074487619946
Somatosensory_and_Motor,sub-19,Gist,full,0.11249338489607397
Somatosensory_and_Motor,sub-20,Gist,full,0.059931400829915014
Somatosensory_and_Motor,sub-01,Gist,semipartial,0.039877834614044545
Somatosensory_and_Motor,sub-02,Gist,semipartial,0.09590685532782735
Somatosensory_and_Motor,sub-03,Gist,semipartial,-0.04168949406475944
Somatosensory_and_Motor,sub-04,Gist,semipartial,0.03912663983102562
Somatosensory_and_Motor,sub-05,Gist,semipartial,0.027249749423256305
Somatosensory_and_Motor,sub-06,Gist,semipartial,0.030382796223878336
Somatosensory_and_Motor,sub-07,Gist,semipartial,-0.02449406165063167
Somatosensory_and_Motor,sub-08,Gist,semipartial,-0.044286145150102305
Somatosensory_and_Motor,sub-09,Gist,semipartial,0.0384061738702249
Somatosensory_and_Motor,sub-10,Gist,semipartial,0.09459868377340021
Somatosensory_and_Motor,sub-11,Gist,semipartial,0.0021436732853174108
Somatosensory_and_Motor,sub-12,Gist,semipartial,0.07281755281415349
Somatosensory_and_Motor,sub-13,Gist,semipartial,-0.012230967970233375
Somatosensory_and_Motor,sub-14,Gist,semipartial,0.08645806418256473
Somatosensory_and_Motor,sub-15,Gist,semipartial,0.052719833098042033
Somatosensory_and_Motor,sub-16,Gist,semipartial,-0.0010040299225595943
Somatosensory_and_Motor,sub-17,Gist,semipartial,0.03831430633634107
Somatosensory_and_Motor,sub-18,Gist,semipartial,0.08224945828514581
Somatosensory_and_Motor,sub-19,Gist,semipartial,0.12296013845100134
Somatosensory_and_Motor,sub-20,Gist,semipartial,0.06902146441401373
Paracentral_Lobular_and_Mid_Cingulate,sub-01,Animacy,full,0.010088765803440517
Paracentral_Lobular_and_Mid_Cingulate,sub-02,Animacy,full,0.026046400755847306
Paracentral_Lobular_and_Mid_Cingulate,sub-03,Animacy,full,0.03599957084112574
Paracentral_Lobular_and_Mid_Cingulate,sub-04,Animacy,full,0.040564310816495086
Paracentral_Lobular_and_Mid_Cingulate,sub-05,Animacy,full,0.15870313168626612
Paracentral_Lobular_and_Mid_Cingulate,sub-06,Animacy,full,0.0343635681373528
Paracentral_Lobular_and_Mid_Cingulate,sub-07,Animacy,full,-0.05796367500478847
Paracentral_Lobular_and_Mid_Cingulate,sub-08,Animacy,full,0.052445159121870644
Paracentral_Lobular_and_Mid_Cingulate,sub-09,Animacy,full,0.01391232295637608
Paracentral_Lobular_and_Mid_Cingulate,sub-10,Animacy,full,0.021087878907597408
Paracentral_Lobular_and_Mid_Cingulate,sub-11,Animacy,full,0.06968706009517653
Paracentral_Lobular_and_Mid_Cingulate,sub-12,Animacy,full,0.11812648230792888
Paracentral_Lobular_and_Mid_Cingulate,sub-13,Animacy,full,-0.009662107335726467
Paracentral_Lobular_and_Mid_Cingulate,sub-14,Animacy,full,-0.0003450705823467129
Paracentral_Lobular_and_Mid_Cingulate,sub-15,Animacy,full,0.00926174087389388
Paracentral_Lobular_and_Mid_Cingulate,sub-16,Animacy,full,0.011548365652945904
Paracentral_Lobular_and_Mid_Cingulate,sub-17,Animacy,full,-0.03315310019890577
Paracentral_Lobular_and_Mid_Cingulate,sub-18,Animacy,full,0.17516687847237394
Paracentral_Lobular_and_Mid_Cingulate,sub-19,Animacy,full,0.0016573783310292816
Paracentral_Lobular_and_Mid_Cingulate,sub-20,Animacy,full,0.013803683219510896
Paracentral_Lobular_and_Mid_Cingulate,sub-01,Animacy,semipartial,-0.04456463753526701
Paracentral_Lobular_and_Mid_Cingulate,sub-02,Animacy,semipartial,-0.011756277474281436
Paracentral_Lobular_and_Mid_Cingulate,sub-03,Animacy,semipartial,0.012628523499644079
Paracentral_Lobular_and_Mid_Cingulate,sub-04,Animacy,semipartial,-0.017512954713008205
Paracentral_Lobular_and_Mid_Cingulate,sub-05,Animacy,semipartial,0.13963130439776647
Paracentral_Lobular_and_Mid_Cingulate,sub-06,Animacy,semipartial,-0.03480207281677889
Paracentral_Lobular_and_Mid_Cingulate,sub-07,Animacy,semipartial,-0.10453143329017983
Paracentral_Lobular_and_Mid_Cingulate,sub-08,Animacy,semipartial,-0.00238736849636719
Paracentral_Lobular_and_Mid_Cingulate,sub-09,Animacy,semipartial,-0.020446110944745317
Paracentral_Lobular_and_Mid_Cingulate,sub-10,Animacy,semipartial,-0.015036429359261319
Paracentral_Lobular_and_Mid_Cingulate,sub-11,Animacy,semipartial,0.015168347391556829
Paracentral_Lobular_and_Mid_Cingulate,sub-12,Animacy,semipartial,0.03725126885436654
Paracentral_Lobular_and_Mid_Cingulate,sub-13,Animacy,semipartial,-0.04534772161572632
Paracentral_Lobular_and_Mid_Cingulate,sub-14,Animacy,semipartial,-0.015529609859299432
Paracentral_Lobular_and_Mid_Cingulate,sub-15,Animacy,semipartial,-0.006732215510540233
Paracentral_Lobular_and_Mid_Cingulate,sub-16,Animacy,semipartial,-0.04522208099996997
Paracentral_Lobular_and_Mid_Cingulate,sub-17,Animacy,semipartial,-0.06964834856194702
Paracentral_Lobular_and_Mid_Cingulate,sub-18,Animacy,semipartial,0.11778943902911647
Paracentral_Lobular_and_Mid_Cingulate,sub-19,Animacy,semipartial,-0.052586301204760454
Paracentral_Lobular_and_Mid_Cingulate,sub-20,Animacy,semipartial,-0.012393762276426228
Paracentral_Lobular_and_Mid_Cingulate,sub-01,Category,full,0.16100368673587562
Paracentral_Lobular_and_Mid_Cingulate,sub-02,Category,full,0.11504085562665274
Paracentral_Lobular_and_Mid_Cingulate,sub-03,Category,full,0.0734753714263589
Paracentral_Lobular_and_Mid_Cingulate,sub-04,Category,full,0.1754366496547545
Paracentral_Lobular_and_Mid_Cingulate,sub-05,Category,full,0.08232550785124162
Paracentral_Lobular_and_Mid_Cingulate,sub-06,Category,full,0.20684209926203198
Paracentral_Lobular_and_Mid_Cingulate,sub-07,Category,full,0.12485505732437725
Paracentral_Lobular_and_Mid_Cingulate,sub-08,Category,full,0.16810004426485006
Paracentral_Lobular_and_Mid_Cingulate,sub-09,Category,full,0.10278857867966298
Paracentral_Lobular_and_Mid_Cingulate,sub-10,Category,full,0.1095736089897131
Paracentral_Lobular_and_Mid_Cingulate,sub-11,Category,full,0.17015655629600998
Paracentral_Lobular_and_Mid_Cingulate,sub-12,Category,full,0.25502046325542005
Paracentral_Lobular_and_Mid_Cingulate,sub-13,Category,full,0.10285609987555076
Paracentral_Lobular_and_Mid_Cingulate,sub-14,Category,full,0.043995333750396506
Paracentral_Lobular_and_Mid_Cingulate,sub-15,Category,full,0.0488680421980758
Paracentral_Lobular_and_Mid_Cingulate,sub-16,Category,full,0.16576034141452564
Paracentral_Lobular_and_Mid_Cingulate,sub-17,Category,full,0.09980731434993377
Paracentral_Lobular_and_Mid_Cingulate,sub-18,Category,full,0.19672230958069029
Paracentral_Lobular_and_Mid_Cingulate,sub-19,Category,full,0.15852905554543942
Paracentral_Lobular_and_Mid_Cingulate,sub-20,Category,full,0.07873576277996572
Paracentral_Lobular_and_Mid_Cingulate,sub-01,Category,semipartial,0.16789227280980926
Paracentral_Lobular_and_Mid_Cingulate,sub-02,Category,semipartial,0.11477079079249848
Paracentral_Lobular_and_Mid_Cingulate,sub-03,Category,semipartial,0.06399607889203658
Paracentral_Lobular_and_Mid_Cingulate,sub-04,Category,semipartial,0.171024037804138
Paracentral_Lobular_and_Mid_Cingulate,sub-05,Category,semipartial,0.03339716126544398
Paracentral_Lobular_and_Mid_Cingulate,sub-06,Category,semipartial,0.20690935273793634
Paracentral_Lobular_and_Mid_Cingulate,sub-07,Category,semipartial,0.14968944777103904
Paracentral_Lobular_and_Mid_Cingulate,sub-08,Category,semipartial,0.15947767819300482
Paracentral_Lobular_and_Mid_Cingulate,sub-09,Category,semipartial,0.10542621377330055
Paracentral_Lobular_and_Mid_Cingulate,sub-10,Category,semipartial,0.11134093504360933
Paracentral_Lobular_and_Mid_Cingulate,sub-11,Category,semipartial,0.15595438948558352
Paracentral_Lobular_and_Mid_Cingulate,sub-12,Category,semipartial,0.22939796027769832
Paracentral_Lobular_and_Mid_Cingulate,sub-13,Category,semipartial,0.11400578318839119
Paracentral_Lobular_and_Mid_Cingulate,sub-14,Category,semipartial,0.04638594970614884
Paracentral_Lobular_and_Mid_Cingulate,sub-15,Category,semipartial,0.050678995704704355
Paracentral_Lobular_and_Mid_Cingulate,sub-16,Category,semipartial,0.1680245752159619
Paracentral_Lobular_and_Mid_Cingulate,sub-17,Category,semipartial,0.11491135108443683
Paracentral_Lobular_and_Mid_Cingulate,sub-18,Category,semipartial,0.14943270204452883
Paracentral_Lobular_and_Mid_Cingulate,sub-19,Category,semipartial,0.16851257195823974
Paracentral_Lobular_and_Mid_Cingulate,sub-20,Category,semipartial,0.07920774741167345
Paracentral_Lobular_and_Mid_Cingulate,sub-01,Gist,full,0.030390143190503083
Paracentral_Lobular_and_Mid_Cingulate,sub-02,Gist,full,0.060568466383730736
Paracentral_Lobular_and_Mid_Cingulate,sub-03,Gist,full,-0.04168936889288242
Paracentral_Lobular_and_Mid_Cingulate,sub-04,Gist,full,-0.02010202018365785
Paracentral_Lobular_and_Mid_Cingulate,sub-05,Gist,full,0.025202547615199283
Paracentral_Lobular_and_Mid_Cingulate,sub-06,Gist,full,-0.004208564443996617
Paracentral_Lobular_and_Mid_Cingulate,sub-07,Gist,full,-0.0709062103858483
Paracentral_Lobular_and_Mid_Cingulate,sub-08,Gist,full,-0.011021387814829057
Paracentral_Lobular_and_Mid_Cingulate,sub-09,Gist,full,0.0438770790466445
Paracentral_Lobular_and_Mid_Cingulate,sub-10,Gist,full,0.08029545271992876
Paracentral_Lobular_and_Mid_Cingulate,sub-11,Gist,full,-0.004161015477950646
Paracentral_Lobular_and_Mid_Cingulate,sub-12,Gist,full,0.004844611778127597
Paracentral_Lobular_and_Mid_Cingulate,sub-13,Gist,full,0.056187386159436005
Paracentral_Lobular_and_Mid_Cingulate,sub-14,Gist,full,-0.008601151272518663
Paracentral_Lobular_and_Mid_Cingulate,sub-15,Gist,full,0.06531786341149871
Paracentral_Lobular_and_Mid_Cingulate,sub-16,Gist,full,-0.10293803425310928
Paracentral_Lobular_and_Mid_Cingulate,sub-17,Gist,full,-0.0632827495674925
Paracentral_Lobular_and_Mid_Cingulate,sub-18,Gist,full,0.04494238888740679
Paracentral_Lobular_and_Mid_Cingulate,sub-19,Gist,full,0.04072609552798886
Paracentral_Lobular_and_Mid_Cingulate,sub-20,Gist,full,0.01945783606553557
Paracentral_Lobular_and_Mid_Cingulate,sub-01,Gist,semipartial,0.03607271571761703
Paracentral_Lobular_and_Mid_Cingulate,sub-02,Gist,semipartial,0.06473922064827525
Paracentral_Lobular_and_Mid_Cingulate,sub-03,Gist,semipartial,-0.03899256218344071
Paracentral_Lobular_and_Mid_Cingulate,sub-04,Gist,semipartial,-0.013813132052290249
Paracentral_Lobular_and_Mid_Cingulate,sub-05,Gist,semipartial,0.028802780375066266
Paracentral_Lobular_and_Mid_Cingulate,sub-06,Gist,semipartial,0.003158830114801794
Paracentral_Lobular_and_Mid_Cingulate,sub-07,Gist,semipartial,-0.06685754552757991
Paracentral_Lobular_and_Mid_Cingulate,sub-08,Gist,semipartial,-0.004929134177877338
Paracentral_Lobular_and_Mid_Cingulate,sub-09,Gist,semipartial,0.047554831751785626
Paracentral_Lobular_and_Mid_Cingulate,sub-10,Gist,semipartial,0.0842664487594638
Paracentral_Lobular_and_Mid_Cingulate,sub-11,Gist,semipartial,0.002084846124782742
Paracentral_Lobular_and_Mid_Cingulate,sub-12,Gist,semipartial,0.014274275039782664
Paracentral_Lobular_and_Mid_Cingulate,sub-13,Gist,semipartial,0.05977008371571686
Paracentral_Lobular_and_Mid_Cingulate,sub-14,Gist,semipartial,-0.007073565512361039
Paracentral_Lobular_and_Mid_Cingulate,sub-15,Gist,semipartial,0.06710796930301104
Paracentral_Lobular_and_Mid_Cingulate,sub-16,Gist,semipartial,-0.09717220223141229
Paracentral_Lobular_and_Mid_Cingulate,sub-17,Gist,semipartial,-0.059991647330055416
Paracentral_Lobular_and_Mid_Cingulate,sub-18,Gist,semipartial,0.052620637045012485
Paracentral_Lobular_and_Mid_Cingulate,sub-19,Gist,semipartial,0.04629146611375771
Paracentral_Lobular_and_Mid_Cingulate,sub-20,Gist,semipartial,0.022279616031146122
Premotor,sub-01,Animacy,full,0.016958327428089403
Premotor,sub-02,Animacy,full,0.0827891407046644
Premotor,sub-03,Animacy,full,0.055525288014665886
Premotor,sub-04,Animacy,full,0.11747992909422934
Premotor,sub-05,Animacy,full,0.08405961978752277
Premotor,sub-06,Animacy,full,0.07698312447424951
Premotor,sub-07,Animacy,full,0.04714493288025769
Premotor,sub-08,Animacy,full,0.06319714430201387
Premotor,sub-09,Animacy,full,0.05653628236666951
Premotor,sub-10,Animacy,full,-0.05435315524376037
Premotor,sub-11,Animacy,full,0.0007183452133827295
Premotor,sub-12,Animacy,full,0.06871678054771663
Premotor,sub-13,Animacy,full,0.09561076854855406
Premotor,sub-14,Animacy,full,-0.022021646060600135
Premotor,sub-15,Animacy,full,0.03430414441347561
Premotor,sub-16,Animacy,full,0.06042695643519628
Premotor,sub-17,Animacy,full,0.019624266180374196
Premotor,sub-18,Animacy,full,0.13086091693723723
Premotor,sub-19,Animacy,full,-0.004966589538421265
Premotor,sub-20,Animacy,full,0.023630841047003713
Premotor,sub-01,Animacy,semipartial,-0.08293022896897644
Premotor,sub-02,Animacy,semipartial,0.019311509972624364
Premotor,sub-03,Animacy,semipartial,-0.006603776171417726
Premotor,sub-04,Animacy,semipartial,0.032915151716831556
Premotor,sub-05,Animacy,semipartial,0.05761022697620772
Premotor,sub-06,Animacy,semipartial,-0.006456017436891472
Premotor,sub-07,Animacy,semipartial,-0.01620772153321925
Premotor,sub-08,Animacy,semipartial,-0.014519925223879765
Premotor,sub-09,Animacy,semipartial,0.019233979527934573
Premotor,sub-10,Animacy,semipartial,-0.12018035139530125
Premotor,sub-11,Animacy,semipartial,-0.07100599811696412
Premotor,sub-12,Animacy,semipartial,-0.033506362920759945
Premotor,sub-13,Animacy,semipartial,0.038940270959072334
Premotor,sub-14,Animacy,semipartial,-0.04529633995221146
Premotor,sub-15,Animacy,semipartial,-0.008311766922243407
Premotor,sub-16,Animacy,semipartial,-0.027370093872292903
Premotor,sub-17,Animacy,semipartial,-0.006425728236597756
Premotor,sub-18,Animacy,semipartial,0.06021826148216805
Premotor,sub-19,Animacy,semipartial,-0.07744284620335015
Premotor,sub-20,Animacy,semipartial,-0.029534663248224916
Premotor,sub-01,Category,full,0.29297913539313925
Premotor,sub-02,Category,full,0.19969089742068058
Premotor,sub-03,Category,full,0.18827336389270496
Premotor,sub-04,Category,full,0.2655806030861987
Premotor,sub-05,Category,full,0.09143361215808792
Premotor,sub-06,Category,full,0.2550360649557286
Premotor,sub-07,Category,full,0.1925575554151024
Premotor,sub-08,Category,full,0.2359623731631248
Premotor,sub-09,Category,full,0.11810154127187737
Premotor,sub-10,Category,full,0.18112651879056252
Premotor,sub-11,Category,full,0.2092191571936965
Premotor,sub-12,Category,full,0.31020424333659724
Premotor,sub-13,Category,full,0.18150349236597946
Premotor,sub-14,Category,full,0.06410029870634759
Premotor,sub-15,Category,full,0.13043350060766515
Premotor,sub-16,Category,full,0.2662467224234492
Premotor,sub-17,Category,full,0.07899920653757805
Premotor,sub-18,Category,full,0.22898646072365397
Premotor,sub-19,Category,full,0.2107151237898337
Premotor,sub-20,Category,full,0.1596477663098231
Premotor,sub-01,Category,semipartial,0.30323376402587493
Premotor,sub-02,Category,semipartial,0.18614857613614177
Premotor,sub-03,Category,semipartial,0.17558666136002837
Premotor,sub-04,Category,semipartial,0.24062909652680423
Premotor,sub-05,Category,semipartial,0.06906378716851708
Premotor,sub-06,Category,semipartial,0.24206281431759763
Premotor,sub-07,Category,semipartial,0.18869264380407508
Premotor,sub-08,Category,semipartial,0.22628027532742684
Premotor,sub-09,Category,semipartial,0.105965439164614
Premotor,sub-10,Category,semipartial,0.2070735479984471
Premotor,sub-11,Category,semipartial,0.22249837042439666
Premotor,sub-12,Category,semipartial,0.3084247463396006
Premotor,sub-13,Category,semipartial,0.16106363827572986
Premotor,sub-14,Category,semipartial,0.07565412718944252
Premotor,sub-15,Category,semipartial,0.1282556881853422
Premotor,sub-16,Category,semipartial,0.263111343992696
Premotor,sub-17,Category,semipartial,0.07673292921155175
Premotor,sub-18,Category,semipartial,0.20173838331205318
Premotor,sub-19,Category,semipartial,0.2267315800579691
Premotor,sub-20,Category,semipartial,0.16369121335365872
Premotor,sub-01,Gist,full,-0.02840443183790951
Premotor,sub-02,Gist,full,0.10031141040419023
Premotor,sub-03,Gist,full,-0.1376406431201529
Premotor,sub-04,Gist,full,-0.0001464561838817179
Premotor,sub-05,Gist,full,0.03660606374978604
Premotor,sub-06,Gist,full,-0.04036412322190247
Premotor,sub-07,Gist,full,0.03489859085283041
Premotor,sub-08,Gist,full,-0.050629850594570154
Premotor,sub-09,Gist,full,0.013129419881227953
Premotor,sub-10,Gist,full,-0.0986529202176856
Premotor,sub-11,Gist,full,0.04158215588790735
Premotor,sub-12,Gist,full,0.11566167859029994
Premotor,sub-13,Gist,full,0.05683417634234242
Premotor,sub-14,Gist,full,0.007933538399880981
Premotor,sub-15,Gist,full,0.06166066654295457
Premotor,sub-16,Gist,full,0.06561410590510636
Premotor,sub-17,Gist,full,-0.0033696471013578105
Premotor,sub-18,Gist,full,0.1340592599493967
Premotor,sub-19,Gist,full,0.06269391167534367
Premotor,sub-20,Gist,full,0.08760365747231286
Premotor,sub-01,Gist,semipartial,-0.01812612398344131
Premotor,sub-02,Gist,semipartial,0.10771628754539592
Premotor,sub-03,Gist,semipartial,-0.13091552825268402
Premotor,sub-04,Gist,semipartial,0.009645386458955539
Premotor,sub-05,Gist,semipartial,0.04019717062604324
Premotor,sub-06,Gist,semipartial,-0.03114855660686087
Premotor,sub-07,Gist,semipartial,0.04185108540045506
Premotor,sub-08,Gist,semipartial,-0.042148370534129065
Premotor,sub-09,Gist,semipartial,0.01751184663306387
Premotor,sub-10,Gist,semipartial,-0.09264347187896614
Premotor,sub-11,Gist,semipartial,0.04891234351206527
Premotor,sub-12,Gist,semipartial,0.1268693008411445
Premotor,sub-13,Gist,semipartial,0.06363290325387827
Premotor,sub-14,Gist,semipartial,0.010076458373620562
Premotor,sub-15,Gist,semipartial,0.0664061704214685
Premotor,sub-16,Gist,semipartial,0.07521751351074615
Premotor,sub-17,Gist,semipartial,-0.0005278683902512583
Premotor,sub-18,Gist,semipartial,0.14272420759095172
Premotor,sub-19,Gist,semipartial,0.0700649416981618
Premotor,sub-20,Gist,semipartial,0.09333790451811669
Posterior_Opercular,sub-01,Animacy,full,0.03533577940782493
Posterior_Opercular,sub-02,Animacy,full,-0.0030303785475851957
Posterior_Opercular,sub-03,Animacy,full,0.013748374003607379
Posterior_Opercular,sub-04,Animacy,full,-0.037245637718431354
Posterior_Opercular,sub-05,Animacy,full,0.006970660901551083
Posterior_Opercular,sub-06,Animacy,full,0.011929431182241953
Posterior_Opercular,sub-07,Animacy,full,0.03751623734140099
Posterior_Opercular,sub-08,Animacy,full,0.06041033612572227
Posterior_Opercular,sub-09,Animacy,full,0.05652964337761386
Posterior_Opercular,sub-10,Animacy,full,-0.019562624369686452
Posterior_Opercular,sub-11,Animacy,full,-0.04711627187984403
Posterior_Opercular,sub-12,Animacy,full,0.04740076655883424
Posterior_Opercular,sub-13,Animacy,full,0.06300423665669885
Posterior_Opercular,sub-14,Animacy,full,-0.05578473142339533
Posterior_Opercular,sub-15,Animacy,full,0.0024880236237122327
Posterior_Opercular,sub-16,Animacy,full,0.026165206166694405
Posterior_Opercular,sub-17,Animacy,full,-0.043929323884163804
Posterior_Opercular,sub-18,Animacy,full,0.056835646626022494
Posterior_Opercular,sub-19,Animacy,full,-0.011320253779804496
Posterior_Opercular,sub-20,Animacy,full,0.04641013155906261
Posterior_Opercular,sub-01,Animacy,semipartial,-0.012356691156562636
Posterior_Opercular,sub-02,Animacy,semipartial,-0.013225692089139861
Posterior_Opercular,sub-03,Animacy,semipartial,-0.0034930562347040904
Posterior_Opercular,sub-04,Animacy,semipartial,-0.07066418975917803
Posterior_Opercular,sub-05,Animacy,semipartial,-0.0038311166544732307
Posterior_Opercular,sub-06,Animacy,semipartial,-0.01802252551019639
Posterior_Opercular,sub-07,Animacy,semipartial,0.03405822052604374
Posterior_Opercular,sub-08,Animacy,semipartial,0.00974258780471936
Posterior_Opercular,sub-09,Animacy,semipartial,-0.004005412386365983
Posterior_Opercular,sub-10,Animacy,semipartial,-0.05310501805021346
Posterior_Opercular,sub-11,Animacy,semipartial,-0.07662377581788671
Posterior_Opercular,sub-12,Animacy,semipartial,-0.009143484337571586
Posterior_Opercular,sub-13,Animacy,semipartial,0.02631822387991792
Posterior_Opercular,sub-14,Animacy,semipartial,-0.07371761343872654
Posterior_Opercular,sub-15,Animacy,semipartial,-0.01909295514910882
Posterior_Opercular,sub-16,Animacy,semipartial,-0.0062827343448136575
Posterior_Opercular,sub-17,Animacy,semipartial,-0.062096011502852634
Posterior_Opercular,sub-18,Animacy,semipartial,-0.0006694357742994157
Posterior_Opercular,sub-19,Animacy,semipartial,-0.04777885701143296
Posterior_Opercular,sub-20,Animacy,semipartial,0.013381284559871932
Posterior_Opercular,sub-01,Category,full,0.14475129697182323
Posterior_Opercular,sub-02,Category,full,0.029019778207865183
Posterior_Opercular,sub-03,Category,full,0.05187619927146629
Posterior_Opercular,sub-04,Category,full,0.09175306428319666
Posterior_Opercular,sub-05,Category,full,0.031771154779318314
Posterior_Opercular,sub-06,Category,full,0.0893490082287201
Posterior_Opercular,sub-07,Category,full,0.01629287571502392
Posterior_Opercular,sub-08,Category,full,0.157685618812568
Posterior_Opercular,sub-09,Category,full,0.18571950648829802
Posterior_Opercular,sub-10,Category,full,0.09368833864785926
Posterior_Opercular,sub-11,Category,full,0.0784805653892185
Posterior_Opercular,sub-12,Category,full,0.1732973767401185
Posterior_Opercular,sub-13,Category,full,0.11669709881171686
Posterior_Opercular,sub-14,Category,full,0.04173564669940857
Posterior_Opercular,sub-15,Category,full,0.06289474794645378
Posterior_Opercular,sub-16,Category,full,0.09815208792736774
Posterior_Opercular,sub-17,Category,full,0.04512899394796104
Posterior_Opercular,sub-18,Category,full,0.1787192343713118
Posterior_Opercular,sub-19,Category,full,0.10396383194176938
Posterior_Opercular,sub-20,Category,full,0.10345109896686265
Posterior_Opercular,sub-01,Category,semipartial,0.14139658214333053
Posterior_Opercular,sub-02,Category,semipartial,0.03141829408313624
Posterior_Opercular,sub-03,Category,semipartial,0.04865380615306033
Posterior_Opercular,sub-04,Category,semipartial,0.11201743102032681
Posterior_Opercular,sub-05,Category,semipartial,0.029058459901968203
Posterior_Opercular,sub-06,Category,semipartial,0.09110326678377881
Posterior_Opercular,sub-07,Category,semipartial,0.004238962143337889
Posterior_Opercular,sub-08,Category,semipartial,0.14669702186234135
Posterior_Opercular,sub-09,Category,semipartial,0.17765937931009154
Posterior_Opercular,sub-10,Category,semipartial,0.10428723968073217
Posterior_Opercular,sub-11,Category,semipartial,0.10070484746945017
Posterior_Opercular,sub-12,Category,semipartial,0.16955528931111571
Posterior_Opercular,sub-13,Category,semipartial,0.10039913026109588
Posterior_Opercular,sub-14,Category,semipartial,0.06043333777674801
Posterior_Opercular,sub-15,Category,semipartial,0.06493752966084188
Posterior_Opercular,sub-16,Category,semipartial,0.09328520918695994
Posterior_Opercular,sub-17,Category,semipartial,0.061902507711107474
Posterior_Opercular,sub-18,Category,semipartial,0.1748565464373586
Posterior_Opercular,sub-19,Category,semipartial,0.11343925990131945
Posterior_Opercular,sub-20,Category,semipartial,0.09253020215793968
Posterior_Opercular,sub-01,Gist,full,0.011527084819227781
Posterior_Opercular,sub-02,Gist,full,-0.009965130592570003
Posterior_Opercular,sub-03,Gist,full,-0.04579733918677872
Posterior_Opercular,sub-04,Gist,full,0.0646707689995293
Posterior_Opercular,sub-05,Gist,full,-0.06554867700924763
Posterior_Opercular,sub-06,Gist,full,0.020112078995931176
Posterior_Opercular,sub-07,Gist,full,-0.003242846494061375
Posterior_Opercular,sub-08,Gist,full,0.01856595541057765
Posterior_Opercular,sub-09,Gist,full,0.017541642735199862
Posterior_Opercular,sub-10,Gist,full,-0.04749061449619599
Posterior_Opercular,sub-11,Gist,full,0.044626466607716395
Posterior_Opercular,sub-12,Gist,full,0.07519740479196611
Posterior_Opercular,sub-13,Gist,full,-0.04316540168300543
Posterior_Opercular,sub-14,Gist,full,-0.08785502229405391
Posterior_Opercular,sub-15,Gist,full,-0.022909391558039605
Posterior_Opercular,sub-16,Gist,full,-0.04778005167340473
Posterior_Opercular,sub-17,Gist,full,-0.028659431721571725
Posterior_Opercular,sub-18,Gist,full,0.1602720832843636
Posterior_Opercular,sub-19,Gist,full,-0.01377867555899708
Posterior_Opercular,sub-20,Gist,full,-0.02972123440371835
Posterior_Opercular,sub-01,Gist,semipartial,0.016743172722403533
Posterior_Opercular,sub-02,Gist,semipartial,-0.00897295209196257
Posterior_Opercular,sub-03,Gist,semipartial,-0.04395654283232146
Posterior_Opercular,sub-04,Gist,semipartial,0.06774817022179454
Posterior_Opercular,sub-05,Gist,semipartial,-0.06445288904773148
Posterior_Opercular,sub-06,Gist,semipartial,0.023296167216321353
Posterior_Opercular,sub-07,Gist,semipartial,-0.0025084685419652685
Posterior_Opercular,sub-08,Gist,semipartial,0.024350372911034243
Posterior_Opercular,sub-09,Gist,semipartial,0.02428601637321442
Posterior_Opercular,sub-10,Gist,semipartial,-0.04434151325650162
Posterior_Opercular,sub-11,Gist,semipartial,0.04718317299823574
Posterior_Opercular,sub-12,Gist,semipartial,0.0815060757285572
Posterior_Opercular,sub-13,Gist,semipartial,-0.03884066136687447
Posterior_Opercular,sub-14,Gist,semipartial,-0.08670776630854911
Posterior_Opercular,sub-15,Gist,semipartial,-0.02071933110349753
Posterior_Opercular,sub-16,Gist,semipartial,-0.04427048443808734
Posterior_Opercular,sub-17,Gist,semipartial,-0.027301043346336002
Posterior_Opercular,sub-18,Gist,semipartial,0.16686912820597943
Posterior_Opercular,sub-19,Gist,semipartial,-0.010211587672478976
Posterior_Opercular,sub-20,Gist,semipartial,-0.02592398374513284
Early_Auditory,sub-01,Animacy,full,0.0032637402412694244
Early_Auditory,sub-02,Animacy,full,0.007717321068976437
Early_Auditory,sub-03,Animacy,full,0.026838895838520768
Early_Auditory,sub-04,Animacy,full,-0.057543372148366016
Early_Auditory,sub-05,Animacy,full,-0.08477214383772579
Early_Auditory,sub-06,Animacy,full,0.07930540082939391
Early_Auditory,sub-07,Animacy,full,-0.04334515227585801
Early_Auditory,sub-08,Animacy,full,0.03482826803948974
Early_Auditory,sub-09,Animacy,full,-0.014266910853969389
Early_Auditory,sub-10,Animacy,full,-0.03810813663512126
Early_Auditory,sub-11,Animacy,full,-0.03312621187513151
Early_Auditory,sub-12,Animacy,full,0.06747952965432291
Early_Auditory,sub-13,Animacy,full,0.07039722480876862
Early_Auditory,sub-14,Animacy,full,-0.004550120395921202
Early_Auditory,sub-15,Animacy,full,0.017946381508883478
Early_Auditory,sub-16,Animacy,full,0.01924548671049633
Early_Auditory,sub-17,Animacy,full,-0.05841580800175897
Early_Auditory,sub-18,Animacy,full,0.038520623402954486
Early_Auditory,sub-19,Animacy,full,-0.02663420427676266
Early_Auditory,sub-20,Animacy,full,0.04883837754899091
Early_Auditory,sub-01,Animacy,semipartial,-0.004406896016131127
Early_Auditory,sub-02,Animacy,semipartial,-0.004250020423423708
Early_Auditory,sub-03,Animacy,semipartial,0.02630989204227362
Early_Auditory,sub-04,Animacy,semipartial,-0.07093241128048436
Early_Auditory,sub-05,Animacy,semipartial,-0.08749533058257507
Early_Auditory,sub-06,Animacy,semipartial,0.07207247230453903
Early_Auditory,sub-07,Animacy,semipartial,-0.06482412890387763
Early_Auditory,sub-08,Animacy,semipartial,0.010005666045198881
Early_Auditory,sub-09,Animacy,semipartial,-0.04124308016110436
Early_Auditory,sub-10,Animacy,semipartial,-0.05673284992601984
Early_Auditory,sub-11,Animacy,semipartial,-0.06478731308716378
Early_Auditory,sub-12,Animacy,semipartial,0.03376904951748157
Early_Auditory,sub-13,Animacy,semipartial,0.030863595298743877
Early_Auditory,sub-14,Animacy,semipartial,-0.005969945512039229
Early_Auditory,sub-15,Animacy,semipartial,0.014691939008683964
Early_Auditory,sub-16,Animacy,semipartial,-0.016951875936202145
Early_Auditory,sub-17,Animacy,semipartial,-0.05700767818865485
Early_Auditory,sub-18,Animacy,semipartial,0.02365924501233414
Early_Auditory,sub-19,Animacy,semipartial,-0.06379431719366468
Early_Auditory,sub-20,Animacy,semipartial,0.013978384118408623
Early_Auditory,sub-01,Category,full,0.024139586573354806
Early_Auditory,sub-02,Category,full,0.035161916519084215
Early_Auditory,sub-03,Category,full,0.00538776771796024
Early_Auditory,sub-04,Category,full,0.030150314006742764
Early_Auditory,sub-05,Category,full,-0.005546087688619472
Early_Auditory,sub-06,Category,full,0.033708626098359756
Early_Auditory,sub-07,Category,full,0.0537687080478685
Early_Auditory,sub-08,Category,full,0.0775269723254036
Early_Auditory,sub-09,Category,full,0.07644232097925073
Early_Auditory,sub-10,Category,full,0.04772765141993421
Early_Auditory,sub-11,Category,full,0.0875121069058931
Early_Auditory,sub-12,Category,full,0.10949993037745466
Early_Auditory,sub-13,Category,full,0.12678527750125854
Early_Auditory,sub-14,Category,full,0.003209412727112271
Early_Auditory,sub-15,Category,full,0.013098715188800984
Early_Auditory,sub-16,Category,full,0.10855793968559689
Early_Auditory,sub-17,Category,full,-0.01373341822801839
Early_Auditory,sub-18,Category,full,0.05076004829206516
Early_Auditory,sub-19,Category,full,0.10377686151320864
Early_Auditory,sub-20,Category,full,0.11055751329662378
Early_Auditory,sub-01,Category,semipartial,0.027861117349638045
Early_Auditory,sub-02,Category,semipartial,0.03205836210730981
Early_Auditory,sub-03,Category,semipartial,-0.005237401738844735
Early_Auditory,sub-04,Category,semipartial,0.0539245638007431
Early_Auditory,sub-05,Category,semipartial,0.025183153369833462
Early_Auditory,sub-06,Category,semipartial,0.006823539671921775
Early_Auditory,sub-07,Category,semipartial,0.06792528148034206
Early_Auditory,sub-08,Category,semipartial,0.06875568737185601
Early_Auditory,sub-09,Category,semipartial,0.08679760014083973
Early_Auditory,sub-10,Category,semipartial,0.06343481625760287
Early_Auditory,sub-11,Category,semipartial,0.10659814827073738
Early_Auditory,sub-12,Category,semipartial,0.09313857251728049
Early_Auditory,sub-13,Category,semipartial,0.11005758942009411
Early_Auditory,sub-14,Category,semipartial,0.004535709877375799
Early_Auditory,sub-15,Category,semipartial,0.009382444102405558
Early_Auditory,sub-16,Category,semipartial,0.10843833658698669
Early_Auditory,sub-17,Category,semipartial,0.005904689955302738
Early_Auditory,sub-18,Category,semipartial,0.043403309973959484
Early_Auditory,sub-19,Category,semipartial,0.1194005008517507
Early_Auditory,sub-20,Category,semipartial,0.10289336003227925
Early_Auditory,sub-01,Gist,full,0.10428704694618271
Early_Auditory,sub-02,Gist,full,-0.07558770950202215
Early_Auditory,sub-03,Gist,full,-0.051957232870216453
Early_Auditory,sub-04,Gist,full,0.06808716854408407
Early_Auditory,sub-05,Gist,full,0.05811051896296414
Early_Auditory,sub-06,Gist,full,-0.04812911482616702
Early_Auditory,sub-07,Gist,full,-0.11710175535506558
Early_Auditory,sub-08,Gist,full,-0.039565036076373024
Early_Auditory,sub-09,Gist,full,0.030652164682912503
Early_Auditory,sub-10,Gist,full,-0.004919223897480909
Early_Auditory,sub-11,Gist,full,0.07933366797593
Early_Auditory,sub-12,Gist,full,0.014201225500363767
Early_Auditory,sub-13,Gist,full,0.003055513539643204
Early_Auditory,sub-14,Gist,full,-0.012848097331689087
Early_Auditory,sub-15,Gist,full,0.05123702393476073
Early_Auditory,sub-16,Gist,full,0.005703108526162847
Early_Auditory,sub-17,Gist,full,0.010905875740301326
Early_Auditory,sub-18,Gist,full,0.08889663313725304
Early_Auditory,sub-19,Gist,full,0.013378897556222603
Early_Auditory,sub-20,Gist,full,0.08176642417581567
Early_Auditory,sub-01,Gist,semipartial,0.10521363797095264
Early_Auditory,sub-02,Gist,semipartial,-0.07437699866865978
Early_Auditory,sub-03,Gist,semipartial,-0.05168376001924365
Early_Auditory,sub-04,Gist,semipartial,0.06892672356144007
Early_Auditory,sub-05,Gist,semipartial,0.057576011370484514
Early_Auditory,sub-06,Gist,semipartial,-0.04662990515853706
Early_Auditory,sub-07,Gist,semipartial,-0.11549852060303013
Early_Auditory,sub-08,Gist,semipartial,-0.036730706539424424
Early_Auditory,sub-09,Gist,semipartial,0.033275624786066466
Early_Auditory,sub-10,Gist,semipartial,-0.0034281988770299334
Early_Auditory,sub-11,Gist,semipartial,0.08229138711295589
Early_Auditory,sub-12,Gist,semipartial,0.018333323061600095
Early_Auditory,sub-13,Gist,semipartial,0.0077962706409916115
Early_Auditory,sub-14,Gist,semipartial,-0.012765118907211687
Early_Auditory,sub-15,Gist,semipartial,0.0518087232434252
Early_Auditory,sub-16,Gist,semipartial,0.00958049283307
Early_Auditory,sub-17,Gist,semipartial,0.010172257413325864
Early_Auditory,sub-18,Gist,semipartial,0.09089965097946197
Early_Auditory,sub-19,Gist,semipartial,0.016889007783963933
Early_Auditory,sub-20,Gist,semipartial,0.08589709526543562
Auditory_Association,sub-01,Animacy,full,0.02596020335220465
Auditory_Association,sub-02,Animacy,full,0.042553658941419395
Auditory_Association,sub-03,Animacy,full,0.051619522380375496
Auditory_Association,sub-04,Animacy,full,0.1278379102464962
Auditory_Association,sub-05,Animacy,full,0.08126369518834456
Auditory_Association,sub-06,Animacy,full,-0.02078271101746695
Auditory_Association,sub-07,Animacy,full,0.01860187591421456
Auditory_Association,sub-08,Animacy,full,0.013920160078308352
Auditory_Association,sub-09,Animacy,full,0.04950243335269937
Auditory_Association,sub-10,Animacy,full,0.009742028603859915
Auditory_Association,sub-11,Animacy,full,-0.0685764237739873
Auditory_Association,sub-12,Animacy,full,0.13807673511485918
Auditory_Association,sub-13,Animacy,full,0.04448526025234648
Auditory_Association,sub-14,Animacy,full,-0.10039348401021944
Auditory_Association,sub-15,Animacy,full,0.015373849021023001
Auditory_Association,sub-16,Animacy,full,0.029331457353312978
Auditory_Association,sub-17,Animacy,full,0.029566045912876638
Auditory_Association,sub-18,Animacy,full,0.11694749207058622
Auditory_Association,sub-19,Animacy,full,0.028970155340511443
Auditory_Association,sub-20,Animacy,full,-0.04528258621279296
Auditory_Association,sub-01,Animacy,semipartial,0.01353665887769209
Auditory_Association,sub-02,Animacy,semipartial,0.02982537471008537
Auditory_Association,sub-03,Animacy,semipartial,0.05185371566178694
Auditory_Association,sub-04,Animacy,semipartial,0.12501258691057068
Auditory_Association,sub-05,Animacy,semipartial,0.07262212490561103
Auditory_Association,sub-06,Animacy,semipartial,-0.026170787561407324
Auditory_Association,sub-07,Animacy,semipartial,-0.00010520629964323592
Auditory_Association,sub-08,Animacy,semipartial,-0.0018148154954266728
Auditory_Association,sub-09,Animacy,semipartial,0.04013296859655461
Auditory_Association,sub-10,Animacy,semipartial,-0.012306787261553142
Auditory_Association,sub-11,Animacy,semipartial,-0.06993849610212481
Auditory_Association,sub-12,Animacy,semipartial,0.13844314541051908
Auditory_Association,sub-13,Animacy,semipartial,0.03237819706273124
Auditory_Association,sub-14,Animacy,semipartial,-0.0920029669088164
Auditory_Association,sub-15,Animacy,semipartial,0.02011777712180269
Auditory_Association,sub-16,Animacy,semipartial,0.02582804644501163
Auditory_Association,sub-17,Animacy,semipartial,0.042105084244038714
Auditory_Association,sub-18,Animacy,semipartial,0.10383036356106018
Auditory_Association,sub-19,Animacy,semipartial,0.019372653522251062
Auditory_Association,sub-20,Animacy,semipartial,-0.05979573509352358
Auditory_Association,sub-01,Category,full,0.04154969739086409
Auditory_Association,sub-02,Category,full,0.04487413446649248
Auditory_Association,sub-03,Category,full,0.0068034802252055614
Auditory_Association,sub-04,Category,full,0.029171543361579497
Auditory_Association,sub-05,Category,full,0.03885317498620276
Auditory_Association,sub-06,Category,full,0.012127134485975268
Auditory_Association,sub-07,Category,full,0.05681755062678312
Auditory_Association,sub-08,Category,full,0.04818602141148225
Auditory_Association,sub-09,Category,full,0.035100089047691165
Auditory_Association,sub-10,Category,full,0.06478291847900783
Auditory_Association,sub-11,Category,full,-0.008472003196682492
Auditory_Association,sub-12,Category,full,0.022731581458256316
Auditory_Association,sub-13,Category,full,0.041847270848488244
Auditory_Association,sub-14,Category,full,-0.04057524791184017
Auditory_Association,sub-15,Category,full,-0.011006652229171736
Auditory_Association,sub-16,Category,full,0.01585980157512554
Auditory_Association,sub-17,Category,full,-0.03232806360840241
Auditory_Association,sub-18,Category,full,0.057673857190168897
Auditory_Association,sub-19,Category,full,0.03316032947388923
Auditory_Association,sub-20,Category,full,0.03498420080390925
Auditory_Association,sub-01,Category,semipartial,0.037922717106948035
Auditory_Association,sub-02,Category,semipartial,0.034833631779901446
Auditory_Association,sub-03,Category,semipartial,-0.013621831901108515
Auditory_Association,sub-04,Category,semipartial,-0.014224281689582337
Auditory_Association,sub-05,Category,semipartial,0.013521224850047926
Auditory_Association,sub-06,Category,semipartial,0.019799240966673487
Auditory_Association,sub-07,Category,semipartial,0.05185838996389029
Auditory_Association,sub-08,Category,semipartial,0.04646161750941736
Auditory_Association,sub-09,Category,semipartial,0.01897726031997464
Auditory_Association,sub-10,Category,semipartial,0.06260713954929807
Auditory_Association,sub-11,Category,semipartial,0.012034284025641481
Auditory_Association,sub-12,Category,semipartial,-0.02153612823236697
Auditory_Association,sub-13,Category,semipartial,0.026837823026327735
Auditory_Association,sub-14,Category,semipartial,-0.0067671523298275076
Auditory_Association,sub-15,Category,semipartial,-0.016347883704453996
Auditory_Association,sub-16,Category,semipartial,0.008745239603155175
Auditory_Association,sub-17,Category,semipartial,-0.046531148200701325
Auditory_Association,sub-18,Category,semipartial,0.0207306920238331
Auditory_Association,sub-19,Category,semipartial,0.026207420166573167
Auditory_Association,sub-20,Category,semipartial,0.053524170761671444
Auditory_Association,sub-01,Gist,full,0.08732370239906309
Auditory_Association,sub-02,Gist,full,0.059928497764202115
Auditory_Association,sub-03,Gist,full,-0.09335509581605927
Auditory_Association,sub-04,Gist,full,-0.03502756405052457
Auditory_Association,sub-05,Gist,full,0.010284054588865735
Auditory_Association,sub-06,Gist,full,-0.005301063346602612
Auditory_Association,sub-07,Gist,full,-0.05658088503409651
Auditory_Association,sub-08,Gist,full,0.00789097506983714
Auditory_Association,sub-09,Gist,full,-0.03482767806088781
Auditory_Association,sub-10,Gist,full,-0.07853211746364573
Auditory_Association,sub-11,Gist,full,-0.07788037462684373
Auditory_Association,sub-12,Gist,full,0.056536088110283045
Auditory_Association,sub-13,Gist,full,-0.06522281418113901
Auditory_Association,sub-14,Gist,full,0.0503855668927435
Auditory_Association,sub-15,Gist,full,0.017633215195714102
Auditory_Association,sub-16,Gist,full,0.06196871870041859
Auditory_Association,sub-17,Gist,full,-0.06558517706258245
Auditory_Association,sub-18,Gist,full,-0.0030791880235646898
Auditory_Association,sub-19,Gist,full,0.03264371225692477
Auditory_Association,sub-20,Gist,full,0.028645024227274274
Auditory_Association,sub-01,Gist,semipartial,0.08894805130585379
Auditory_Association,sub-02,Gist,semipartial,0.06172485789275328
Auditory_Association,sub-03,Gist,semipartial,-0.09294888265612065
Auditory_Association,sub-04,Gist,semipartial,-0.0334603740387745
Auditory_Association,sub-05,Gist,semipartial,0.012010613929418936
Auditory_Association,sub-06,Gist,semipartial,-0.004974663595477832
Auditory_Association,sub-07,Gist,semipartial,-0.05455316290808954
Auditory_Association,sub-08,Gist,semipartial,0.009639730918605788
Auditory_Association,sub-09,Gist,semipartial,-0.03340458453171166
Auditory_Association,sub-10,Gist,semipartial,-0.07628089980492822
Auditory_Association,sub-11,Gist,semipartial,-0.07853539031508908
Auditory_Association,sub-12,Gist,semipartial,0.05798576816234241
Auditory_Association,sub-13,Gist,semipartial,-0.0636071546415478
Auditory_Association,sub-14,Gist,semipartial,0.04855380106198126
Auditory_Association,sub-15,Gist,semipartial,0.01732991961367135
Auditory_Association,sub-16,Gist,semipartial,0.06269495018897023
Auditory_Association,sub-17,Gist,semipartial,-0.06662441507796768
Auditory_Association,sub-18,Gist,semipartial,-0.0005450469980129352
Auditory_Association,sub-19,Gist,semipartial,0.033952271526156104
Auditory_Association,sub-20,Gist,semipartial,0.029681772066030985
Insular_and_Frontal_Opercular,sub-01,Animacy,full,0.013153031980378727
Insular_and_Frontal_Opercular,sub-02,Animacy,full,0.004156800578565443
Insular_and_Frontal_Opercular,sub-03,Animacy,full,0.042411655008327664
Insular_and_Frontal_Opercular,sub-04,Animacy,full,0.08099670674085452
Insular_and_Frontal_Opercular,sub-05,Animacy,full,0.1503802294758083
Insular_and_Frontal_Opercular,sub-06,Animacy,full,0.0901371135343146
Insular_and_Frontal_Opercular,sub-07,Animacy,full,-0.08812596847716028
Insular_and_Frontal_Opercular,sub-08,Animacy,full,0.047279694902556936
Insular_and_Frontal_Opercular,sub-09,Animacy,full,-0.010334159018709741
Insular_and_Frontal_Opercular,sub-10,Animacy,full,0.07953481088807703
Insular_and_Frontal_Opercular,sub-11,Animacy,full,-0.03076921415015807
Insular_and_Frontal_Opercular,sub-12,Animacy,full,0.062021067743463304
Insular_and_Frontal_Opercular,sub-13,Animacy,full,0.003238583808773611
Insular_and_Frontal_Opercular,sub-14,Animacy,full,-0.011859641571944152
Insular_and_Frontal_Opercular,sub-15,Animacy,full,-0.016992340881690993
Insular_and_Frontal_Opercular,sub-16,Animacy,full,0.013900927318712026
Insular_and_Frontal_Opercular,sub-17,Animacy,full,0.03223186804010992
Insular_and_Frontal_Opercular,sub-18,Animacy,full,0.1594826765957373
Insular_and_Frontal_Opercular,sub-19,Animacy,full,0.006674769834960282
Insular_and_Frontal_Opercular,sub-20,Animacy,full,-0.04479912524055454
Insular_and_Frontal_Opercular,sub-01,Animacy,semipartial,0.004277510706946003
Insular_and_Frontal_Opercular,sub-02,Animacy,semipartial,-0.010762835491954973
Insular_and_Frontal_Opercular,sub-03,Animacy,semipartial,0.033757966772480434
Insular_and_Frontal_Opercular,sub-04,Animacy,semipartial,0.08294148718967431
Insular_and_Frontal_Opercular,sub-05,Animacy,semipartial,0.1451003022592464
Insular_and_Frontal_Opercular,sub-06,Animacy,semipartial,0.07659837161883906
Insular_and_Frontal_Opercular,sub-07,Animacy,semipartial,-0.10711286312376933
Insular_and_Frontal_Opercular,sub-08,Animacy,semipartial,0.033922512072510326
Insular_and_Frontal_Opercular,sub-09,Animacy,semipartial,-0.043353585640563054
Insular_and_Frontal_Opercular,sub-10,Animacy,semipartial,0.06654661895990452
Insular_and_Frontal_Opercular,sub-11,Animacy,semipartial,-0.028698065395621346
Insular_and_Frontal_Opercular,sub-12,Animacy,semipartial,0.016003508541121737
Insular_and_Frontal_Opercular,sub-13,Animacy,semipartial,-0.008297026670109368
Insular_and_Frontal_Opercular,sub-14,Animacy,semipartial,-0.02439282533759549
Insular_and_Frontal_Opercular,sub-15,Animacy,semipartial,-0.016817859447356552
Insular_and_Frontal_Opercular,sub-16,Animacy,semipartial,0.009974186883323672
Insular_and_Frontal_Opercular,sub-17,Animacy,semipartial,0.028784421033973315
Insular_and_Frontal_Opercular,sub-18,Animacy,semipartial,0.14211021246038277
Insular_and_Frontal_Opercular,sub-19,Animacy,semipartial,0.0032443117137066534
Insular_and_Frontal_Opercular,sub-20,Animacy,semipartial,-0.049750306904860556
Insular_and_Frontal_Opercular,sub-01,Category,full,0.027798059669744298
Insular_and_Frontal_Opercular,sub-02,Category,full,0.04357689466106729
Insular_and_Frontal_Opercular,sub-03,Category,full,0.03146977885915398
Insular_and_Frontal_Opercular,sub-04,Category,full,0.008841295181159678
Insular_and_Frontal_Opercular,sub-05,Category,full,0.041484063669896265
Insular_and_Frontal_Opercular,sub-06,Category,full,0.0542076173019865
Insular_and_Frontal_Opercular,sub-07,Category,full,0.040064502365886406
Insular_and_Frontal_Opercular,sub-08,Category,full,0.0455525817093551
Insular_and_Frontal_Opercular,sub-09,Category,full,0.0939603918801859
Insular_and_Frontal_Opercular,sub-10,Category,full,0.05050637861887525
Insular_and_Frontal_Opercular,sub-11,Category,full,-0.010500059530497048
Insular_and_Frontal_Opercular,sub-12,Category,full,0.14579762480238637
Insular_and_Frontal_Opercular,sub-13,Category,full,0.033067088808365924
Insular_and_Frontal_Opercular,sub-14,Category,full,0.034221824728462316
Insular_and_Frontal_Opercular,sub-15,Category,full,-0.0029449417406018892
Insular_and_Frontal_Opercular,sub-16,Category,full,0.013807492194095985
Insular_and_Frontal_Opercular,sub-17,Category,full,0.015608437161310005
Insular_and_Frontal_Opercular,sub-18,Category,full,0.07829501931512937
Insular_and_Frontal_Opercular,sub-19,Category,full,0.010246661077612195
Insular_and_Frontal_Opercular,sub-20,Category,full,0.006805213724147379
Insular_and_Frontal_Opercular,sub-01,Category,semipartial,0.02432030603026516
Insular_and_Frontal_Opercular,sub-02,Category,semipartial,0.04332260995230866
Insular_and_Frontal_Opercular,sub-03,Category,semipartial,0.0166032953639623
Insular_and_Frontal_Opercular,sub-04,Category,semipartial,-0.01594950037837902
Insular_and_Frontal_Opercular,sub-05,Category,semipartial,-0.005190525510433612
Insular_and_Frontal_Opercular,sub-06,Category,semipartial,0.025723237480336555
Insular_and_Frontal_Opercular,sub-07,Category,semipartial,0.07158386963606474
Insular_and_Frontal_Opercular,sub-08,Category,semipartial,0.02873386815148129
Insular_and_Frontal_Opercular,sub-09,Category,semipartial,0.10206974596898989
Insular_and_Frontal_Opercular,sub-10,Category,semipartial,0.024577460924977694
Insular_and_Frontal_Opercular,sub-11,Category,semipartial,0.0012592818886875419
Insular_and_Frontal_Opercular,sub-12,Category,semipartial,0.1372196125404553
Insular_and_Frontal_Opercular,sub-13,Category,semipartial,0.03114028512218757
Insular_and_Frontal_Opercular,sub-14,Category,semipartial,0.039636569312023695
Insular_and_Frontal_Opercular,sub-15,Category,semipartial,0.003808078639077802
Insular_and_Frontal_Opercular,sub-16,Category,semipartial,0.009998850840462741
Insular_and_Frontal_Opercular,sub-17,Category,semipartial,0.0059471931950552375
Insular_and_Frontal_Opercular,sub-18,Category,semipartial,0.03095445539999732
Insular_and_Frontal_Opercular,sub-19,Category,semipartial,0.006283616707696046
Insular_and_Frontal_Opercular,sub-20,Category,semipartial,0.022332481562797327
Insular_and_Frontal_Opercular,sub-01,Gist,full,-0.017343783875072526
Insular_and_Frontal_Opercular,sub-02,Gist,full,-0.04113445524740065
Insular_and_Frontal_Opercular,sub-03,Gist,full,-0.06421736079584982
Insular_and_Frontal_Opercular,sub-04,Gist,full,0.07674645329695702
Insular_and_Frontal_Opercular,sub-05,Gist,full,0.07872632133339767
Insular_and_Frontal_Opercular,sub-06,Gist,full,-0.019867775550914752
Insular_and_Frontal_Opercular,sub-07,Gist,full,-0.03318285168210738
Insular_and_Frontal_Opercular,sub-08,Gist,full,-0.09747514480353185
Insular_and_Frontal_Opercular,sub-09,Gist,full,-0.027297719951209772
Insular_and_Frontal_Opercular,sub-10,Gist,full,-0.04633536655831253
Insular_and_Frontal_Opercular,sub-11,Gist,full,0.05439416550070262
Insular_and_Frontal_Opercular,sub-12,Gist,full,0.12933589247604788
Insular_and_Frontal_Opercular,sub-13,Gist,full,-0.08288560259738557
Insular_and_Frontal_Opercular,sub-14,Gist,full,-0.019675192937598004
Insular_and_Frontal_Opercular,sub-15,Gist,full,0.03286177509035053
Insular_and_Frontal_Opercular,sub-16,Gist,full,0.005050990760999364
Insular_and_Frontal_Opercular,sub-17,Gist,full,0.015436871258773414
Insular_and_Frontal_Opercular,sub-18,Gist,full,0.08854211526024025
Insular_and_Frontal_Opercular,sub-19,Gist,full,-0.06862868698096639
Insular_and_Frontal_Opercular,sub-20,Gist,full,-0.008014577461154391
Insular_and_Frontal_Opercular,sub-01,Gist,semipartial,-0.016326639874033717
Insular_and_Frontal_Opercular,sub-02,Gist,semipartial,-0.039623065397863956
Insular_and_Frontal_Opercular,sub-03,Gist,semipartial,-0.06297236633581926
Insular_and_Frontal_Opercular,sub-04,Gist,semipartial,0.07746925563096324
Insular_and_Frontal_Opercular,sub-05,Gist,semipartial,0.08090021838758794
Insular_and_Frontal_Opercular,sub-06,Gist,semipartial,-0.01758595024825927
Insular_and_Frontal_Opercular,sub-07,Gist,semipartial,-0.032202246663015376
Insular_and_Frontal_Opercular,sub-08,Gist,semipartial,-0.09573927760810667
Insular_and_Frontal_Opercular,sub-09,Gist,semipartial,-0.024084255765060677
Insular_and_Frontal_Opercular,sub-10,Gist,semipartial,-0.04424789623109213
Insular_and_Frontal_Opercular,sub-11,Gist,semipartial,0.05392635450254891
Insular_and_Frontal_Opercular,sub-12,Gist,semipartial,0.13478691837667842
Insular_and_Frontal_Opercular,sub-13,Gist,semipartial,-0.08177293081413295
Insular_and_Frontal_Opercular,sub-14,Gist,semipartial,-0.018547594911023473
Insular_and_Frontal_Opercular,sub-15,Gist,semipartial,0.03270487440173128
Insular_and_Frontal_Opercular,sub-16,Gist,semipartial,0.0055983778055002965
Insular_and_Frontal_Opercular,sub-17,Gist,semipartial,0.016136190167562858
Insular_and_Frontal_Opercular,sub-18,Gist,semipartial,0.09204761768949912
Insular_and_Frontal_Opercular,sub-19,Gist,semipartial,-0.0682872227671725
Insular_and_Frontal_Opercular,sub-20,Gist,semipartial,-0.00798329260665486
Medial_Temporal,sub-01,Animacy,full,0.12774990813915604
Medial_Temporal,sub-02,Animacy,full,0.07697485664453874
Medial_Temporal,sub-03,Animacy,full,0.1388466477094481
Medial_Temporal,sub-04,Animacy,full,0.06926128288360196
Medial_Temporal,sub-05,Animacy,full,0.08249338164693597
Medial_Temporal,sub-06,Animacy,full,0.05902659773002561
Medial_Temporal,sub-07,Animacy,full,0.08267476635358434
Medial_Temporal,sub-08,Animacy,full,0.21583431544600215
Medial_Temporal,sub-09,Animacy,full,0.1867260751876653
Medial_Temporal,sub-10,Animacy,full,-0.0024875659388625447
Medial_Temporal,sub-11,Animacy,full,0.10617843936819084
Medial_Temporal,sub-12,Animacy,full,0.055640788228410475
Medial_Temporal,sub-13,Animacy,full,0.17298957339538382
Medial_Temporal,sub-14,Animacy,full,0.04987225875568725
Medial_Temporal,sub-15,Animacy,full,0.10236530387330356
Medial_Temporal,sub-16,Animacy,full,0.1575576360874976
Medial_Temporal,sub-17,Animacy,full,-0.021656169285180705
Medial_Temporal,sub-18,Animacy,full,0.06473026956425175
Medial_Temporal,sub-19,Animacy,full,0.03188585394246388
Medial_Temporal,sub-20,Animacy,full,0.05897943948130357
Medial_Temporal,sub-01,Animacy,semipartial,0.1109576235120966
Medial_Temporal,sub-02,Animacy,semipartial,0.06258961051704345
Medial_Temporal,sub-03,Animacy,semipartial,0.11603963779398749
Medial_Temporal,sub-04,Animacy,semipartial,0.05992886763230464
Medial_Temporal,sub-05,Animacy,semipartial,0.08510678712212658
Medial_Temporal,sub-06,Animacy,semipartial,0.046967107915756645
Medial_Temporal,sub-07,Animacy,semipartial,0.06861914667080564
Medial_Temporal,sub-08,Animacy,semipartial,0.20228201600185167
Medial_Temporal,sub-09,Animacy,semipartial,0.16776903121659117
Medial_Temporal,sub-10,Animacy,semipartial,-0.014943134255756028
Medial_Temporal,sub-11,Animacy,semipartial,0.10012076899241397
Medial_Temporal,sub-12,Animacy,semipartial,0.03839084438535429
Medial_Temporal,sub-13,Animacy,semipartial,0.13763440337557095
Medial_Temporal,sub-14,Animacy,semipartial,0.030438633917944928
Medial_Temporal,sub-15,Animacy,semipartial,0.08748501288165345
Medial_Temporal,sub-16,Animacy,semipartial,0.14560626487312833
Medial_Temporal,sub-17,Animacy,semipartial,-0.03463732794854587
Medial_Temporal,sub-18,Animacy,semipartial,0.0743642691521322
Medial_Temporal,sub-19,Animacy,semipartial,0.020641023001387523
Medial_Temporal,sub-20,Animacy,semipartial,0.04953706434138199
Medial_Temporal,sub-01,Category,full,0.07072836665306134
Medial_Temporal,sub-02,Category,full,0.05540626018111226
Medial_Temporal,sub-03,Category,full,0.0890389363863843
Medial_Temporal,sub-04,Category,full,0.03826237802537914
Medial_Temporal,sub-05,Category,full,0.006332695165940661
Medial_Temporal,sub-06,Category,full,0.04487630659339049
Medial_Temporal,sub-07,Category,full,0.05407892156288601
Medial_Temporal,sub-08,Category,full,0.07372204489836236
Medial_Temporal,sub-09,Category,full,0.08671231116055154
Medial_Temporal,sub-10,Category,full,0.03426490859952699
Medial_Temporal,sub-11,Category,full,0.03434158944355756
Medial_Temporal,sub-12,Category,full,0.059136068090079895
Medial_Temporal,sub-13,Category,full,0.13194520946252242
Medial_Temporal,sub-14,Category,full,0.0649638676283155
Medial_Temporal,sub-15,Category,full,0.06018417931503021
Medial_Temporal,sub-16,Category,full,0.061938296047654974
Medial_Temporal,sub-17,Category,full,0.03434174837615568
Medial_Temporal,sub-18,Category,full,-0.017256123589088446
Medial_Temporal,sub-19,Category,full,0.03858656769798873
Medial_Temporal,sub-20,Category,full,0.03695042426693504
Medial_Temporal,sub-01,Category,semipartial,0.03232749416564922
Medial_Temporal,sub-02,Category,semipartial,0.03402698263726373
Medial_Temporal,sub-03,Category,semipartial,0.04511180568932552
Medial_Temporal,sub-04,Category,semipartial,0.015437433026256348
Medial_Temporal,sub-05,Category,semipartial,-0.021297388182843713
Medial_Temporal,sub-06,Category,semipartial,0.027010828042360293
Medial_Temporal,sub-07,Category,semipartial,0.027125863270645752
Medial_Temporal,sub-08,Category,semipartial,-0.0009850273911952215
Medial_Temporal,sub-09,Category,semipartial,0.028494776365615673
Medial_Temporal,sub-10,Category,semipartial,0.03298548677557735
Medial_Temporal,sub-11,Category,semipartial,-0.002932885825904421
Medial_Temporal,sub-12,Category,semipartial,0.042544265859675724
Medial_Temporal,sub-13,Category,semipartial,0.08065500986738307
Medial_Temporal,sub-14,Category,semipartial,0.05187662045602273
Medial_Temporal,sub-15,Category,semipartial,0.027923031943606548
Medial_Temporal,sub-16,Category,semipartial,0.013588784806525306
Medial_Temporal,sub-17,Category,semipartial,0.044350488407323065
Medial_Temporal,sub-18,Category,semipartial,-0.040687008355786834
Medial_Temporal,sub-19,Category,semipartial,0.03134210801315215
Medial_Temporal,sub-20,Category,semipartial,0.017819378342457007
Medial_Temporal,sub-01,Gist,full,0.04227572962178019
Medial_Temporal,sub-02,Gist,full,0.05626457559780184
Medial_Temporal,sub-03,Gist,full,-0.04186920299177721
Medial_Temporal,sub-04,Gist,full,-0.037712645934122976
Medial_Temporal,sub-05,Gist,full,0.010698831492261635
Medial_Temporal,sub-06,Gist,full,-0.005651424998743648
Medial_Temporal,sub-07,Gist,full,-0.0509590137761673
Medial_Temporal,sub-08,Gist,full,-0.14586805718334192
Medial_Temporal,sub-09,Gist,full,0.027832509255705937
Medial_Temporal,sub-10,Gist,full,-0.12501854998025796
Medial_Temporal,sub-11,Gist,full,-0.08421279587497925
Medial_Temporal,sub-12,Gist,full,-0.027422952120120185
Medial_Temporal,sub-13,Gist,full,0.015064466061648171
Medial_Temporal,sub-14,Gist,full,0.008447002916874002
Medial_Temporal,sub-15,Gist,full,-0.017486489037425647
Medial_Temporal,sub-16,Gist,full,0.066710088015821
Medial_Temporal,sub-17,Gist,full,0.01730713744080815
Medial_Temporal,sub-18,Gist,full,-0.005522535733435167
Medial_Temporal,sub-19,Gist,full,0.04462398383232277
Medial_Temporal,sub-20,Gist,full,-0.030544862725819605
Medial_Temporal,sub-01,Gist,semipartial,0.0453440752617114
Medial_Temporal,sub-02,Gist,semipartial,0.05858018303354146
Medial_Temporal,sub-03,Gist,semipartial,-0.03816863033118544
Medial_Temporal,sub-04,Gist,semipartial,-0.03609260889337825
Medial_Temporal,sub-05,Gist,semipartial,0.011296620091212788
Medial_Temporal,sub-06,Gist,semipartial,-0.00382505442713725
Medial_Temporal,sub-07,Gist,semipartial,-0.04873592882393492
Medial_Temporal,sub-08,Gist,semipartial,-0.14242643177211237
Medial_Temporal,sub-09,Gist,semipartial,0.03171313242687487
Medial_Temporal,sub-10,Gist,semipartial,-0.12391794852802611
Medial_Temporal,sub-11,Gist,semipartial,-0.08259522037385711
Medial_Temporal,sub-12,Gist,semipartial,-0.025128837854205808
Medial_Temporal,sub-13,Gist,semipartial,0.02045304781406627
Medial_Temporal,sub-14,Gist,semipartial,0.010942588801224716
Medial_Temporal,sub-15,Gist,semipartial,-0.014939761610696746
Medial_Temporal,sub-16,Gist,semipartial,0.06962170660600259
Medial_Temporal,sub-17,Gist,semipartial,0.01841976626832483
Medial_Temporal,sub-18,Gist,semipartial,-0.005838164742198113
Medial_Temporal,sub-19,Gist,semipartial,0.046142935708886605
Medial_Temporal,sub-20,Gist,semipartial,-0.029011877843807293
Lateral_Temporal,sub-01,Animacy,full,0.10808562457366595
Lateral_Temporal,sub-02,Animacy,full,0.014545654507107595
Lateral_Temporal,sub-03,Animacy,full,0.12703556750811545
Lateral_Temporal,sub-04,Animacy,full,0.08606922079526542
Lateral_Temporal,sub-05,Animacy,full,0.11352450399637876
Lateral_Temporal,sub-06,Animacy,full,0.0676318454152594
Lateral_Temporal,sub-07,Animacy,full,-0.001867744522593277
Lateral_Temporal,sub-08,Animacy,full,0.14365697734386254
Lateral_Temporal,sub-09,Animacy,full,0.04102505037309786
Lateral_Temporal,sub-10,Animacy,full,0.0414068291706166
Lateral_Temporal,sub-11,Animacy,full,0.031056344471832857
Lateral_Temporal,sub-12,Animacy,full,0.046880596171823836
Lateral_Temporal,sub-13,Animacy,full,0.04950200940927517
Lateral_Temporal,sub-14,Animacy,full,0.018266788566375085
Lateral_Temporal,sub-15,Animacy,full,0.19207815122748031
Lateral_Temporal,sub-16,Animacy,full,0.14701171286026227
Lateral_Temporal,sub-17,Animacy,full,-0.014498152075252532
Lateral_Temporal,sub-18,Animacy,full,0.1388803464685545
Lateral_Temporal,sub-19,Animacy,full,0.13507939789080442
Lateral_Temporal,sub-20,Animacy,full,0.12248016249754133
Lateral_Temporal,sub-01,Animacy,semipartial,0.07268468064806496
Lateral_Temporal,sub-02,Animacy,semipartial,0.01384270338909147
Lateral_Temporal,sub-03,Animacy,semipartial,0.12105095244255679
Lateral_Temporal,sub-04,Animacy,semipartial,0.09811569339186499
Lateral_Temporal,sub-05,Animacy,semipartial,0.11576484757870815
Lateral_Temporal,sub-06,Animacy,semipartial,0.060264348955606215
Lateral_Temporal,sub-07,Animacy,semipartial,-0.0053863573166872646
Lateral_Temporal,sub-08,Animacy,semipartial,0.15722221358141802
Lateral_Temporal,sub-09,Animacy,semipartial,0.03677154345336581
Lateral_Temporal,sub-10,Animacy,semipartial,0.03349280947441271
Lateral_Temporal,sub-11,Animacy,semipartial,0.03245520531715811
Lateral_Temporal,sub-12,Animacy,semipartial,0.036623157772651425
Lateral_Temporal,sub-13,Animacy,semipartial,0.035877977845713685
Lateral_Temporal,sub-14,Animacy,semipartial,0.012212242002956467
Lateral_Temporal,sub-15,Animacy,semipartial,0.17363050816332687
Lateral_Temporal,sub-16,Animacy,semipartial,0.15871067083430396
Lateral_Temporal,sub-17,Animacy,semipartial,-0.021916169429369046
Lateral_Temporal,sub-18,Animacy,semipartial,0.1422680336623102
Lateral_Temporal,sub-19,Animacy,semipartial,0.11781153645100463
Lateral_Temporal,sub-20,Animacy,semipartial,0.11016365311716872
Lateral_Temporal,sub-01,Category,full,0.12042598072063902
Lateral_Temporal,sub-02,Category,full,0.004996188779968585
Lateral_Temporal,sub-03,Category,full,0.038324478234007954
Lateral_Temporal,sub-04,Category,full,-0.020818493020363704
Lateral_Temporal,sub-05,Category,full,0.012826016221304101
Lateral_Temporal,sub-06,Category,full,0.03388004774984636
Lateral_Temporal,sub-07,Category,full,0.01025286758914495
Lateral_Temporal,sub-08,Category,full,-0.016951626842822008
Lateral_Temporal,sub-09,Category,full,0.01945583479339392
Lateral_Temporal,sub-10,Category,full,0.029782523296117462
Lateral_Temporal,sub-11,Category,full,0.000489483282100839
Lateral_Temporal,sub-12,Category,full,0.037029874914637016
Lateral_Temporal,sub-13,Category,full,0.048026337054192514
Lateral_Temporal,sub-14,Category,full,0.02102008847555411
Lateral_Temporal,sub-15,Category,full,0.08535592683263477
Lateral_Temporal,sub-16,Category,full,-0.009102246427181236
Lateral_Temporal,sub-17,Category,full,0.019714879364604036
Lateral_Temporal,sub-18,Category,full,0.012998372873426596
Lateral_Temporal,sub-19,Category,full,0.07265365442833853
Lateral_Temporal,sub-20,Category,full,0.0560289372731713
Lateral_Temporal,sub-01,Category,semipartial,0.08864806871367199
Lateral_Temporal,sub-02,Category,semipartial,0.001674477212150755
Lateral_Temporal,sub-03,Category,semipartial,-0.003997875817054685
Lateral_Temporal,sub-04,Category,semipartial,-0.0521015902672196
Lateral_Temporal,sub-05,Category,semipartial,-0.024511045200278973
Lateral_Temporal,sub-06,Category,semipartial,0.015653448223838826
Lateral_Temporal,sub-07,Category,semipartial,0.012380318685232549
Lateral_Temporal,sub-08,Category,semipartial,-0.07141510232502864
Lateral_Temporal,sub-09,Category,semipartial,0.007082142194796763
Lateral_Temporal,sub-10,Category,semipartial,0.01685403133099713
Lateral_Temporal,sub-11,Category,semipartial,-0.01186247173287926
Lateral_Temporal,sub-12,Category,semipartial,0.021347781229068486
Lateral_Temporal,sub-13,Category,semipartial,0.034134994754724104
Lateral_Temporal,sub-14,Category,semipartial,0.016917082710440443
Lateral_Temporal,sub-15,Category,semipartial,0.023159193480923594
Lateral_Temporal,sub-16,Category,semipartial,-0.059284514763400235
Lateral_Temporal,sub-17,Category,semipartial,0.02736134051443278
Lateral_Temporal,sub-18,Category,semipartial,-0.035003835922627104
Lateral_Temporal,sub-19,Category,semipartial,0.030015733740333082
Lateral_Temporal,sub-20,Category,semipartial,0.016440803617536887
Lateral_Temporal,sub-01,Gist,full,-0.04932375027282065
Lateral_Temporal,sub-02,Gist,full,0.04203875166969331
Lateral_Temporal,sub-03,Gist,full,-0.026965351606476288
Lateral_Temporal,sub-04,Gist,full,-0.014966229505483666
Lateral_Temporal,sub-05,Gist,full,0.02829127526305082
Lateral_Temporal,sub-06,Gist,full,0.09239916194417998
Lateral_Temporal,sub-07,Gist,full,0.02697250988073561
Lateral_Temporal,sub-08,Gist,full,-0.1244858032550622
Lateral_Temporal,sub-09,Gist,full,0.018044846630647517
Lateral_Temporal,sub-10,Gist,full,-0.012975718389558341
Lateral_Temporal,sub-11,Gist,full,-0.05173889753678218
Lateral_Temporal,sub-12,Gist,full,-0.052177210360701186
Lateral_Temporal,sub-13,Gist,full,0.010041450700112382
Lateral_Temporal,sub-14,Gist,full,0.028906002891853282
Lateral_Temporal,sub-15,Gist,full,-0.034633833190164165
Lateral_Temporal,sub-16,Gist,full,0.026394120099040283
Lateral_Temporal,sub-17,Gist,full,0.046023520330752
Lateral_Temporal,sub-18,Gist,full,-0.03114272119655796
Lateral_Temporal,sub-19,Gist,full,-0.013186407930386626
Lateral_Temporal,sub-20,Gist,full,-0.022718012628806333
Lateral_Temporal,sub-01,Gist,semipartial,-0.04467100647813985
Lateral_Temporal,sub-02,Gist,semipartial,0.042306377468351426
Lateral_Temporal,sub-03,Gist,semipartial,-0.02507703840586212
Lateral_Temporal,sub-04,Gist,semipartial,-0.015316829870509942
Lateral_Temporal,sub-05,Gist,semipartial,0.029266440326514456
Lateral_Temporal,sub-06,Gist,semipartial,0.09394608506187539
Lateral_Temporal,sub-07,Gist,semipartial,0.027339888064596043
Lateral_Temporal,sub-08,Gist,semipartial,-0.12451671291752424
Lateral_Temporal,sub-09,Gist,semipartial,0.018919544007457288
Lateral_Temporal,sub-10,Gist,semipartial,-0.011759797873769769
Lateral_Temporal,sub-11,Gist,semipartial,-0.05161726699797481
Lateral_Temporal,sub-12,Gist,semipartial,-0.05071015235167958
Lateral_Temporal,sub-13,Gist,semipartial,0.011945535783662179
Lateral_Temporal,sub-14,Gist,semipartial,0.029740550258111804
Lateral_Temporal,sub-15,Gist,semipartial,-0.030818350944538508
Lateral_Temporal,sub-16,Gist,semipartial,0.0267530664181605
Lateral_Temporal,sub-17,Gist,semipartial,0.046677151074842806
Lateral_Temporal,sub-18,Gist,semipartial,-0.030087686246518048
Lateral_Temporal,sub-19,Gist,semipartial,-0.010055164396815865
Lateral_Temporal,sub-20,Gist,semipartial,-0.020229607235147197
Temporo_Parieto_Occipital_Junction,sub-01,Animacy,full,0.04672222549699471
Temporo_Parieto_Occipital_Junction,sub-02,Animacy,full,0.1443797703441983
Temporo_Parieto_Occipital_Junction,sub-03,Animacy,full,0.10242269047481979
Temporo_Parieto_Occipital_Junction,sub-04,Animacy,full,0.07635587482117992
Temporo_Parieto_Occipital_Junction,sub-05,Animacy,full,0.2097869449782897
Temporo_Parieto_Occipital_Junction,sub-06,Animacy,full,0.005345351957649029
Temporo_Parieto_Occipital_Junction,sub-07,Animacy,full,0.1378174260170229
Temporo_Parieto_Occipital_Junction,sub-08,Animacy,full,0.10677144497305754
Temporo_Parieto_Occipital_Junction,sub-09,Animacy,full,-0.017045101547086366
Temporo_Parieto_Occipital_Junction,sub-10,Animacy,full,0.10089474711245049
Temporo_Parieto_Occipital_Junction,sub-11,Animacy,full,0.03279550746501109
Temporo_Parieto_Occipital_Junction,sub-12,Animacy,full,0.07870618209717288
Temporo_Parieto_Occipital_Junction,sub-13,Animacy,full,0.03824665706787645
Temporo_Parieto_Occipital_Junction,sub-14,Animacy,full,-0.025205895969613857
Temporo_Parieto_Occipital_Junction,sub-15,Animacy,full,0.23956441569457018
Temporo_Parieto_Occipital_Junction,sub-16,Animacy,full,0.0031717737415704506
Temporo_Parieto_Occipital_Junction,sub-17,Animacy,full,0.030604873509935043
Temporo_Parieto_Occipital_Junction,sub-18,Animacy,full,0.1044308929033587
Temporo_Parieto_Occipital_Junction,sub-19,Animacy,full,0.09282293763984151
Temporo_Parieto_Occipital_Junction,sub-20,Animacy,full,0.0028958969374876485
Temporo_Parieto_Occipital_Junction,sub-01,Animacy,semipartial,0.025107149742134564
Temporo_Parieto_Occipital_Junction,sub-02,Animacy,semipartial,0.12127093272817044
Temporo_Parieto_Occipital_Junction,sub-03,Animacy,semipartial,0.10183504345952377
Temporo_Parieto_Occipital_Junction,sub-04,Animacy,semipartial,0.08422473494449076
Temporo_Parieto_Occipital_Junction,sub-05,Animacy,semipartial,0.2009240275699136
Temporo_Parieto_Occipital_Junction,sub-06,Animacy,semipartial,0.006104021062935194
Temporo_Parieto_Occipital_Junction,sub-07,Animacy,semipartial,0.13447797570360037
Temporo_Parieto_Occipital_Junction,sub-08,Animacy,semipartial,0.09762115269993593
Temporo_Parieto_Occipital_Junction,sub-09,Animacy,semipartial,-0.02122097463070384
Temporo_Parieto_Occipital_Junction,sub-10,Animacy,semipartial,0.08230828174147889
Temporo_Parieto_Occipital_Junction,sub-11,Animacy,semipartial,0.01615582434475652
Temporo_Parieto_Occipital_Junction,sub-12,Animacy,semipartial,0.08012122809646109
Temporo_Parieto_Occipital_Junction,sub-13,Animacy,semipartial,0.024754619377023265
Temporo_Parieto_Occipital_Junction,sub-14,Animacy,semipartial,-0.036816533625179136
Temporo_Parieto_Occipital_Junction,sub-15,Animacy,semipartial,0.2320798220460948
Temporo_Parieto_Occipital_Junction,sub-16,Animacy,semipartial,0.005531260471730022
Temporo_Parieto_Occipital_Junction,sub-17,Animacy,semipartial,0.01220133562387206
Temporo_Parieto_Occipital_Junction,sub-18,Animacy,semipartial,0.09463946842421567
Temporo_Parieto_Occipital_Junction,sub-19,Animacy,semipartial,0.07573776635887802
Temporo_Parieto_Occipital_Junction,sub-20,Animacy,semipartial,-0.002901942301928443
Temporo_Parieto_Occipital_Junction,sub-01,Category,full,0.07064638494976101
Temporo_Parieto_Occipital_Junction,sub-02,Category,full,0.09266209288825436
Temporo_Parieto_Occipital_Junction,sub-03,Category,full,0.017565320564158934
Temporo_Parieto_Occipital_Junction,sub-04,Category,full,-0.009963607073197985
Temporo_Parieto_Occipital_Junction,sub-05,Category,full,0.060456276282097904
Temporo_Parieto_Occipital_Junction,sub-06,Category,full,-0.00014970906979795744
Temporo_Parieto_Occipital_Junction,sub-07,Category,full,0.03250566769892861
Temporo_Parieto_Occipital_Junction,sub-08,Category,full,0.043767870219100564
Temporo_Parieto_Occipital_Junction,sub-09,Category,full,0.009447394112200434
Temporo_Parieto_Occipital_Junction,sub-10,Category,full,0.0707562202782415
Temporo_Parieto_Occipital_Junction,sub-11,Category,full,0.05400867059013677
Temporo_Parieto_Occipital_Junction,sub-12,Category,full,0.010153599199370261
Temporo_Parieto_Occipital_Junction,sub-13,Category,full,0.04628962466444658
Temporo_Parieto_Occipital_Junction,sub-14,Category,full,0.03028542432722758
Temporo_Parieto_Occipital_Junction,sub-15,Category,full,0.06347371506674027
Temporo_Parieto_Occipital_Junction,sub-16,Category,full,-0.006361277424623787
Temporo_Parieto_Occipital_Junction,sub-17,Category,full,0.058091951721285645
Temporo_Parieto_Occipital_Junction,sub-18,Category,full,0.04499056703273514
Temporo_Parieto_Occipital_Junction,sub-19,Category,full,0.06383955923331183
Temporo_Parieto_Occipital_Junction,sub-20,Category,full,0.016008403250143396
Temporo_Parieto_Occipital_Junction,sub-01,Category,semipartial,0.058611978381042824
Temporo_Parieto_Occipital_Junction,sub-02,Category,semipartial,0.05191234765193584
Temporo_Parieto_Occipital_Junction,sub-03,Category,semipartial,-0.02003564847767802
Temporo_Parieto_Occipital_Junction,sub-04,Category,semipartial,-0.0363930445680435
Temporo_Parieto_Occipital_Junction,sub-05,Category,semipartial,-0.0092418240421593
Temporo_Parieto_Occipital_Junction,sub-06,Category,semipartial,0.0011143331331210737
Temporo_Parieto_Occipital_Junction,sub-07,Category,semipartial,-0.013672949590298994
Temporo_Parieto_Occipital_Junction,sub-08,Category,semipartial,0.007728696494904384
Temporo_Parieto_Occipital_Junction,sub-09,Category,semipartial,0.016268570654367393
Temporo_Parieto_Occipital_Junction,sub-10,Category,semipartial,0.03972137055506239
Temporo_Parieto_Occipital_Junction,sub-11,Category,semipartial,0.04622596798613637
Temporo_Parieto_Occipital_Junction,sub-12,Category,semipartial,-0.013359208657249898
Temporo_Parieto_Occipital_Junction,sub-13,Category,semipartial,0.03758394310057748
Temporo_Parieto_Occipital_Junction,sub-14,Category,semipartial,0.042678360175856724
Temporo_Parieto_Occipital_Junction,sub-15,Category,semipartial,-0.01081398411911802
Temporo_Parieto_Occipital_Junction,sub-16,Category,semipartial,-0.00790150247229464
Temporo_Parieto_Occipital_Junction,sub-17,Category,semipartial,0.049480544537639524
Temporo_Parieto_Occipital_Junction,sub-18,Category,semipartial,0.009157284199440813
Temporo_Parieto_Occipital_Junction,sub-19,Category,semipartial,0.03196579325354128
Temporo_Parieto_Occipital_Junction,sub-20,Category,semipartial,0.01236569872222789
Temporo_Parieto_Occipital_Junction,sub-01,Gist,full,-0.002459848276293327
Temporo_Parieto_Occipital_Junction,sub-02,Gist,full,0.10568740503523756
Temporo_Parieto_Occipital_Junction,sub-03,Gist,full,-0.10369118689007654
Temporo_Parieto_Occipital_Junction,sub-04,Gist,full,0.011851513452405035
Temporo_Parieto_Occipital_Junction,sub-05,Gist,full,-0.03368808666374749
Temporo_Parieto_Occipital_Junction,sub-06,Gist,full,0.09425325267152009
Temporo_Parieto_Occipital_Junction,sub-07,Gist,full,-0.021290715444221734
Temporo_Parieto_Occipital_Junction,sub-08,Gist,full,-0.05719273018752133
Temporo_Parieto_Occipital_Junction,sub-09,Gist,full,0.012558735331519476
Temporo_Parieto_Occipital_Junction,sub-10,Gist,full,-0.014251254395949414
Temporo_Parieto_Occipital_Junction,sub-11,Gist,full,0.010632205871306588
Temporo_Parieto_Occipital_Junction,sub-12,Gist,full,0.08931094443223644
Temporo_Parieto_Occipital_Junction,sub-13,Gist,full,0.05302969154085726
Temporo_Parieto_Occipital_Junction,sub-14,Gist,full,0.05973538950962468
Temporo_Parieto_Occipital_Junction,sub-15,Gist,full,0.13206554607139454
Temporo_Parieto_Occipital_Junction,sub-16,Gist,full,-0.002443443630613491
Temporo_Parieto_Occipital_Junction,sub-17,Gist,full,-0.04449214067900384
Temporo_Parieto_Occipital_Junction,sub-18,Gist,full,-0.07748510302561647
Temporo_Parieto_Occipital_Junction,sub-19,Gist,full,-0.1115773543228588
Temporo_Parieto_Occipital_Junction,sub-20,Gist,full,-0.1084261098425933
Temporo_Parieto_Occipital_Junction,sub-01,Gist,semipartial,0.00021257024686720358
Temporo_Parieto_Occipital_Junction,sub-02,Gist,semipartial,0.10963792954288794
Temporo_Parieto_Occipital_Junction,sub-03,Gist,semipartial,-0.10268876134005864
Temporo_Parieto_Occipital_Junction,sub-04,Gist,semipartial,0.011854030350835919
Temporo_Parieto_Occipital_Junction,sub-05,Gist,semipartial,-0.030661296334770757
Temporo_Parieto_Occipital_Junction,sub-06,Gist,semipartial,0.0943350638730381
Temporo_Parieto_Occipital_Junction,sub-07,Gist,semipartial,-0.01955328923528658
Temporo_Parieto_Occipital_Junction,sub-08,Gist,semipartial,-0.05522555432925707
Temporo_Parieto_Occipital_Junction,sub-09,Gist,semipartial,0.012820348401531186
Temporo_Parieto_Occipital_Junction,sub-10,Gist,semipartial,-0.011340119741154956
Temporo_Parieto_Occipital_Junction,sub-11,Gist,semipartial,0.012670524512742637
Temporo_Parieto_Occipital_Junction,sub-12,Gist,semipartial,0.09007767352903426
Temporo_Parieto_Occipital_Junction,sub-13,Gist,semipartial,0.05485151566445376
Temporo_Parieto_Occipital_Junction,sub-14,Gist,semipartial,0.06071899005593265
Temporo_Parieto_Occipital_Junction,sub-15,Gist,semipartial,0.13544198628779247
Temporo_Parieto_Occipital_Junction,sub-16,Gist,semipartial,-0.002652793765877183
Temporo_Parieto_Occipital_Junction,sub-17,Gist,semipartial,-0.042358075713866704
Temporo_Parieto_Occipital_Junction,sub-18,Gist,semipartial,-0.07549934018233932
Temporo_Parieto_Occipital_Junction,sub-19,Gist,semipartial,-0.10900883425808175
Temporo_Parieto_Occipital_Junction,sub-20,Gist,semipartial,-0.10792720216220608
Superior_Parietal,sub-01,Animacy,full,0.03649052899085564
Superior_Parietal,sub-02,Animacy,full,0.10759157926468306
Superior_Parietal,sub-03,Animacy,full,0.06500382556240417
Superior_Parietal,sub-04,Animacy,full,0.037719400295819015
Superior_Parietal,sub-05,Animacy,full,0.09900631252412315
Superior_Parietal,sub-06,Animacy,full,0.03828415534818034
Superior_Parietal,sub-07,Animacy,full,0.00946252324510181
Superior_Parietal,sub-08,Animacy,full,0.0923474505906334
Superior_Parietal,sub-09,Animacy,full,0.014004488650856151
Superior_Parietal,sub-10,Animacy,full,-0.015169675785702072
Superior_Parietal,sub-11,Animacy,full,0.06868265777415661
Superior_Parietal,sub-12,Animacy,full,0.04785059282535669
Superior_Parietal,sub-13,Animacy,full,0.06559172647394715
Superior_Parietal,sub-14,Animacy,full,0.08262517713378305
Superior_Parietal,sub-15,Animacy,full,-0.0021284237558014656
Superior_Parietal,sub-16,Animacy,full,0.012556946473150392
Superior_Parietal,sub-17,Animacy,full,0.09872222655537075
Superior_Parietal,sub-18,Animacy,full,0.18941627719257628
Superior_Parietal,sub-19,Animacy,full,0.0661799792500138
Superior_Parietal,sub-20,Animacy,full,-0.04841798948073405
Superior_Parietal,sub-01,Animacy,semipartial,-0.026023631446809706
Superior_Parietal,sub-02,Animacy,semipartial,0.06504727212592894
Superior_Parietal,sub-03,Animacy,semipartial,0.04334861158100543
Superior_Parietal,sub-04,Animacy,semipartial,-0.019571236899416693
Superior_Parietal,sub-05,Animacy,semipartial,0.07721975655010754
Superior_Parietal,sub-06,Animacy,semipartial,-0.011947142913911604
Superior_Parietal,sub-07,Animacy,semipartial,-0.03665648783133327
Superior_Parietal,sub-08,Animacy,semipartial,0.02424709408448406
Superior_Parietal,sub-09,Animacy,semipartial,-0.017761726345289
Superior_Parietal,sub-10,Animacy,semipartial,-0.03924049501868519
Superior_Parietal,sub-11,Animacy,semipartial,0.0560692750140159
Superior_Parietal,sub-12,Animacy,semipartial,-0.017416844657250005
Superior_Parietal,sub-13,Animacy,semipartial,0.014331068612860735
Superior_Parietal,sub-14,Animacy,semipartial,0.0724613620365143
Superior_Parietal,sub-15,Animacy,semipartial,-0.02262925048290476
Superior_Parietal,sub-16,Animacy,semipartial,-0.026983130867419533
Superior_Parietal,sub-17,Animacy,semipartial,0.07698465510377367
Superior_Parietal,sub-18,Animacy,semipartial,0.15752866981710803
Superior_Parietal,sub-19,Animacy,semipartial,0.006002788426474303
Superior_Parietal,sub-20,Animacy,semipartial,-0.08297094575264963
Superior_Parietal,sub-01,Category,full,0.1876205890730797
Superior_Parietal,sub-02,Category,full,0.14180299605452673
Superior_Parietal,sub-03,Category,full,0.0747981161394726
Superior_Parietal,sub-04,Category,full,0.17287390281836068
Superior_Parietal,sub-05,Category,full,0.08178700784486083
Superior_Parietal,sub-06,Category,full,0.1524197757543147
Superior_Parietal,sub-07,Category,full,0.13581438308484778
Superior_Parietal,sub-08,Category,full,0.21405398590477792
Superior_Parietal,sub-09,Category,full,0.09487034353387093
Superior_Parietal,sub-10,Category,full,0.068385923085254
Superior_Parietal,sub-11,Category,full,0.04720098443446587
Superior_Parietal,sub-12,Category,full,0.19792094438410046
Superior_Parietal,sub-13,Category,full,0.16119268847662277
Superior_Parietal,sub-14,Category,full,0.04467241755016384
Superior_Parietal,sub-15,Category,full,0.05946592850581249
Superior_Parietal,sub-16,Category,full,0.11824654752451796
Superior_Parietal,sub-17,Category,full,0.07854089095498873
Superior_Parietal,sub-18,Category,full,0.12508581433257757
Superior_Parietal,sub-19,Category,full,0.18737769724992007
Superior_Parietal,sub-20,Category,full,0.0931938614156727
Superior_Parietal,sub-01,Category,semipartial,0.18521485170186144
Superior_Parietal,sub-02,Category,semipartial,0.11327098182535017
Superior_Parietal,sub-03,Category,semipartial,0.0593345882114393
Superior_Parietal,sub-04,Category,semipartial,0.16982748644699247
Superior_Parietal,sub-05,Category,semipartial,0.05750072633726704
Superior_Parietal,sub-06,Category,semipartial,0.14794048610198607
Superior_Parietal,sub-07,Category,semipartial,0.14074556898854476
Superior_Parietal,sub-08,Category,semipartial,0.19624276491252368
Superior_Parietal,sub-09,Category,semipartial,0.09595936880667427
Superior_Parietal,sub-10,Category,semipartial,0.08003852101922002
Superior_Parietal,sub-11,Category,semipartial,0.02373991086932346
Superior_Parietal,sub-12,Category,semipartial,0.19326047079531478
Superior_Parietal,sub-13,Category,semipartial,0.1510776811242454
Superior_Parietal,sub-14,Category,semipartial,0.02232623301998522
Superior_Parietal,sub-15,Category,semipartial,0.06419302588555484
Superior_Parietal,sub-16,Category,semipartial,0.12389511459745375
Superior_Parietal,sub-17,Category,semipartial,0.045987204284341256
Superior_Parietal,sub-18,Category,semipartial,0.06902703586604382
Superior_Parietal,sub-19,Category,semipartial,0.17899865316099792
Superior_Parietal,sub-20,Category,semipartial,0.1174106853319138
Superior_Parietal,sub-01,Gist,full,-0.023162684992937728
Superior_Parietal,sub-02,Gist,full,0.00626961486674322
Superior_Parietal,sub-03,Gist,full,0.07672489393535234
Superior_Parietal,sub-04,Gist,full,-0.0038159203704839625
Superior_Parietal,sub-05,Gist,full,0.15119471556613953
Superior_Parietal,sub-06,Gist,full,-0.00534781538588309
Superior_Parietal,sub-07,Gist,full,0.008892161291946867
Superior_Parietal,sub-08,Gist,full,0.0452006455880271
Superior_Parietal,sub-09,Gist,full,0.011842847993181615
Superior_Parietal,sub-10,Gist,full,0.0747532784553583
Superior_Parietal,sub-11,Gist,full,-0.07875798878633185
Superior_Parietal,sub-12,Gist,full,0.008693403718869687
Superior_Parietal,sub-13,Gist,full,0.09283886154077406
Superior_Parietal,sub-14,Gist,full,0.10471343851875196
Superior_Parietal,sub-15,Gist,full,0.016398927272287315
Superior_Parietal,sub-16,Gist,full,0.0937988194845295
Superior_Parietal,sub-17,Gist,full,-0.09662076689860837
Superior_Parietal,sub-18,Gist,full,0.053718599355033446
Superior_Parietal,sub-19,Gist,full,0.10547659703174406
Superior_Parietal,sub-20,Gist,full,0.06555250297879525
Superior_Parietal,sub-01,Gist,semipartial,-0.016469034423070066
Superior_Parietal,sub-02,Gist,semipartial,0.011703141612174603
Superior_Parietal,sub-03,Gist,semipartial,0.0796770798552531
Superior_Parietal,sub-04,Gist,semipartial,0.002381709757494098
Superior_Parietal,sub-05,Gist,semipartial,0.15459294853320155
Superior_Parietal,sub-06,Gist,semipartial,0.00013772652464884663
Superior_Parietal,sub-07,Gist,semipartial,0.013678747227684473
Superior_Parietal,sub-08,Gist,semipartial,0.053112568437451574
Superior_Parietal,sub-09,Gist,semipartial,0.015223327219314499
Superior_Parietal,sub-10,Gist,semipartial,0.07712113957358227
Superior_Parietal,sub-11,Gist,semipartial,-0.07685616850480013
Superior_Parietal,sub-12,Gist,semipartial,0.015818638312110212
Superior_Parietal,sub-13,Gist,semipartial,0.09881855960533124
Superior_Parietal,sub-14,Gist,semipartial,0.1067123150916778
Superior_Parietal,sub-15,Gist,semipartial,0.018474982983038152
Superior_Parietal,sub-16,Gist,semipartial,0.09804319842560663
Superior_Parietal,sub-17,Gist,semipartial,-0.09350290619137483
Superior_Parietal,sub-18,Gist,semipartial,0.05896735969404481
Superior_Parietal,sub-19,Gist,semipartial,0.11238091942143906
Superior_Parietal,sub-20,Gist,semipartial,0.06863069095465285
Inferior_Parietal,sub-01,Animacy,full,0.05997181198974845
Inferior_Parietal,sub-02,Animacy,full,0.0926140386663409
Inferior_Parietal,sub-03,Animacy,full,0.04300810430272593
Inferior_Parietal,sub-04,Animacy,full,0.056944479651700304
Inferior_Parietal,sub-05,Animacy,full,0.191560387764329
Inferior_Parietal,sub-06,Animacy,full,0.018463593393861402
Inferior_Parietal,sub-07,Animacy,full,0.03557156543896092
Inferior_Parietal,sub-08,Animacy,full,0.09436078496937607
Inferior_Parietal,sub-09,Animacy,full,0.0939544527139852
Inferior_Parietal,sub-10,Animacy,full,0.07186431940589837
Inferior_Parietal,sub-11,Animacy,full,0.00963668819212732
Inferior_Parietal,sub-12,Animacy,full,0.05111991145567977
Inferior_Parietal,sub-13,Animacy,full,0.01890627174371674
Inferior_Parietal,sub-14,Animacy,full,0.10551806779154532
Inferior_Parietal,sub-15,Animacy,full,0.1540306031941138
Inferior_Parietal,sub-16,Animacy,full,0.02478105903260749
Inferior_Parietal,sub-17,Animacy,full,0.12489294843718994
Inferior_Parietal,sub-18,Animacy,full,0.19021892865768167
Inferior_Parietal,sub-19,Animacy,full,0.1674141701677277
Inferior_Parietal,sub-20,Animacy,full,-0.0016277346697732328
Inferior_Parietal,sub-01,Animacy,semipartial,0.011429869175340538
Inferior_Parietal,sub-02,Animacy,semipartial,0.06418430017246528
Inferior_Parietal,sub-03,Animacy,semipartial,0.04191467601419109
Inferior_Parietal,sub-04,Animacy,semipartial,0.051246495974754794
Inferior_Parietal,sub-05,Animacy,semipartial,0.16319837585037936
Inferior_Parietal,sub-06,Animacy,semipartial,-0.01874361092205717
Inferior_Parietal,sub-07,Animacy,semipartial,-0.001362974712771901
Inferior_Parietal,sub-08,Animacy,semipartial,0.07274931174752877
Inferior_Parietal,sub-09,Animacy,semipartial,0.05879024094926742
Inferior_Parietal,sub-10,Animacy,semipartial,0.05278922236580727
Inferior_Parietal,sub-11,Animacy,semipartial,-0.006233375604524546
Inferior_Parietal,sub-12,Animacy,semipartial,-0.003583546374960494
Inferior_Parietal,sub-13,Animacy,semipartial,-0.012973803885022181
Inferior_Parietal,sub-14,Animacy,semipartial,0.07661004324114067
Inferior_Parietal,sub-15,Animacy,semipartial,0.13240018488806007
Inferior_Parietal,sub-16,Animacy,semipartial,-0.008222227249032845
Inferior_Parietal,sub-17,Animacy,semipartial,0.12358182954611628
Inferior_Parietal,sub-18,Animacy,semipartial,0.17481756543358343
Inferior_Parietal,sub-19,Animacy,semipartial,0.14317303497112593
Inferior_Parietal,sub-20,Animacy,semipartial,-0.02096824622496699
Inferior_Parietal,sub-01,Category,full,0.15081227007506925
Inferior_Parietal,sub-02,Category,full,0.10013838043172994
Inferior_Parietal,sub-03,Category,full,0.0111183696713862
Inferior_Parietal,sub-04,Category,full,0.026091788915551938
Inferior_Parietal,sub-05,Category,full,0.11575247129467957
Inferior_Parietal,sub-06,Category,full,0.11089323092987179
Inferior_Parietal,sub-07,Category,full,0.113119788528103
Inferior_Parietal,sub-08,Category,full,0.07732627141176751
Inferior_Parietal,sub-09,Category,full,0.11924293518639227
Inferior_Parietal,sub-10,Category,full,0.06663787230371662
Inferior_Parietal,sub-11,Category,full,0.046776048378054935
Inferior_Parietal,sub-12,Category,full,0.16762587170655405
Inferior_Parietal,sub-13,Category,full,0.09589715968423075
Inferior_Parietal,sub-14,Category,full,0.10143931393957231
Inferior_Parietal,sub-15,Category,full,0.09042572817244919
Inferior_Parietal,sub-16,Category,full,0.10041513231655212
Inferior_Parietal,sub-17,Category,full,0.02473342482762465
Inferior_Parietal,sub-18,Category,full,0.07638593126972684
Inferior_Parietal,sub-19,Category,full,0.09897210599736696
Inferior_Parietal,sub-20,Category,full,0.0555572002820247
Inferior_Parietal,sub-01,Category,semipartial,0.1379222321574958
Inferior_Parietal,sub-02,Category,semipartial,0.07938612418184587
Inferior_Parietal,sub-03,Category,semipartial,-0.001027829321754682
Inferior_Parietal,sub-04,Category,semipartial,0.008022190759453592
Inferior_Parietal,sub-05,Category,semipartial,0.05991542873006642
Inferior_Parietal,sub-06,Category,semipartial,0.1099187257209566
Inferior_Parietal,sub-07,Category,semipartial,0.10681610245803422
Inferior_Parietal,sub-08,Category,semipartial,0.04588458878573327
Inferior_Parietal,sub-09,Category,semipartial,0.09725461306723271
Inferior_Parietal,sub-10,Category,semipartial,0.04351447280067503
Inferior_Parietal,sub-11,Category,semipartial,0.043535769446342534
Inferior_Parietal,sub-12,Category,semipartial,0.15976021063971363
Inferior_Parietal,sub-13,Category,semipartial,0.09502847707951705
Inferior_Parietal,sub-14,Category,semipartial,0.07031128740636573
Inferior_Parietal,sub-15,Category,semipartial,0.04742939340632339
Inferior_Parietal,sub-16,Category,semipartial,0.09850864888166408
Inferior_Parietal,sub-17,Category,semipartial,-0.01668243806562076
Inferior_Parietal,sub-18,Category,semipartial,0.014842510398574545
Inferior_Parietal,sub-19,Category,semipartial,0.04843457041622558
Inferior_Parietal,sub-20,Category,semipartial,0.05823145925608003
Inferior_Parietal,sub-01,Gist,full,-0.03152955529900429
Inferior_Parietal,sub-02,Gist,full,0.15941053823105356
Inferior_Parietal,sub-03,Gist,full,0.06027558275675442
Inferior_Parietal,sub-04,Gist,full,-0.0004519584561631224
Inferior_Parietal,sub-05,Gist,full,0.09920587767212642
Inferior_Parietal,sub-06,Gist,full,-0.03246375270988571
Inferior_Parietal,sub-07,Gist,full,-0.019701930796223916
Inferior_Parietal,sub-08,Gist,full,-0.10620902790259347
Inferior_Parietal,sub-09,Gist,full,0.10227208766519783
Inferior_Parietal,sub-10,Gist,full,-0.06960513181616113
Inferior_Parietal,sub-11,Gist,full,-0.08018797918195356
Inferior_Parietal,sub-12,Gist,full,-0.001056118090043563
Inferior_Parietal,sub-13,Gist,full,0.001758182676736252
Inferior_Parietal,sub-14,Gist,full,-0.022941289147802846
Inferior_Parietal,sub-15,Gist,full,0.14206000780419664
Inferior_Parietal,sub-16,Gist,full,0.023542612823756304
Inferior_Parietal,sub-17,Gist,full,0.002120625739208892
Inferior_Parietal,sub-18,Gist,full,-0.018405657392058405
Inferior_Parietal,sub-19,Gist,full,0.03785738203969563
Inferior_Parietal,sub-20,Gist,full,-0.03372191462918439
Inferior_Parietal,sub-01,Gist,semipartial,-0.026020423555901496
Inferior_Parietal,sub-02,Gist,semipartial,0.16342585653051808
Inferior_Parietal,sub-03,Gist,semipartial,0.06089655653577008
Inferior_Parietal,sub-04,Gist,semipartial,0.0007132153641843483
Inferior_Parietal,sub-05,Gist,semipartial,0.10416907190848995
Inferior_Parietal,sub-06,Gist,semipartial,-0.028533943048441493
Inferior_Parietal,sub-07,Gist,semipartial,-0.015609231369527701
Inferior_Parietal,sub-08,Gist,semipartial,-0.10315950511830091
Inferior_Parietal,sub-09,Gist,semipartial,0.10692168396883336
Inferior_Parietal,sub-10,Gist,semipartial,-0.06700482229473094
Inferior_Parietal,sub-11,Gist,semipartial,-0.07856655700640203
Inferior_Parietal,sub-12,Gist,semipartial,0.0050203229453611485
Inferior_Parietal,sub-13,Gist,semipartial,0.005189703309549334
Inferior_Parietal,sub-14,Gist,semipartial,-0.01894479340817394
Inferior_Parietal,sub-15,Gist,semipartial,0.14600010384847673
Inferior_Parietal,sub-16,Gist,semipartial,0.027172661575236158
Inferior_Parietal,sub-17,Gist,semipartial,0.0035446442001954206
Inferior_Parietal,sub-18,Gist,semipartial,-0.014900587607896526
Inferior_Parietal,sub-19,Gist,semipartial,0.042085881469609586
Inferior_Parietal,sub-20,Gist,semipartial,-0.03181352423301205
Posterior_Cingulate,sub-01,Animacy,full,0.08503131101979836
Posterior_Cingulate,sub-02,Animacy,full,0.07278091292595325
Posterior_Cingulate,sub-03,Animacy,full,0.0836529515105305
Posterior_Cingulate,sub-04,Animacy,full,0.012590696501745862
Posterior_Cingulate,sub-05,Animacy,full,0.12174808412423561
Posterior_Cingulate,sub-06,Animacy,full,0.013517894979904454
Posterior_Cingulate,sub-07,Animacy,full,0.010409612977898625
Posterior_Cingulate,sub-08,Animacy,full,0.03447124690047187
Posterior_Cingulate,sub-09,Animacy,full,0.11213382881101314
Posterior_Cingulate,sub-10,Animacy,full,0.018931733055412923
Posterior_Cingulate,sub-11,Animacy,full,0.014716286771408004
Posterior_Cingulate,sub-12,Animacy,full,0.000924968615463907
Posterior_Cingulate,sub-13,Animacy,full,0.07599072009743572
Posterior_Cingulate,sub-14,Animacy,full,-0.02868682305951717
Posterior_Cingulate,sub-15,Animacy,full,0.10413146131930791
Posterior_Cingulate,sub-16,Animacy,full,0.03788363666044045
Posterior_Cingulate,sub-17,Animacy,full,0.003039190111244225
Posterior_Cingulate,sub-18,Animacy,full,0.1643936645240685
Posterior_Cingulate,sub-19,Animacy,full,0.029770064364636424
Posterior_Cingulate,sub-20,Animacy,full,-0.05303340878688512
Posterior_Cingulate,sub-01,Animacy,semipartial,0.06768327577979785
Posterior_Cingulate,sub-02,Animacy,semipartial,0.0502144493520563
Posterior_Cingulate,sub-03,Animacy,semipartial,0.08008421778525744
Posterior_Cingulate,sub-04,Animacy,semipartial,0.004409891952433379
Posterior_Cingulate,sub-05,Animacy,semipartial,0.09051714889759765
Posterior_Cingulate,sub-06,Animacy,semipartial,-0.014825882889622125
Posterior_Cingulate,sub-07,Animacy,semipartial,-0.0042716462672359404
Posterior_Cingulate,sub-08,Animacy,semipartial,0.022841963107269374
Posterior_Cingulate,sub-09,Animacy,semipartial,0.07762363915899392
Posterior_Cingulate,sub-10,Animacy,semipartial,-0.011573075885518903
Posterior_Cingulate,sub-11,Animacy,semipartial,0.015925671355915636
Posterior_Cingulate,sub-12,Animacy,semipartial,-0.03587967089966892
Posterior_Cingulate,sub-13,Animacy,semipartial,0.06262239649118564
Posterior_Cingulate,sub-14,Animacy,semipartial,-0.04701859493901125
Posterior_Cingulate,sub-15,Animacy,semipartial,0.08667207157292212
Posterior_Cingulate,sub-16,Animacy,semipartial,0.014985707911018017
Posterior_Cingulate,sub-17,Animacy,semipartial,-0.0052217105093765774
Posterior_Cingulate,sub-18,Animacy,semipartial,0.15542567378197225
Posterior_Cingulate,sub-19,Animacy,semipartial,0.005374404338087719
Posterior_Cingulate,sub-20,Animacy,semipartial,-0.060493834837301426
Posterior_Cingulate,sub-01,Category,full,0.06460945176561816
Posterior_Cingulate,sub-02,Category,full,0.07843461154641558
Posterior_Cingulate,sub-03,Category,full,0.024187826087527776
Posterior_Cingulate,sub-04,Category,full,0.02566175604080225
Posterior_Cingulate,sub-05,Category,full,0.1112940930276676
Posterior_Cingulate,sub-06,Category,full,0.08449868627493336
Posterior_Cingulate,sub-07,Category,full,0.04463147721998215
Posterior_Cingulate,sub-08,Category,full,0.038728616834972994
Posterior_Cingulate,sub-09,Category,full,0.12107555156643181
Posterior_Cingulate,sub-10,Category,full,0.09166096779620801
Posterior_Cingulate,sub-11,Category,full,-0.002479446575551225
Posterior_Cingulate,sub-12,Category,full,0.10728997679481943
Posterior_Cingulate,sub-13,Category,full,0.05244649878818887
Posterior_Cingulate,sub-14,Category,full,0.04828189410018254
Posterior_Cingulate,sub-15,Category,full,0.06802808756568937
Posterior_Cingulate,sub-16,Category,full,0.07325225983761881
Posterior_Cingulate,sub-17,Category,full,0.024908452658331536
Posterior_Cingulate,sub-18,Category,full,0.05482055341465865
Posterior_Cingulate,sub-19,Category,full,0.07576904261954907
Posterior_Cingulate,sub-20,Category,full,0.013551626525021955
Posterior_Cingulate,sub-01,Category,semipartial,0.0389602380637091
Posterior_Cingulate,sub-02,Category,semipartial,0.05966769739871822
Posterior_Cingulate,sub-03,Category,semipartial,-0.003653071759037012
Posterior_Cingulate,sub-04,Category,semipartial,0.022194632727399213
Posterior_Cingulate,sub-05,Category,semipartial,0.07618839760889852
Posterior_Cingulate,sub-06,Category,semipartial,0.08425015845445735
Posterior_Cingulate,sub-07,Category,semipartial,0.044166968578852536
Posterior_Cingulate,sub-08,Category,semipartial,0.026835445076424463
Posterior_Cingulate,sub-09,Category,semipartial,0.09480061979159134
Posterior_Cingulate,sub-10,Category,semipartial,0.08989279869075319
Posterior_Cingulate,sub-11,Category,semipartial,-0.011491885807425148
Posterior_Cingulate,sub-12,Category,semipartial,0.11347586053761964
Posterior_Cingulate,sub-13,Category,semipartial,0.03166761975909716
Posterior_Cingulate,sub-14,Category,semipartial,0.060328554806774924
Posterior_Cingulate,sub-15,Category,semipartial,0.03574402548322166
Posterior_Cingulate,sub-16,Category,semipartial,0.06535342156653423
Posterior_Cingulate,sub-17,Category,semipartial,0.02631677465826761
Posterior_Cingulate,sub-18,Category,semipartial,0.004817849405419855
Posterior_Cingulate,sub-19,Category,semipartial,0.06951667749568227
Posterior_Cingulate,sub-20,Category,semipartial,0.03451249853797591
Posterior_Cingulate,sub-01,Gist,full,-0.00543629105824058
Posterior_Cingulate,sub-02,Gist,full,0.05120992563490792
Posterior_Cingulate,sub-03,Gist,full,-0.01504975284338486
Posterior_Cingulate,sub-04,Gist,full,-0.01911763927987726
Posterior_Cingulate,sub-05,Gist,full,0.008206679003971741
Posterior_Cingulate,sub-06,Gist,full,-0.015503360550008375
Posterior_Cingulate,sub-07,Gist,full,0.015768099861032482
Posterior_Cingulate,sub-08,Gist,full,-0.06959101645372391
Posterior_Cingulate,sub-09,Gist,full,0.1584862056503883
Posterior_Cingulate,sub-10,Gist,full,-0.01777994102216026
Posterior_Cingulate,sub-11,Gist,full,-0.11549839195581513
Posterior_Cingulate,sub-12,Gist,full,0.00821356709730519
Posterior_Cingulate,sub-13,Gist,full,0.06942192164815747
Posterior_Cingulate,sub-14,Gist,full,-0.018704259468476314
Posterior_Cingulate,sub-15,Gist,full,-0.013595007820489585
Posterior_Cingulate,sub-16,Gist,full,0.026229416091338865
Posterior_Cingulate,sub-17,Gist,full,0.03048468104713586
Posterior_Cingulate,sub-18,Gist,full,0.1003425043528114
Posterior_Cingulate,sub-19,Gist,full,-0.012812981788310586
Posterior_Cingulate,sub-20,Gist,full,0.05902043304570839
Posterior_Cingulate,sub-01,Gist,semipartial,-0.002804794991899005
Posterior_Cingulate,sub-02,Gist,semipartial,0.05430675727217693
Posterior_Cingulate,sub-03,Gist,semipartial,-0.013841078390828767
Posterior_Cingulate,sub-04,Gist,semipartial,-0.018178732906689428
Posterior_Cingulate,sub-05,Gist,semipartial,0.01264056462923253
Posterior_Cingulate,sub-06,Gist,semipartial,-0.012505204913722603
Posterior_Cingulate,sub-07,Gist,semipartial,0.01738238558505977
Posterior_Cingulate,sub-08,Gist,semipartial,-0.06813196053404258
Posterior_Cingulate,sub-09,Gist,semipartial,0.16331882999049432
Posterior_Cingulate,sub-10,Gist,semipartial,-0.014509172412383118
Posterior_Cingulate,sub-11,Gist,semipartial,-0.11559623939951603
Posterior_Cingulate,sub-12,Gist,semipartial,0.011966291531822567
Posterior_Cingulate,sub-13,Gist,semipartial,0.07163866541901605
Posterior_Cingulate,sub-14,Gist,semipartial,-0.01716090203053504
Posterior_Cingulate,sub-15,Gist,semipartial,-0.010764106361871792
Posterior_Cingulate,sub-16,Gist,semipartial,0.028972337020762535
Posterior_Cingulate,sub-17,Gist,semipartial,0.03138769746549759
Posterior_Cingulate,sub-18,Gist,semipartial,0.10305894677488706
Posterior_Cingulate,sub-19,Gist,semipartial,-0.010044746783133777
Posterior_Cingulate,sub-20,Gist,semipartial,0.059295044486484115
Anterior_Cingulate_and_Medial_Prefrontal,sub-01,Animacy,full,-0.01799711994345221
Anterior_Cingulate_and_Medial_Prefrontal,sub-02,Animacy,full,0.030852175339801995
Anterior_Cingulate_and_Medial_Prefrontal,sub-03,Animacy,full,0.05268955973463983
Anterior_Cingulate_and_Medial_Prefrontal,sub-04,Animacy,full,0.06375762752815474
Anterior_Cingulate_and_Medial_Prefrontal,sub-05,Animacy,full,0.08344438365779497
Anterior_Cingulate_and_Medial_Prefrontal,sub-06,Animacy,full,0.007526340875861539
Anterior_Cingulate_and_Medial_Prefrontal,sub-07,Animacy,full,-0.017266040113675843
Anterior_Cingulate_and_Medial_Prefrontal,sub-08,Animacy,full,0.050841340019367576
Anterior_Cingulate_and_Medial_Prefrontal,sub-09,Animacy,full,0.05222940686027467
Anterior_Cingulate_and_Medial_Prefrontal,sub-10,Animacy,full,0.013423964610314471
Anterior_Cingulate_and_Medial_Prefrontal,sub-11,Animacy,full,0.039708284041669574
Anterior_Cingulate_and_Medial_Prefrontal,sub-12,Animacy,full,0.08229572382831088
Anterior_Cingulate_and_Medial_Prefrontal,sub-13,Animacy,full,0.00040076265451820356
Anterior_Cingulate_and_Medial_Prefrontal,sub-14,Animacy,full,-0.03831178967069821
Anterior_Cingulate_and_Medial_Prefrontal,sub-15,Animacy,full,0.028589927359461934
Anterior_Cingulate_and_Medial_Prefrontal,sub-16,Animacy,full,0.002805716247361794
Anterior_Cingulate_and_Medial_Prefrontal,sub-17,Animacy,full,0.03664986620175404
Anterior_Cingulate_and_Medial_Prefrontal,sub-18,Animacy,full,0.1059046327075199
Anterior_Cingulate_and_Medial_Prefrontal,sub-19,Animacy,full,0.06999895440913662
Anterior_Cingulate_and_Medial_Prefrontal,sub-20,Animacy,full,0.03665535280777034
Anterior_Cingulate_and_Medial_Prefrontal,sub-01,Animacy,semipartial,-0.030794851015739262
Anterior_Cingulate_and_Medial_Prefrontal,sub-02,Animacy,semipartial,0.025813455191784806
Anterior_Cingulate_and_Medial_Prefrontal,sub-03,Animacy,semipartial,0.04800982113644989
Anterior_Cingulate_and_Medial_Prefrontal,sub-04,Animacy,semipartial,0.05496986772943293
Anterior_Cingulate_and_Medial_Prefrontal,sub-05,Animacy,semipartial,0.06403353070658897
Anterior_Cingulate_and_Medial_Prefrontal,sub-06,Animacy,semipartial,-0.0019425509904510722
Anterior_Cingulate_and_Medial_Prefrontal,sub-07,Animacy,semipartial,-0.019212208547085868
Anterior_Cingulate_and_Medial_Prefrontal,sub-08,Animacy,semipartial,0.04663702827181266
Anterior_Cingulate_and_Medial_Prefrontal,sub-09,Animacy,semipartial,0.029720780490412886
Anterior_Cingulate_and_Medial_Prefrontal,sub-10,Animacy,semipartial,-0.004624568146329105
Anterior_Cingulate_and_Medial_Prefrontal,sub-11,Animacy,semipartial,0.04022467435139812
Anterior_Cingulate_and_Medial_Prefrontal,sub-12,Animacy,semipartial,0.04697467774919231
Anterior_Cingulate_and_Medial_Prefrontal,sub-13,Animacy,semipartial,0.00410989463254322
Anterior_Cingulate_and_Medial_Prefrontal,sub-14,Animacy,semipartial,-0.030751058259007414
Anterior_Cingulate_and_Medial_Prefrontal,sub-15,Animacy,semipartial,0.033116020241024384
Anterior_Cingulate_and_Medial_Prefrontal,sub-16,Animacy,semipartial,0.008907835960903573
Anterior_Cingulate_and_Medial_Prefrontal,sub-17,Animacy,semipartial,0.03546672225402517
Anterior_Cingulate_and_Medial_Prefrontal,sub-18,Animacy,semipartial,0.08718763757860223
Anterior_Cingulate_and_Medial_Prefrontal,sub-19,Animacy,semipartial,0.060221017712538
Anterior_Cingulate_and_Medial_Prefrontal,sub-20,Animacy,semipartial,0.05036460227810414
Anterior_Cingulate_and_Medial_Prefrontal,sub-01,Category,full,0.03420239234895288
Anterior_Cingulate_and_Medial_Prefrontal,sub-02,Category,full,0.019733365513372715
Anterior_Cingulate_and_Medial_Prefrontal,sub-03,Category,full,0.022152152484795264
Anterior_Cingulate_and_Medial_Prefrontal,sub-04,Category,full,0.03627494217716781
Anterior_Cingulate_and_Medial_Prefrontal,sub-05,Category,full,0.0712892802720103
Anterior_Cingulate_and_Medial_Prefrontal,sub-06,Category,full,0.028636516830244724
Anterior_Cingulate_and_Medial_Prefrontal,sub-07,Category,full,0.0019862392699177157
Anterior_Cingulate_and_Medial_Prefrontal,sub-08,Category,full,0.019816619088942326
Anterior_Cingulate_and_Medial_Prefrontal,sub-09,Category,full,0.07393976887001365
Anterior_Cingulate_and_Medial_Prefrontal,sub-10,Category,full,0.054311112788812586
Anterior_Cingulate_and_Medial_Prefrontal,sub-11,Category,full,0.004192532494405839
Anterior_Cingulate_and_Medial_Prefrontal,sub-12,Category,full,0.11668344840133732
Anterior_Cingulate_and_Medial_Prefrontal,sub-13,Category,full,-0.010611580006954629
Anterior_Cingulate_and_Medial_Prefrontal,sub-14,Category,full,-0.027689963277749557
Anterior_Cingulate_and_Medial_Prefrontal,sub-15,Category,full,-0.008033082539754995
Anterior_Cingulate_and_Medial_Prefrontal,sub-16,Category,full,-0.01779491429814541
Anterior_Cingulate_and_Medial_Prefrontal,sub-17,Category,full,0.008778631687906536
Anterior_Cingulate_and_Medial_Prefrontal,sub-18,Category,full,0.0726270630372566
Anterior_Cingulate_and_Medial_Prefrontal,sub-19,Category,full,0.03972408141586678
Anterior_Cingulate_and_Medial_Prefrontal,sub-20,Category,full,-0.033366489842579006
Anterior_Cingulate_and_Medial_Prefrontal,sub-01,Category,semipartial,0.04236208161275226
Anterior_Cingulate_and_Medial_Prefrontal,sub-02,Category,semipartial,0.01005837284693979
Anterior_Cingulate_and_Medial_Prefrontal,sub-03,Category,semipartial,0.004602804798215164
Anterior_Cingulate_and_Medial_Prefrontal,sub-04,Category,semipartial,0.016609908625195152
Anterior_Cingulate_and_Medial_Prefrontal,sub-05,Category,semipartial,0.04910527419740368
Anterior_Cingulate_and_Medial_Prefrontal,sub-06,Category,semipartial,0.027286159702159102
Anterior_Cingulate_and_Medial_Prefrontal,sub-07,Category,semipartial,0.005935422609532288
Anterior_Cingulate_and_Medial_Prefrontal,sub-08,Category,semipartial,0.0010445813212770676
Anterior_Cingulate_and_Medial_Prefrontal,sub-09,Category,semipartial,0.05959788823692337
Anterior_Cingulate_and_Medial_Prefrontal,sub-10,Category,semipartial,0.05172157205531988
Anterior_Cingulate_and_Medial_Prefrontal,sub-11,Category,semipartial,-0.011749208121292815
Anterior_Cingulate_and_Medial_Prefrontal,sub-12,Category,semipartial,0.09570364666340625
Anterior_Cingulate_and_Medial_Prefrontal,sub-13,Category,semipartial,-0.011076451957769493
Anterior_Cingulate_and_Medial_Prefrontal,sub-14,Category,semipartial,-0.01423921429657624
Anterior_Cingulate_and_Medial_Prefrontal,sub-15,Category,semipartial,-0.017398358544441495
Anterior_Cingulate_and_Medial_Prefrontal,sub-16,Category,semipartial,-0.021179701186344727
Anterior_Cingulate_and_Medial_Prefrontal,sub-17,Category,semipartial,-0.005430249923973722
Anterior_Cingulate_and_Medial_Prefrontal,sub-18,Category,semipartial,0.04172643444244276
Anterior_Cingulate_and_Medial_Prefrontal,sub-19,Category,semipartial,0.016844619152812667
Anterior_Cingulate_and_Medial_Prefrontal,sub-20,Category,semipartial,-0.046912759176902255
Anterior_Cingulate_and_Medial_Prefrontal,sub-01,Gist,full,-0.0003756621961255838
Anterior_Cingulate_and_Medial_Prefrontal,sub-02,Gist,full,-0.006613823011641181
Anterior_Cingulate_and_Medial_Prefrontal,sub-03,Gist,full,-0.022067830137398388
Anterior_Cingulate_and_Medial_Prefrontal,sub-04,Gist,full,0.004230988874172007
Anterior_Cingulate_and_Medial_Prefrontal,sub-05,Gist,full,0.07129758690445305
Anterior_Cingulate_and_Medial_Prefrontal,sub-06,Gist,full,-0.012951142060341665
Anterior_Cingulate_and_Medial_Prefrontal,sub-07,Gist,full,-0.06365128148788522
Anterior_Cingulate_and_Medial_Prefrontal,sub-08,Gist,full,-0.07426496964105068
Anterior_Cingulate_and_Medial_Prefrontal,sub-09,Gist,full,-0.020830125587276174
Anterior_Cingulate_and_Medial_Prefrontal,sub-10,Gist,full,-0.03428287946554156
Anterior_Cingulate_and_Medial_Prefrontal,sub-11,Gist,full,-0.07693866700200747
Anterior_Cingulate_and_Medial_Prefrontal,sub-12,Gist,full,0.015904880699901022
Anterior_Cingulate_and_Medial_Prefrontal,sub-13,Gist,full,0.00876872308248519
Anterior_Cingulate_and_Medial_Prefrontal,sub-14,Gist,full,0.0573588536861553
Anterior_Cingulate_and_Medial_Prefrontal,sub-15,Gist,full,0.02809739510037967
Anterior_Cingulate_and_Medial_Prefrontal,sub-16,Gist,full,-0.04203091246492576
Anterior_Cingulate_and_Medial_Prefrontal,sub-17,Gist,full,-0.06435049765754479
Anterior_Cingulate_and_Medial_Prefrontal,sub-18,Gist,full,0.0387070435247458
Anterior_Cingulate_and_Medial_Prefrontal,sub-19,Gist,full,-0.03425481970697196
Anterior_Cingulate_and_Medial_Prefrontal,sub-20,Gist,full,0.029994248204628027
Anterior_Cingulate_and_Medial_Prefrontal,sub-01,Gist,semipartial,0.0007366687871331733
Anterior_Cingulate_and_Medial_Prefrontal,sub-02,Gist,semipartial,-0.0057915360654809895
Anterior_Cingulate_and_Medial_Prefrontal,sub-03,Gist,semipartial,-0.021073635427190596
Anterior_Cingulate_and_Medial_Prefrontal,sub-04,Gist,semipartial,0.005785095118338328
Anterior_Cingulate_and_Medial_Prefrontal,sub-05,Gist,semipartial,0.07420636785475775
Anterior_Cingulate_and_Medial_Prefrontal,sub-06,Gist,semipartial,-0.01192702276079256
Anterior_Cingulate_and_Medial_Prefrontal,sub-07,Gist,semipartial,-0.06370196325460135
Anterior_Cingulate_and_Medial_Prefrontal,sub-08,Gist,semipartial,-0.07339547162178248
Anterior_Cingulate_and_Medial_Prefrontal,sub-09,Gist,semipartial,-0.01803042273115888
Anterior_Cingulate_and_Medial_Prefrontal,sub-10,Gist,semipartial,-0.03235088280904201
Anterior_Cingulate_and_Medial_Prefrontal,sub-11,Gist,semipartial,-0.07666593722770408
Anterior_Cingulate_and_Medial_Prefrontal,sub-12,Gist,semipartial,0.02035513280466807
Anterior_Cingulate_and_Medial_Prefrontal,sub-13,Gist,semipartial,0.008406175753302917
Anterior_Cingulate_and_Medial_Prefrontal,sub-14,Gist,semipartial,0.05625951126714016
Anterior_Cingulate_and_Medial_Prefrontal,sub-15,Gist,semipartial,0.027964071369313566
Anterior_Cingulate_and_Medial_Prefrontal,sub-16,Gist,semipartial,-0.04266728829335034
Anterior_Cingulate_and_Medial_Prefrontal,sub-17,Gist,semipartial,-0.0639230519818621
Anterior_Cingulate_and_Medial_Prefrontal,sub-18,Gist,semipartial,0.041741341457778455
Anterior_Cingulate_and_Medial_Prefrontal,sub-19,Gist,semipartial,-0.03257816740610808
Anterior_Cingulate_and_Medial_Prefrontal,sub-20,Gist,semipartial,0.02901451936473022
Orbital_and_Polar_Frontal,sub-01,Animacy,full,0.05269731933365471
Orbital_and_Polar_Frontal,sub-02,Animacy,full,0.041658474127372884
Orbital_and_Polar_Frontal,sub-03,Animacy,full,0.014022955525854522
Orbital_and_Polar_Frontal,sub-04,Animacy,full,0.061568844595451575
Orbital_and_Polar_Frontal,sub-05,Animacy,full,0.004750159070239417
Orbital_and_Polar_Frontal,sub-06,Animacy,full,-0.09369237446473341
Orbital_and_Polar_Frontal,sub-07,Animacy,full,0.005973826583181547
Orbital_and_Polar_Frontal,sub-08,Animacy,full,0.08830133667704156
Orbital_and_Polar_Frontal,sub-09,Animacy,full,0.03140884985899443
Orbital_and_Polar_Frontal,sub-10,Animacy,full,0.025865606691422276
Orbital_and_Polar_Frontal,sub-11,Animacy,full,0.0508628530901612
Orbital_and_Polar_Frontal,sub-12,Animacy,full,0.1319704555938213
Orbital_and_Polar_Frontal,sub-13,Animacy,full,-0.011857077203710015
Orbital_and_Polar_Frontal,sub-14,Animacy,full,-0.0476172954258161
Orbital_and_Polar_Frontal,sub-15,Animacy,full,-0.05910838384636849
Orbital_and_Polar_Frontal,sub-16,Animacy,full,0.08479610489128543
Orbital_and_Polar_Frontal,sub-17,Animacy,full,-0.017106502349022244
Orbital_and_Polar_Frontal,sub-18,Animacy,full,0.022410170293964624
Orbital_and_Polar_Frontal,sub-19,Animacy,full,-0.03299499627280528
Orbital_and_Polar_Frontal,sub-20,Animacy,full,-0.016395969002042488
Orbital_and_Polar_Frontal,sub-01,Animacy,semipartial,0.0559791651728828
Orbital_and_Polar_Frontal,sub-02,Animacy,semipartial,0.03210311113321128
Orbital_and_Polar_Frontal,sub-03,Animacy,semipartial,-0.011485427528194524
Orbital_and_Polar_Frontal,sub-04,Animacy,semipartial,0.07660849507307341
Orbital_and_Polar_Frontal,sub-05,Animacy,semipartial,-0.015198499189630626
Orbital_and_Polar_Frontal,sub-06,Animacy,semipartial,-0.10642002731528921
Orbital_and_Polar_Frontal,sub-07,Animacy,semipartial,0.0015521934425645324
Orbital_and_Polar_Frontal,sub-08,Animacy,semipartial,0.09329690592983768
Orbital_and_Polar_Frontal,sub-09,Animacy,semipartial,0.023603529289506972
Orbital_and_Polar_Frontal,sub-10,Animacy,semipartial,0.018504198113244705
Orbital_and_Polar_Frontal,sub-11,Animacy,semipartial,0.0619931961484295
Orbital_and_Polar_Frontal,sub-12,Animacy,semipartial,0.1300113913289856
Orbital_and_Polar_Frontal,sub-13,Animacy,semipartial,-0.028685745100176917
Orbital_and_Polar_Frontal,sub-14,Animacy,semipartial,-0.059750276173919786
Orbital_and_Polar_Frontal,sub-15,Animacy,semipartial,-0.060500784810980736
Orbital_and_Polar_Frontal,sub-16,Animacy,semipartial,0.07462858676048796
Orbital_and_Polar_Frontal,sub-17,Animacy,semipartial,-0.005712276601166256
Orbital_and_Polar_Frontal,sub-18,Animacy,semipartial,0.019925910544579796
Orbital_and_Polar_Frontal,sub-19,Animacy,semipartial,-0.04899914664568809
Orbital_and_Polar_Frontal,sub-20,Animacy,semipartial,-0.004204278478199277
Orbital_and_Polar_Frontal,sub-01,Category,full,-0.0007137396065216256
Orbital_and_Polar_Frontal,sub-02,Category,full,0.034130421891077414
Orbital_and_Polar_Frontal,sub-03,Category,full,0.07662824302549003
Orbital_and_Polar_Frontal,sub-04,Category,full,-0.03279574282005861
Orbital_and_Polar_Frontal,sub-05,Category,full,0.05822536512898611
Orbital_and_Polar_Frontal,sub-06,Category,full,0.022153657148444906
Orbital_and_Polar_Frontal,sub-07,Category,full,0.01449024789067388
Orbital_and_Polar_Frontal,sub-08,Category,full,-0.0007331970329066138
Orbital_and_Polar_Frontal,sub-09,Category,full,0.02813118350113685
Orbital_and_Polar_Frontal,sub-10,Category,full,0.0247231266866928
Orbital_and_Polar_Frontal,sub-11,Category,full,-0.02484765391541388
Orbital_and_Polar_Frontal,sub-12,Category,full,0.027290069526916337
Orbital_and_Polar_Frontal,sub-13,Category,full,0.04702573476266595
Orbital_and_Polar_Frontal,sub-14,Category,full,0.026484063243292406
Orbital_and_Polar_Frontal,sub-15,Category,full,-0.006745891439122808
Orbital_and_Polar_Frontal,sub-16,Category,full,0.043889017184256994
Orbital_and_Polar_Frontal,sub-17,Category,full,-0.03489750862348372
Orbital_and_Polar_Frontal,sub-18,Category,full,0.01075505484024811
Orbital_and_Polar_Frontal,sub-19,Category,full,0.04091467623284423
Orbital_and_Polar_Frontal,sub-20,Category,full,-0.038012677051803195
Orbital_and_Polar_Frontal,sub-01,Category,semipartial,-0.01882784060657747
Orbital_and_Polar_Frontal,sub-02,Category,semipartial,0.020117273375089288
Orbital_and_Polar_Frontal,sub-03,Category,semipartial,0.07652708388586371
Orbital_and_Polar_Frontal,sub-04,Category,semipartial,-0.05414384131616593
Orbital_and_Polar_Frontal,sub-05,Category,semipartial,0.058414742015630065
Orbital_and_Polar_Frontal,sub-06,Category,semipartial,0.05781843710042959
Orbital_and_Polar_Frontal,sub-07,Category,semipartial,0.014969847224953634
Orbital_and_Polar_Frontal,sub-08,Category,semipartial,-0.033739070316569884
Orbital_and_Polar_Frontal,sub-09,Category,semipartial,0.01944555334758279
Orbital_and_Polar_Frontal,sub-10,Category,semipartial,0.01456159612164851
Orbital_and_Polar_Frontal,sub-11,Category,semipartial,-0.04641485907264924
Orbital_and_Polar_Frontal,sub-12,Category,semipartial,-0.017778756728202255
Orbital_and_Polar_Frontal,sub-13,Category,semipartial,0.05401682763382546
Orbital_and_Polar_Frontal,sub-14,Category,semipartial,0.042155214704581064
Orbital_and_Polar_Frontal,sub-15,Category,semipartial,0.010751016719373941
Orbital_and_Polar_Frontal,sub-16,Category,semipartial,0.017654794141384732
Orbital_and_Polar_Frontal,sub-17,Category,semipartial,-0.02810099700759661
Orbital_and_Polar_Frontal,sub-18,Category,semipartial,0.0030927551428258804
Orbital_and_Polar_Frontal,sub-19,Category,semipartial,0.054342072820260406
Orbital_and_Polar_Frontal,sub-20,Category,semipartial,-0.034089022387376065
Orbital_and_Polar_Frontal,sub-01,Gist,full,0.001156184380176287
Orbital_and_Polar_Frontal,sub-02,Gist,full,-0.05088406316567586
Orbital_and_Polar_Frontal,sub-03,Gist,full,0.008081471799844525
Orbital_and_Polar_Frontal,sub-04,Gist,full,0.052033754797237895
Orbital_and_Polar_Frontal,sub-05,Gist,full,-0.04729875728138342
Orbital_and_Polar_Frontal,sub-06,Gist,full,0.06601245310138584
Orbital_and_Polar_Frontal,sub-07,Gist,full,0.05124784037715922
Orbital_and_Polar_Frontal,sub-08,Gist,full,-0.07929467919468772
Orbital_and_Polar_Frontal,sub-09,Gist,full,0.0143846042168009
Orbital_and_Polar_Frontal,sub-10,Gist,full,-0.08208686191371457
Orbital_and_Polar_Frontal,sub-11,Gist,full,-0.08011758198099014
Orbital_and_Polar_Frontal,sub-12,Gist,full,-0.0393751815030928
Orbital_and_Polar_Frontal,sub-13,Gist,full,0.005584275796320533
Orbital_and_Polar_Frontal,sub-14,Gist,full,-0.06765701713901047
Orbital_and_Polar_Frontal,sub-15,Gist,full,-0.07350744774268436
Orbital_and_Polar_Frontal,sub-16,Gist,full,0.010865496770160951
Orbital_and_Polar_Frontal,sub-17,Gist,full,0.08924964664001696
Orbital_and_Polar_Frontal,sub-18,Gist,full,-0.017738323936321673
Orbital_and_Polar_Frontal,sub-19,Gist,full,-0.008759957335571666
Orbital_and_Polar_Frontal,sub-20,Gist,full,0.01506392835225975
Orbital_and_Polar_Frontal,sub-01,Gist,semipartial,0.0013682220122875665
Orbital_and_Polar_Frontal,sub-02,Gist,semipartial,-0.04954069755514264
Orbital_and_Polar_Frontal,sub-03,Gist,semipartial,0.010823094668472278
Orbital_and_Polar_Frontal,sub-04,Gist,semipartial,0.05120033830684689
Orbital_and_Polar_Frontal,sub-05,Gist,semipartial,-0.045277784781417495
Orbital_and_Polar_Frontal,sub-06,Gist,semipartial,0.06640963327889923
Orbital_and_Polar_Frontal,sub-07,Gist,semipartial,0.05181443873271128
Orbital_and_Polar_Frontal,sub-08,Gist,semipartial,-0.07897760162629944
Orbital_and_Polar_Frontal,sub-09,Gist,semipartial,0.015516418203299555
Orbital_and_Polar_Frontal,sub-10,Gist,semipartial,-0.08116335218218151
Orbital_and_Polar_Frontal,sub-11,Gist,semipartial,-0.08081013055026458
Orbital_and_Polar_Frontal,sub-12,Gist,semipartial,-0.03785802098733636
Orbital_and_Polar_Frontal,sub-13,Gist,semipartial,0.0071754869657229105
Orbital_and_Polar_Frontal,sub-14,Gist,semipartial,-0.06699173115378772
Orbital_and_Polar_Frontal,sub-15,Gist,semipartial,-0.07405688580305625
Orbital_and_Polar_Frontal,sub-16,Gist,semipartial,0.01278396392404875
Orbital_and_Polar_Frontal,sub-17,Gist,semipartial,0.08801522570371881
Orbital_and_Polar_Frontal,sub-18,Gist,semipartial,-0.017274546199752477
Orbital_and_Polar_Frontal,sub-19,Gist,semipartial,-0.007486275916177468
Orbital_and_Polar_Frontal,sub-20,Gist,semipartial,0.013674362484382476
Inferior_Frontal,sub-01,Animacy,full,0.045779652890644354
Inferior_Frontal,sub-02,Animacy,full,0.10087489485573983
Inferior_Frontal,sub-03,Animacy,full,0.06631356338399746
Inferior_Frontal,sub-04,Animacy,full,0.14967427879675893
Inferior_Frontal,sub-05,Animacy,full,0.01835554909619352
Inferior_Frontal,sub-06,Animacy,full,0.04133809572947406
Inferior_Frontal,sub-07,Animacy,full,-0.04067613105370375
Inferior_Frontal,sub-08,Animacy,full,0.16515513678663515
Inferior_Frontal,sub-09,Animacy,full,0.04262910560673289
Inferior_Frontal,sub-10,Animacy,full,0.03480220274978231
Inferior_Frontal,sub-11,Animacy,full,0.011791313110521501
Inferior_Frontal,sub-12,Animacy,full,0.0047255590543288034
Inferior_Frontal,sub-13,Animacy,full,0.04594319950909151
Inferior_Frontal,sub-14,Animacy,full,-0.07783036791626775
Inferior_Frontal,sub-15,Animacy,full,0.11036374736889076
Inferior_Frontal,sub-16,Animacy,full,0.07945153751072084
Inferior_Frontal,sub-17,Animacy,full,0.0629145486133311
Inferior_Frontal,sub-18,Animacy,full,0.13564280478630786
Inferior_Frontal,sub-19,Animacy,full,-0.04107895992953122
Inferior_Frontal,sub-20,Animacy,full,-0.07038630574546498
Inferior_Frontal,sub-01,Animacy,semipartial,0.04620634552426462
Inferior_Frontal,sub-02,Animacy,semipartial,0.08624454926452146
Inferior_Frontal,sub-03,Animacy,semipartial,0.05454741407592088
Inferior_Frontal,sub-04,Animacy,semipartial,0.1500570576425956
Inferior_Frontal,sub-05,Animacy,semipartial,0.008081320654525326
Inferior_Frontal,sub-06,Animacy,semipartial,0.020282115490799616
Inferior_Frontal,sub-07,Animacy,semipartial,-0.05528191651308172
Inferior_Frontal,sub-08,Animacy,semipartial,0.17987834455106122
Inferior_Frontal,sub-09,Animacy,semipartial,0.02890561766755122
Inferior_Frontal,sub-10,Animacy,semipartial,0.015077115562339203
Inferior_Frontal,sub-11,Animacy,semipartial,0.016723510024965225
Inferior_Frontal,sub-12,Animacy,semipartial,-0.03656045577017608
Inferior_Frontal,sub-13,Animacy,semipartial,0.011049783467559988
Inferior_Frontal,sub-14,Animacy,semipartial,-0.1036177851199863
Inferior_Frontal,sub-15,Animacy,semipartial,0.10493737889483211
Inferior_Frontal,sub-16,Animacy,semipartial,0.06834102096893885
Inferior_Frontal,sub-17,Animacy,semipartial,0.04619738390569732
Inferior_Frontal,sub-18,Animacy,semipartial,0.136072396220747
Inferior_Frontal,sub-19,Animacy,semipartial,-0.051206304289915114
Inferior_Frontal,sub-20,Animacy,semipartial,-0.05110639644609909
Inferior_Frontal,sub-01,Category,full,0.00513720494444821
Inferior_Frontal,sub-02,Category,full,0.05938035948481327
Inferior_Frontal,sub-03,Category,full,0.04456391145857092
Inferior_Frontal,sub-04,Category,full,0.023066997071639103
Inferior_Frontal,sub-05,Category,full,0.031669613220375065
Inferior_Frontal,sub-06,Category,full,0.0684305897174711
Inferior_Frontal,sub-07,Category,full,0.03562156704955036
Inferior_Frontal,sub-08,Category,full,-0.01689243234453627
Inferior_Frontal,sub-09,Category,full,0.04647246718912794
Inferior_Frontal,sub-10,Category,full,0.061870384854730814
Inferior_Frontal,sub-11,Category,full,-0.0124770311192288
Inferior_Frontal,sub-12,Category,full,0.12180514617278598
Inferior_Frontal,sub-13,Category,full,0.10881158156282467
Inferior_Frontal,sub-14,Category,full,0.06285844059009486
Inferior_Frontal,sub-15,Category,full,0.03472224922769894
Inferior_Frontal,sub-16,Category,full,0.04448208045891499
Inferior_Frontal,sub-17,Category,full,0.05851914200301952
Inferior_Frontal,sub-18,Category,full,0.022490592381667316
Inferior_Frontal,sub-19,Category,full,0.023110692651691238
Inferior_Frontal,sub-20,Category,full,-0.06751928437430148
Inferior_Frontal,sub-01,Category,semipartial,-0.013724239713427573
Inferior_Frontal,sub-02,Category,semipartial,0.02804598930125719
Inferior_Frontal,sub-03,Category,semipartial,0.022360905935315638
Inferior_Frontal,sub-04,Category,semipartial,-0.02933326421814588
Inferior_Frontal,sub-05,Category,semipartial,0.02377548418210104
Inferior_Frontal,sub-06,Category,semipartial,0.05894964512618739
Inferior_Frontal,sub-07,Category,semipartial,0.05153807967328262
Inferior_Frontal,sub-08,Category,semipartial,-0.07919523092511688
Inferior_Frontal,sub-09,Category,semipartial,0.03299807796536949
Inferior_Frontal,sub-10,Category,semipartial,0.049983762393361185
Inferior_Frontal,sub-11,Category,semipartial,-0.01753798210000152
Inferior_Frontal,sub-12,Category,semipartial,0.12979353770594224
Inferior_Frontal,sub-13,Category,semipartial,0.09840570765916498
Inferior_Frontal,sub-14,Category,semipartial,0.09562688051795495
Inferior_Frontal,sub-15,Category,semipartial,8.850533296656405e-05
Inferior_Frontal,sub-16,Category,semipartial,0.016760922830634177
Inferior_Frontal,sub-17,Category,semipartial,0.03863079166291127
Inferior_Frontal,sub-18,Category,semipartial,-0.020018386793876745
Inferior_Frontal,sub-19,Category,semipartial,0.03999210319889434
Inferior_Frontal,sub-20,Category,semipartial,-0.046381189408848514
Inferior_Frontal,sub-01,Gist,full,-0.10385255726933118
Inferior_Frontal,sub-02,Gist,full,-0.00350655753804727
Inferior_Frontal,sub-03,Gist,full,-0.060661968732010775
Inferior_Frontal,sub-04,Gist,full,-0.06973607807016793
Inferior_Frontal,sub-05,Gist,full,-0.10382292609735089
Inferior_Frontal,sub-06,Gist,full,0.022750356280723975
Inferior_Frontal,sub-07,Gist,full,-0.0040079483797490585
Inferior_Frontal,sub-08,Gist,full,-0.1382569711907435
Inferior_Frontal,sub-09,Gist,full,-0.04617541270182008
Inferior_Frontal,sub-10,Gist,full,-0.10669088733292466
Inferior_Frontal,sub-11,Gist,full,-0.008599656192687792
Inferior_Frontal,sub-12,Gist,full,0.07687577528010912
Inferior_Frontal,sub-13,Gist,full,-0.028413597193074906
Inferior_Frontal,sub-14,Gist,full,0.0717829053962137
Inferior_Frontal,sub-15,Gist,full,0.03874856259436261
Inferior_Frontal,sub-16,Gist,full,-0.09091570792019174
Inferior_Frontal,sub-17,Gist,full,-0.050484456435381055
Inferior_Frontal,sub-18,Gist,full,0.08491225484716056
Inferior_Frontal,sub-19,Gist,full,0.04306847805046925
Inferior_Frontal,sub-20,Gist,full,0.02638100538836577
Inferior_Frontal,sub-01,Gist,semipartial,-0.10353767328107726
Inferior_Frontal,sub-02,Gist,semipartial,-0.0009851966608477355
Inferior_Frontal,sub-03,Gist,semipartial,-0.05885065584006639
Inferior_Frontal,sub-04,Gist,semipartial,-0.06830722893714118
Inferior_Frontal,sub-05,Gist,semipartial,-0.10270527396499568
Inferior_Frontal,sub-06,Gist,semipartial,0.025338213947836672
Inferior_Frontal,sub-07,Gist,semipartial,-0.002950173403706513
Inferior_Frontal,sub-08,Gist,semipartial,-0.13819868744987182
Inferior_Frontal,sub-09,Gist,semipartial,-0.044393962451839596
Inferior_Frontal,sub-10,Gist,semipartial,-0.1044478181380578
Inferior_Frontal,sub-11,Gist,semipartial,-0.008987861201809477
Inferior_Frontal,sub-12,Gist,semipartial,0.08119788264069008
Inferior_Frontal,sub-13,Gist,semipartial,-0.024430549973560513
Inferior_Frontal,sub-14,Gist,semipartial,0.07367512279228468
Inferior_Frontal,sub-15,Gist,semipartial,0.040480466642209306
Inferior_Frontal,sub-16,Gist,semipartial,-0.08906861898879562
Inferior_Frontal,sub-17,Gist,semipartial,-0.048194701517175705
Inferior_Frontal,sub-18,Gist,semipartial,0.08636161036566084
Inferior_Frontal,sub-19,Gist,semipartial,0.04371948006085516
Inferior_Frontal,sub-20,Gist,semipartial,0.023727641657012313
Dorsolateral_Prefrontal,sub-01,Animacy,full,-0.03525199132719015
Dorsolateral_Prefrontal,sub-02,Animacy,full,0.08732075561210803
Dorsolateral_Prefrontal,sub-03,Animacy,full,0.08911816136500973
Dorsolateral_Prefrontal,sub-04,Animacy,full,0.14507638687069668
Dorsolateral_Prefrontal,sub-05,Animacy,full,0.14542218844009308
Dorsolateral_Prefrontal,sub-06,Animacy,full,-0.06526262612159264
Dorsolateral_Prefrontal,sub-07,Animacy,full,0.01283114528469412
Dorsolateral_Prefrontal,sub-08,Animacy,full,0.0964831854230635
Dorsolateral_Prefrontal,sub-09,Animacy,full,0.034087007346581884
Dorsolateral_Prefrontal,sub-10,Animacy,full,0.006308900629724124
Dorsolateral_Prefrontal,sub-11,Animacy,full,0.042100601205244344
Dorsolateral_Prefrontal,sub-12,Animacy,full,0.0471307223526403
Dorsolateral_Prefrontal,sub-13,Animacy,full,-0.0004075578374135693
Dorsolateral_Prefrontal,sub-14,Animacy,full,-0.09383781756862469
Dorsolateral_Prefrontal,sub-15,Animacy,full,-0.008872785403002516
Dorsolateral_Prefrontal,sub-16,Animacy,full,0.10716305918310783
Dorsolateral_Prefrontal,sub-17,Animacy,full,0.04438604020668609
Dorsolateral_Prefrontal,sub-18,Animacy,full,0.1425544265722906
Dorsolateral_Prefrontal,sub-19,Animacy,full,0.022904594843895714
Dorsolateral_Prefrontal,sub-20,Animacy,full,-0.004511993264077982
Dorsolateral_Prefrontal,sub-01,Animacy,semipartial,-0.0517194479968281
Dorsolateral_Prefrontal,sub-02,Animacy,semipartial,0.06217538137627856
Dorsolateral_Prefrontal,sub-03,Animacy,semipartial,0.08089611888510163
Dorsolateral_Prefrontal,sub-04,Animacy,semipartial,0.14493014167518206
Dorsolateral_Prefrontal,sub-05,Animacy,semipartial,0.1435283035198438
Dorsolateral_Prefrontal,sub-06,Animacy,semipartial,-0.08142457025513937
Dorsolateral_Prefrontal,sub-07,Animacy,semipartial,-0.00863231929519246
Dorsolateral_Prefrontal,sub-08,Animacy,semipartial,0.08255259650704694
Dorsolateral_Prefrontal,sub-09,Animacy,semipartial,0.016219070416893352
Dorsolateral_Prefrontal,sub-10,Animacy,semipartial,0.009100110302376138
Dorsolateral_Prefrontal,sub-11,Animacy,semipartial,0.022222650904354393
Dorsolateral_Prefrontal,sub-12,Animacy,semipartial,0.017695200649108258
Dorsolateral_Prefrontal,sub-13,Animacy,semipartial,-0.014158662657714498
Dorsolateral_Prefrontal,sub-14,Animacy,semipartial,-0.1097280840408584
Dorsolateral_Prefrontal,sub-15,Animacy,semipartial,-0.006257618678096182
Dorsolateral_Prefrontal,sub-16,Animacy,semipartial,0.10028676442975945
Dorsolateral_Prefrontal,sub-17,Animacy,semipartial,0.04721438165281696
Dorsolateral_Prefrontal,sub-18,Animacy,semipartial,0.12585363256881354
Dorsolateral_Prefrontal,sub-19,Animacy,semipartial,0.013213785991332919
Dorsolateral_Prefrontal,sub-20,Animacy,semipartial,0.01589628024987461
Dorsolateral_Prefrontal,sub-01,Category,full,0.04208451489690318
Dorsolateral_Prefrontal,sub-02,Category,full,0.08830964455368767
Dorsolateral_Prefrontal,sub-03,Category,full,0.038702542907567875
Dorsolateral_Prefrontal,sub-04,Category,full,0.023587402123550254
Dorsolateral_Prefrontal,sub-05,Category,full,0.02937595569542535
Dorsolateral_Prefrontal,sub-06,Category,full,0.03604657826994209
Dorsolateral_Prefrontal,sub-07,Category,full,0.06359412163088299
Dorsolateral_Prefrontal,sub-08,Category,full,0.056011612378207974
Dorsolateral_Prefrontal,sub-09,Category,full,0.05707718174633441
Dorsolateral_Prefrontal,sub-10,Category,full,-0.007619110023656293
Dorsolateral_Prefrontal,sub-11,Category,full,0.06444265091753594
Dorsolateral_Prefrontal,sub-12,Category,full,0.09363242488490522
Dorsolateral_Prefrontal,sub-13,Category,full,0.03981119597576312
Dorsolateral_Prefrontal,sub-14,Category,full,0.03027335450934309
Dorsolateral_Prefrontal,sub-15,Category,full,-0.009577009475227698
Dorsolateral_Prefrontal,sub-16,Category,full,0.03715221471499565
Dorsolateral_Prefrontal,sub-17,Category,full,-0.00038061090101573644
Dorsolateral_Prefrontal,sub-18,Category,full,0.07360416455441848
Dorsolateral_Prefrontal,sub-19,Category,full,0.031633586085644226
Dorsolateral_Prefrontal,sub-20,Category,full,-0.058722046148888804
Dorsolateral_Prefrontal,sub-01,Category,semipartial,0.056890786002780684
Dorsolateral_Prefrontal,sub-02,Category,semipartial,0.06496597953565769
Dorsolateral_Prefrontal,sub-03,Category,semipartial,0.010008012899081323
Dorsolateral_Prefrontal,sub-04,Category,semipartial,-0.027868267257256052
Dorsolateral_Prefrontal,sub-05,Category,semipartial,-0.020127863689725498
Dorsolateral_Prefrontal,sub-06,Category,semipartial,0.06047157640641987
Dorsolateral_Prefrontal,sub-07,Category,semipartial,0.0602787944358298
Dorsolateral_Prefrontal,sub-08,Category,semipartial,0.02438824262195391
Dorsolateral_Prefrontal,sub-09,Category,semipartial,0.04710386351321144
Dorsolateral_Prefrontal,sub-10,Category,semipartial,-0.011720900192199351
Dorsolateral_Prefrontal,sub-11,Category,semipartial,0.05262300833566708
Dorsolateral_Prefrontal,sub-12,Category,semipartial,0.08325996638411436
Dorsolateral_Prefrontal,sub-13,Category,semipartial,0.041966786157393875
Dorsolateral_Prefrontal,sub-14,Category,semipartial,0.06364160098320419
Dorsolateral_Prefrontal,sub-15,Category,semipartial,-0.008387677573001944
Dorsolateral_Prefrontal,sub-16,Category,semipartial,0.0004121663958595754
Dorsolateral_Prefrontal,sub-17,Category,semipartial,-0.014536169811593157
Dorsolateral_Prefrontal,sub-18,Category,semipartial,0.03206183755824294
Dorsolateral_Prefrontal,sub-19,Category,semipartial,0.02458080053494634
Dorsolateral_Prefrontal,sub-20,Category,semipartial,-0.056881490567510705
Dorsolateral_Prefrontal,sub-01,Gist,full,0.007462343029326339
Dorsolateral_Prefrontal,sub-02,Gist,full,0.04655973251682571
Dorsolateral_Prefrontal,sub-03,Gist,full,-0.009550988667798481
Dorsolateral_Prefrontal,sub-04,Gist,full,-0.08991611679570402
Dorsolateral_Prefrontal,sub-05,Gist,full,-0.03734861347309447
Dorsolateral_Prefrontal,sub-06,Gist,full,-0.0029769815708518893
Dorsolateral_Prefrontal,sub-07,Gist,full,-0.07879984917601042
Dorsolateral_Prefrontal,sub-08,Gist,full,-0.05207950071751843
Dorsolateral_Prefrontal,sub-09,Gist,full,-0.04771197292362917
Dorsolateral_Prefrontal,sub-10,Gist,full,-0.04518859005287873
Dorsolateral_Prefrontal,sub-11,Gist,full,-0.03316781854535398
Dorsolateral_Prefrontal,sub-12,Gist,full,0.011694642841848778
Dorsolateral_Prefrontal,sub-13,Gist,full,-0.009008281521638673
Dorsolateral_Prefrontal,sub-14,Gist,full,-0.019403114356125174
Dorsolateral_Prefrontal,sub-15,Gist,full,-0.03951224666422018
Dorsolateral_Prefrontal,sub-16,Gist,full,-0.06270778255115832
Dorsolateral_Prefrontal,sub-17,Gist,full,0.03397428433509819
Dorsolateral_Prefrontal,sub-18,Gist,full,0.09620754784618107
Dorsolateral_Prefrontal,sub-19,Gist,full,-0.030875685021175332
Dorsolateral_Prefrontal,sub-20,Gist,full,0.11217806051184323
Dorsolateral_Prefrontal,sub-01,Gist,semipartial,0.00877757919408239
Dorsolateral_Prefrontal,sub-02,Gist,semipartial,0.05006312822669675
Dorsolateral_Prefrontal,sub-03,Gist,semipartial,-0.007807759076135446
Dorsolateral_Prefrontal,sub-04,Gist,semipartial,-0.08850322305282445
Dorsolateral_Prefrontal,sub-05,Gist,semipartial,-0.035697040957893826
Dorsolateral_Prefrontal,sub-06,Gist,semipartial,-0.002013874076396263
Dorsolateral_Prefrontal,sub-07,Gist,semipartial,-0.0765764409212114
Dorsolateral_Prefrontal,sub-08,Gist,semipartial,-0.04972785603584766
Dorsolateral_Prefrontal,sub-09,Gist,semipartial,-0.045599860366281116
Dorsolateral_Prefrontal,sub-10,Gist,semipartial,-0.04545637086276031
Dorsolateral_Prefrontal,sub-11,Gist,semipartial,-0.030753096172810503
Dorsolateral_Prefrontal,sub-12,Gist,semipartial,0.01518029107525601
Dorsolateral_Prefrontal,sub-13,Gist,semipartial,-0.007627222501728615
Dorsolateral_Prefrontal,sub-14,Gist,semipartial,-0.018780474037569033
Dorsolateral_Prefrontal,sub-15,Gist,semipartial,-0.039912572004056485
Dorsolateral_Prefrontal,sub-16,Gist,semipartial,-0.0609733464807776
Dorsolateral_Prefrontal,sub-17,Gist,semipartial,0.034182660243185704
Dorsolateral_Prefrontal,sub-18,Gist,semipartial,0.09947866360693726
Dorsolateral_Prefrontal,sub-19,Gist,semipartial,-0.029690083288079094
Dorsolateral_Prefrontal,sub-20,Gist,semipartial,0.1101842477561864
